Name,Code,Factoid ID,Location,Pleiades,Geonames,Source,Source loc,Description in PBW,Releven formula,RELEVEN location type,Date,Dating authority,Outside source,Notes
Walter,4001,431489,Constantinople,https://pleiades.stoa.org/places/520998,,Albert of Aachen,I.6,Constantinople: was well received by Alexios 001 at Constantinople, Walter 4001: Constantinople: Specifies presence ,Specifies presence,J 1096,Albert of Aachen,,
Hugh,4001,431555,Constantinople,https://pleiades.stoa.org/places/520998,,Albert of Aachen,II.7,Constantinople: was imprisoned by <Alexios 1> in Constantinople,Hugh 4001: Constantinople: Specifies presence ,Specifies presence,,,,
Clarembald,4001,431556,Constantinople,https://pleiades.stoa.org/places/520998,,Albert of Aachen,II.7,Constantinople: was imprisoned by Alexios 001 in Constantinople,Clarembald 4001: Constantinople: Specifies presence ,Specifies presence,,,,
Drogo,4001,431557,Constantinople,https://pleiades.stoa.org/places/520998,,Albert of Aachen,II.7,Constantinople: was imprisoned by Alexios 001 in Constantinople,Drogo 4001: Constantinople: Specifies presence ,Specifies presence,,,,
William,4006,431561,Constantinople,https://pleiades.stoa.org/places/520998,,Albert of Aachen,II.9,Constantinople: was probably imprisoned in Constantinople,William 4006: Constatinople: Does not specify presence ,Does not specify presence,,,,
Ridwan,4001,431658,Aleppo,https://pleiades.stoa.org/places/658409,,Albert of Aachen,IV.2,Aleppo: was ruler of Aleppo,Ridwan 4001: Aleppo: Specifies presence,Specifies presence,,,,
Hugh,26109,443000,St Abraham (Hebron),,,Albert of Aachen,ix.48,St Abraham (Hebron): was lord of St Abraham (Hebron),Hugh 26109: St Abraham (Hebron): Specifies presence (Digntiy) ,Dignity,J 1105,Albert of Aachen,,
Anselm,26102,431824,Constantinople,https://pleiades.stoa.org/places/520998,,Albert of Aachen,VIII.24,Constantinople: died in Constantinople,Anselm 26102: Constantinople: Specifies presence ,Specifies presence,J 1101,Albert of Aachen,,
Anselm,26102,431806,Constantinople,https://pleiades.stoa.org/places/520998,,Albert of Aachen,VIII.4,Constantinople: Blachernai: could not prevent the Lombards from outside the city attacking  Blachernai,"Anselm 26102: Constantinople, Blachernai: Does not specify presence ",Does not specify presence,J 1101,Albert of Aachen,,
Albert,26102,431807,Constantinople,https://pleiades.stoa.org/places/520998,,Albert of Aachen,VIII.4,Constantinople: Blachernai: could not prevent the Lombards from outside the city attacking  Blachernai,"Albert 26102: Constantinople, Blachernai: Does not specify presence ",Does not specify presence,J 1101,Albert of Aachen,,
Anonymus,26149,431808,Constantinople,https://pleiades.stoa.org/places/520998,,Albert of Aachen,VIII.4,Constantinople: Blachernai: was killed in an attack by the Lombard crusaders on  Blachernai,"Anonymus 26149: Constantinople, Blachernai: Specifies presence ",Specifies presence,J 1101,Albert of Aachen,,
Cocosander,26101,443133,Lagabria (unidentified),,,Albert of Aachen,XII.19,Lagabria (unidentified): was said to come from the town of Lagabria,Cocosander 26101:Lagabria (unidentified): Does not specify presence ,Does not specify presence,,,,
Zachakios,101,225907,Arke,,,Alexios Stoudites,13.16,Arke: was bishop of Arke,Zachakios 101: Arke: Specifies presence (Dignity),Dignity,,,,
Niketas,141,225942,Bizye (Thrace),https://pleiades.stoa.org/places/511190,,Alexios Stoudites,"20.10, Rhalles-Potles 5.32",Bizye (Thrace): was archbishop of Bizye (Thrace),Niketas 141: Bizye (Thrace): Specifies presence  (Dignity),Dignity,,,,
Alexios,11,225901,Constantinople,https://pleiades.stoa.org/places/520998,,Alexios Stoudites,"8.1, 25.1, 47, VV 12.516",Constantinople: was archbishop (patriarch) of Constantinople,Alexios 11: Constantinople: Specifies presence  (Dignity),Dignity,,,,
Sulayman,5000,433158,Drakon river,,,Anna Komnene,116.96,Drakon river: had his boundary with Byzantium fixed at the Drakon river,Sulayman 5000: Dracon River: Does not specify presence  //// Correction //// Alexios 1: Dracon River: Specifies presence ,Specifies presence,J 1081,Anna Komnene,,
Robert,61,433168,Glossa (headland opposite Kerkyra),,,Anna Komnene,117.38,Glossa (headland opposite Kerkyra): suffered severely in a storm near Glossa,Robert 61: Glossa: Specifies presence near,Specifies presence near,J 1081,Anna Komnene,,
Anonymus,690,433178,Epidamnos,,,Anna Komnene,119.84,Epidamnos: he claimed to have camped with <Robert 61> around the ruins of the ancient city of Epidamnos,Anonymous envoy from Bishop of Bari: Epidamnus: Specifies presence ,Specifies presence,J 1081,Anna Komnene,,
Bohemond,61,433209,Pallia (near Dyrrachion): church of the Theotokos,,,Anna Komnene,123.91-92,Pallia (near Dyrrachion): church of the Theotokos: was defeated by the Venetians near the church of the Theotokos,"Bohemond 61: Pallia (near Dyrrachion), church of the Theotokos: Specifies presence near",Specifies presence near,J 1081 June,Anna Komnene,,June of fourth indiction
Robert,61,433220,Glykys (river in Epiros),,,Anna Komnene,125.61,Glykys (river in Epiros): was blockaded in his camp on the river Glykys,Robert 61: River Glykys (river in Epiros): Specifies presence,Specifies presence,J 1081,Anna Komnene,,
Alexios,1,433253,Dyrrachion: Hagios Nikolaos,,,Anna Komnene,129.86,Dyrrachion: Hagios Nikolaos: looked for a battle-ground near Hagios Nikolaos (four stades from the city),Alexios 1: Hagios Nikolaos (four miles from Dyrrachion): Specifies presence ,Specifies presence,"J 1081, 15th October ",Anna Komnene,, 15th October of the fifth indiction
Robert,61,433277,Dyrrachion: Hagios Theodoros,,,Anna Komnene,132.79-80,Dyrrachion: Hagios Theodoros: took communion before the battle at Hagios Theodoros,Robert 61: Hagios Theodoros (near Dyrrachion): Specifies presence ,Specifies presence,"J 1081, 18th October ",Anna Komnene,, 18th October of the fifth indiction
Nampites,8101,433301,Dyrrachion: Church of Archangel Michael,,,Anna Komnene,134.41-46,Dyrrachion: Church of Archangel Michael: His troops were massacred and the survivors burned in the church of the Archangel Michael,Nampites 8101: Church of Archangel Michael (near Dyrrachion): Specifies presence ,Specifies presence,J 1081,Anna Komnene,,
Alexios,1,433307,Kake Pleura (near Dyrrachion),,,Anna Komnene,136.11,Kake Pleura (near Dyrrachion): his horse miraculously leapt up a crag at Kake Pleura,Alexios 1: Kake Pleura (near Dyrrachion): Specifies presence ,Specifies presence,J 1081,Anna Komnene,,
Leon,114,433393,Constantinople: Theotokos at the Chalkoprateia,,,Anna Komnene,145.19-22,Constantinople: Theotokos at the Chalkoprateia: complained at the removal of silver and gold from the doors of the church of the Theotokos at Chalkoprateia,Leon 114: Theotokos at Chalkoprateia (Constantinople): Specifies presence  ,Specifies presence,J 1081-82 TIQ,Anna Komnene,,
Leon,114,433399,"Sozopolis (Bulgaria, on the Black Sea)",https://pleiades.stoa.org/places/216706,,Anna Komnene,146.55,"Sozopolis (Bulgaria, on the Black Sea): was exiled to Sozopolis",Leon 114: Sozopolis (Bulgaria on Black sea): Specifies presence ,Specifies presence,J 1081-82 TIQ,Anna Komnene,,
Alexios,1,372935,Constantinople,https://pleiades.stoa.org/places/520998,,Anna Komnene,146.72,Constantinople: left <Gregorios 61> in charge in the West and returned to Constantinople,Alexios 1: Constantinople: Specifies presence at the capital (Constantinople) ,Specifies presence,J 1081-82 TIQ,Anna Komnene,,
Alexios,1,372940,Constantinople,https://pleiades.stoa.org/places/520998,,Anna Komnene,153.67,Constantinople: was defeated twice by <Bohemond 61> and returned to Constantinople,Alexios 1: Constantinople: Specifies presence at the capital (Constantinople),Specifies presence,"J 1082, After May ",Anna Komnene,,After 'the month of may'
Alexios,1,372941,Constantinople,https://pleiades.stoa.org/places/520998,,Anna Komnene,154.20-21,Constantinople: left Constantinople,Alexios 1: Constantinople: Specifies presence ,Specifies presence,J 1083,Anna Komnene,,
Alexios,1,433436,Kissabos (mountain),,,Anna Komnene,154.23,"Kissabos (mountain): on the way to Larissa, passed Mt Kissabos",Alexios 1: Kissabos Mountain: Specifies presence ,Specifies presence,J 1083,Anna Komnene,,passed by on way to Larissa
Alexios,1,433437,Gardens of Delphinas,,,Anna Komnene,154.28-15529,Gardens of Delphinas: Reached Trikala via the Gardens of Delphinas,Alexios 1: Gardens of Delphinas: Specifies presence ,Specifies presence,J 1083,Anna Komnene,,passed by on way to Trikala
Bohemond,61,433452,Lykostomion,,,Anna Komnene,156.80,Lykostomion: suffered a defeat at (and made Greek puns on) Lykostomion,This entry does not appear to correpsond to translated text,Unclear,,,,
Alexios,1,433453,Lykostomion,,,Anna Komnene,156.80,Lykostomion: won a victory at Lykostomion,Correction: Alexios 1: Larissa: Specifies presence near ,Specifies presence near,J 1083,Anna Komnene,,
Alexios,1,433460,Libotanion (gorge near Larissa),,,Anna Komnene,157.86,"Libotanion (gorge near Larissa): on his way to an ambush, passed through the gorge of Libotanion",Alexios 1: The pass of Libotanion (near Larissa): Specifies presence ,Specifies presence,J 1083,Anna Komnene,,passed through on way to ambush
Alexios,1,433461,Rebenikon (near Larissa),,,Anna Komnene,157.87,"Rebenikon (near Larissa): on his way to an ambush, passed through Rebenikon",Alexios 1: Rebenikon (near Larissa): Specifies presence ,Specifies presence,J 1083,Anna Komnene,, passed by on way to ambush
Alexios,1,433459,Allage (near Larissa),,,Anna Komnene,157.87-88,"Allage (near Larissa): on his way to an ambush, passed through Allage",Alexios 1: Allage (near Larissa): Specifies presence,Specifies presence,J 1083,Anna Komnene,,", passed by on way to ambush"
Bohemond,61,433476,Palace of Domenikos (ravine near Larissa),,,Anna Komnene,159.70-71,Palace of Domenikos (ravine near Larissa): camped in the ravine of the Palace of Domenikos,Bohemond 61: Palace of Domenikos (a plain by Larissa): Specifies presence ,Specifies presence,J 1083,Anna Komnene,,
Alexios,1,372949,Constantinople,https://pleiades.stoa.org/places/520998,,Anna Komnene,161.28,Constantinople: defeated <Bohemond 61> at Larissa and returned to Constantinople,Alexios 1: Constantinople: Specifies presence at Queen of Cities (Constantinople),Specifies presence,,,,
Alexios,1,433496,Moliskos (near Kastoria),,,Anna Komnene,168.24,Moliskos (near Kastoria): carried small boats to attack Kastoria on waggons from Moliskos,Alexios 1: Moliskos (near Kastoria): Does not specify presence,Does not specify presence,-,,,
Alexios,1,433505,Kastoria: Hagios Georgios,,,Anna Komnene,169.51,Kastoria: Hagios Georgios: Norman counts deserting to him were to meet at Hagios Georgios,Alexios 1: Hagios Georgios (Kastoria): Specifies presence ,Specifies presence,,,,to accept allegience of Norman counts 
Alexios,1,372911,Constantinople,https://pleiades.stoa.org/places/520998,,Anna Komnene,17.78,Constantinople: stopped to rest at his grandfather's town (Kastamon) during his journey to Constantinople,Alexios 1 : Kastamon: Specifies presence ,Specifies presence,,,, on way to Royal City (Assertion: Constantinople)
Alexios,1,372951,Constantinople,https://pleiades.stoa.org/places/520998,,Anna Komnene,171.11,Constantinople: returned from Mosynopolis to Constantinople,Alexios 1: Constantinople: Specifies presence at Queen of Cities (Constantinople),Specifies presence,,,,
Traulos,101,433538,Glabinitza (near Dyrrachion),,,Anna Komnene,174.4-5,Glabinitza (near Dyrrachion): won over the chiefs of the Pechenegs living around Glabinitza,Traulos 101: Glabinitza (near Dyrrachion): Specifies presence ,Specifies presence,,,,met with Scythians (Pechenges)
Traulos,101,433528,Beliatoba (near Philippoupolis),,,Anna Komnene,174.93,Beliatoba (near Philippoupolis): began riding from a mountain fort called Beliatoba,Traulos 101: Beliatoba (near Philippopolis): Specifies presence ,Specifies presence,,,,
Robert,61,433579,Kassope (Kerkyra),,,Anna Komnene,177.72,Kassope (Kerkyra): was defeated by the Venetians in a sea-battle at Kassope,Robert 61: Kasspoe (Kerkyra): Specifies presence ,Specifies presence,,,,where he was defeated by Venetian fleet
Alexios,1,433593,Venice: St Mark's,,https://www.geonames.org/7535507,Anna Komnene,178.30,"Venice: St Mark's: benefited many Venetian churches with gifts, especially St Mark's",Alexios 1: Venice: Does not specify presence,Does not specify presence,,,,
Alexios,1,433594,Constantinople: Quay of the Jews (old),,,Anna Komnene,179.32,Constantinople: Quay of the Jews (old): defined the concession made to the Venetians (at one end) by the Old Quay of the Jews,Alexios 1: Old Quay of Jews (Constantinople): Does not specify presence,Does not specify presence,,,,
Alexios,1,433595,Constantinople: Vigla,,,Anna Komnene,179.33,Constantinople: Vigla: defined the concession made to the Venetians (at one end) by the Vigla,Alexios 1: Vigla: Does not specify presence,Does not specify presence,,,,
Robert,61,433598,Kephallenia: Ather (promontory),,,Anna Komnene,179.48,Kephallenia: Ather (promontory): died near Ather,Robert 61: Ather promontory (Kephallenia): Specifies presence near,Specifies presence near,J 1085,Anna Komnene,,In the 25th year of his reign
Robert,61,433603,Venosa (Apulia-Calabria border),,,Anna Komnene,180.74,Venosa (Apulia-Calabria border): was buried in the family tomb at Venosa,Robert 61: Venosa (Apulia-Calabria border): Specifies presence  (buried there),Specifies presence,,,,
Alexios,1,372954,Constantinople,https://pleiades.stoa.org/places/520998,,Anna Komnene,183.79,Constantinople: returned victorious to Constantinople,Alexios 1: Conatantinople: Specifies presence ,Specifies presence,"J 1083, December ",Anna Komnene,,In December of the seventh Indiction
Abul-Kasim,15001,433720,"Halykai (or Kyparission, Bithynia)",,,Anna Komnene,190.16,"Halykai (or Kyparission, Bithynia): transferred shipbuilding operations to Halykai",Abul-Kasim 15001: Halykai or Kyparission (Bithynia): Does not specify presence,Does not specify presence,J 1093,Anna Komnene,,
Abul-Kasim,15001,433721,"Kyparission (or Halykai, Bithynia)",,,Anna Komnene,190.16,"Kyparission (or Halykai, Bithynia): transferred shipbuilding operations to Kyparission","' same as above""",Specifies presence,J 1093,Anna Komnene,,
Abul-Kasim,15001,433729,Constantinople,https://pleiades.stoa.org/places/520998,,Anna Komnene,191.48,"Constantinople: to allow the construction of Kibotos, he was hospitably entertained in Constantinople",Abul-Kasim 15001: Constantinople: Specifies presence ,Specifies presence,J 1093,Anna Komnene,,
Alexios,1,433737,Hagios Georgios (fortress on the Lake of Nicaea),,,Anna Komnene,194.28-29,Hagios Georgios: sent forces which reached Hagios Georgios,Alexios 1: Hagios Georgios: Does not speciy presence,Does not specify presence,,,,
Basileios,61,372890,Constantinople,https://pleiades.stoa.org/places/520998,,Anna Komnene,195.93,Constantinople: was sent on an embassy to <Malik-Shah 51> from Constantinople,Basileios 61: Constantinople: Specifies presence ,Specifies presence,,,,
Gregorios,61,433837,Beliatoba (near Philippoupolis),,,Anna Komnene,200.44,Beliatoba (near Philippoupolis): died in battle near Beliatoba,Gregorios 61: Beliatoba (near Philippoupolis): Specifies presence ,Specifies presence,J 1086,Anna Komnene,,
Tatikios,61,433841,Red Bank (on the Maritza),,,Anna Komnene,201.80,Red Bank (on the Maritza): won a victory over the Pechenegs at Red Bank,Tatikios 61: Red Bank (on the Maritza): Specifies presence ,Specifies presence,J 1086,Anna Komnene,,
Nikolaos,15002,373065,Constantinople,https://pleiades.stoa.org/places/520998,,Anna Komnene,204.34,Constantinople: returned from Koule after victory against the Pechenegs to receive gifts and honours from the emperor in Constantinople,Nikolaos 15002: Constantinople: Specifies presence ,Specifies presence,J 1087  Spring ,Anna Komnene,,"At the approach of spring,"
Alexios,1,372971,Beroe (Thrace),,,Anna Komnene,214.54,Beroe: to ransom captives taken by the Pechenegs moved to Beroe,Alexios 1: Beroe (Thrace): Specifies presence,Specifies presence,,,,
Alexios,1,372972,Beroe (Thrace),,,Anna Komnene,216.3,Beroe: was informed by <Nikephoros 115> of ransoms demanded by the Pechenegs for Byzantine captives whilst waiting at Beroe,Alexios 1: Beroe (Thrace): Specifies presence ,Specifies presence,,,,
Alexios,1,372974,Beroe (Thrace),,,Anna Komnene,218.50,Beroe: remained to collect his troops together at Beroe,Alexios 1:  Beroe (Thrace): Specifies presence ,Specifies presence,,,,
Robert,103,433854,Beroe (Thrace),,,Anna Komnene,218.50,Beroe (Thrace): met <Alexios 1> at Beroe,Robert 103: Beroe (Thrace): Specifies presence ,Specifies presence,,,,and met Alexios 1
Alexios,1,433855,Beroe (Thrace),,,Anna Komnene,218.50,Beroe (Thrace): met <Robert 103> at Beroe,Alexios 1:  Beroe (Thrace):  Specifies presence ,Specifies presence,,,,and met Robert 103
Alexios,1,433869,Taurokomos (Thrace),https://pleiades.stoa.org/places/222199,,Anna Komnene,220.19,Taurokomos (Thrace): watched the Pechenegs as they wintered at Taurokomos,Alexios 1:  Taurokomos (Thrace): Does not specify presence ,Does not specify presence,,,,
Tzachas,61,433914,Klazomenai,,,Anna Komnene,222.75,Klazomenai: stormed Klazomenai,Tzachas 61: Klazomenai : Specifies presence ,Specifies presence,,,,
Konstantinos,15019,433916,Bolissos (Chios),,,Anna Komnene,224.57,Bolissos (Chios): planned to move his fleet to Bolissos,Konstantinos 15019: Bolissos (Chios): Does not specify presence ,Does not specify presence,,,,
Alexios,1,372986,Constantinople,https://pleiades.stoa.org/places/520998,,Anna Komnene,227.38,Constantinople: heard that the Pechenegs were threatening Rousion and immediately left Constantinople,Alexios 1: Constantinople: Specifies presence ,Specifies presence,,,,
Neantzes,15001,433926,Hades (Thrace),,,Anna Komnene,227.57,Hades (Thrace): betrayed <Alexios 1> at the battle of Hades,Neantzes 15001: Hades (Thrace): Specifies presence,Specifies presence,,,,left  after hearing Pechenegs were threatening Rousion
Monastras,15001,433959,Aspron (near Raidestos),,,Anna Komnene,229.35,Aspron (near Raidestos): returned to Rousion via Aspron,Monastras 15001: Rousion: Specifies presence ,Specifies presence,,,, having arrived via Aspron
Ouzas,15001,433961,Aspron (near Raidestos),,,Anna Komnene,229.35,Aspron (near Raidestos): returned to Rousion via Aspron,Ouzas 15001: Rousion: Specifies presence,Specifies presence,,,, having arrived via Aspron
Synesios,15001,433963,Aspron (near Raidestos),,,Anna Komnene,229.35,Aspron (near Raidestos): Returned to Rousion via Aspron,Synesios 15001: Rousion: Specifies presence ,Specifies presence,,,, having arrived via Aspron
Alexios,1,434005,Bathys Ryax (near Constantinople): church of St Theodoros,,,Anna Komnene,241.57-59,Bathys Ryax (near Constantinople): church of St Theodoros: could not even protect pilgrims going to the church of St Theodoros,Alexios 1: Bathys Ryax (near Constantinople): Does not specify presence ,Does not specify presence,-,,,
Tzachas,61,434010,Krithai (on the Thracian Chersonesos),,,Anna Komnene,241.78,Krithai (on the Thracian Chersonesos): promised mercenaries rich rewards when he took Krithai,Tzachas 61: Krithai (on the Thracian Chersonesos): Does not specify presence ,Does not specify presence,,,,
Alexios,1,434049,Philokales (ford near Lebounion),,,Anna Komnene,245.94,Philokales (ford near Lebounion): crossed to his new camp at Lebounion via the ford of Philokales,Alexios 1: Philokales (ford near Lebounion): Specifies presence ,Specifies presence,,,,
Alexios,1,434079,Kala Dendra (18 stades from Choirenoi),,,Anna Komnene,250.57,Kala Dendra (18 stades from Choirenoi): to avoid the stench of corpses went to Kala Dendra,Alexios 1: Kala Dendra (18 stades from Choirenoi): Specifies presence ,Specifies presence,,,,
Nikephoros,115,434080,Kala Dendra (18 stades from Choirenoi),,,Anna Komnene,250.57,Kala Dendra (18 stades from Choirenoi): met <Alexios 1> on the way to Kala Dendra,Nikephoros 115: Kala Dendra (18 stades from Choirenoi): Specifies presence ,Specifies presence,,,,
Isaakios,61,434148,Marmara: Hagios Phokas,,,Anna Komnene,256.59,Marmara: Hagios Phokas: entertained <Theodoros 6003> in a beautiful house near Hagios Phokas,Isaakios 61: Hagios Phokas (in a suburb situated on Marmara): Specifies presence ,Specifies presence,,,,
Theodoros,6003,434155,Aiginoupolis (Paphlagonia),,,Anna Komnene,257.79,Aiginoupolis (Paphlagonia): was caught in his escape between Karambis and Aiginoupolis,"Theodoros 6003: Aiginoupolis (Paphlagonia, near to a town named Carambis): Specifies presence near",Specifies presence near,,,,
Theodoros,6003,434156,Karambis (Paphlagonia),,,Anna Komnene,257.79-80,Karambis (Paphlagonia): was caught during his escape between Aiginoupolis and Karambis,Theodoros 6003: Karambis (Paphlagonia):  Specifies presence near,Specifies presence near,,,,
Anonymus,700,434191,Constantinople,https://pleiades.stoa.org/places/520998,,Anna Komnene,259.51,Constantinople: was on leave from Mitylene in Constantinople,Anonymus 700: Constantinople: Specifies presence,Specifies presence,,,,
Ioannes,65,373082,Constantinople,https://pleiades.stoa.org/places/520998,,Anna Komnene,261.31,Constantinople: returned from Mitylene to Constantinople,Ioannes 65: Constantinople: Specifies presence ,Specifies presence,,,,
Anonymus,418,434227,"Nemesos (Lemesos, Cyprus)",,,Anna Komnene,263.69,"Nemesos (Lemesos, Cyprus): was arrested near Nemesos","Anonymus 418: Nemesos (Lemesos, Cyprus): Specifies presence near ",Specifies presence near,,,,
Manuel,62,434228,"Nemesos (Lemesos, Cyprus)",,,Anna Komnene,263.69,"Nemesos (Lemesos, Cyprus): arrested <Anonymus 418> near Nemesos","Manuel 62: Nemesos (Lemesos, Cyprus): Specifies presence near ",Specifies presence near,,,,
Bolkanos,15001,434279,Sphentzanion (Dalmatian border),,,Anna Komnene,266.61,Sphentzanion (Dalmatian border): sent envoys to <Alexios 1> from Sphentzanion,Bolkanos 15001: Sphentzanion (Dalmatian border): Specifies presence ,Specifies presence,,,,
Bolkanos,15001,434298,"Branea (mountainous area, Macedonia)",,,Anna Komnene,267.12,"Branea (mountainous area, Macedonia): raided as far as Branea","Bolkanos 15001: Branea (mountainous area, Macedonia): Specifies presence ",Specifies presence,,,,
Alexios,1,434301,Daphnoution,,,Anna Komnene,268.23,"Daphnoution: on his way to Dalmatia, stopped at Daphnoution",Alexios 1: Daphnoution: Specifies presence ,Specifies presence,,,,
Nikephoros,64,434303,Daphnoution,,,Anna Komnene,268.23,Daphnoution: made an attempt on <Alexios 1>'s life at Daphnoution, Nikephoros 64: Daphnoution: Specifies presence ,Specifies presence,,,,
Arsakes,15001,372899,Constantinople,https://pleiades.stoa.org/places/520998,,Anna Komnene,282.30,Constantinople: was a member of a group of Armenians conducting conversations with <Neilos 15001> in Constantinople,Arsakes 15001: Constantinople: Specifies presence ,Specifies presence,,,, met with Neilos 15001
Tikranes,15001,372900,Constantinople,https://pleiades.stoa.org/places/520998,,Anna Komnene,282.30,Constantinople: was a member of a group of Armenians conducting conversations with <Neilos 15001> in Constantinople,Tikranes 15001: Constantinople: Specifies presence ,Specifies presence,,,, met with Neilos 15001
Ioannes,117,434492,Beroe (Thrace),,,Anna Komnene,286.45,Beroe (Thrace): was sent to protect the neighbourhood of Beroe,Ioannes 117: Beroe (Thrace): Specifies presence ,Specifies presence,,,,
Nikephoros,115,434493,Beroe (Thrace),,,Anna Komnene,286.45,Beroe (Thrace): was sent to protect the neighbourhood of Beroe,Nikephoros 115: Beroe (Thrace): Specifies presence ,Specifies presence,,,,
Georgios,61,434499,Beroe (Thrace),,,Anna Komnene,286.45,Beroe (Thrace): was sent to protect the neighbourhood of Beroe,Georgios 61: Beroe (Thrace): Specifies presence ,Specifies presence,,,,
Alexios,1,434505,Chortarea (pass through Balkan Mts),,,Anna Komnene,286.50-51,Chortarea (pass through Balkan Mts): went to the pass of Chortarea,Alexios 1: Chortarea (pass through Balkan Mts): Specifies presence,Specifies presence,,,,
Konstantinos,123,434548,Kalathades (near Adrianople),,,Anna Komnene,289.54,Kalathades (near Adrianople): attacked Adrianople from the direction of Kalathades,Konstantinos 123: Kalathades (near Adrianople): Does not specify presence ,Does not specify presence,,,,
Kitzes,101,434588,Taurokomos (Thrace),https://pleiades.stoa.org/places/222199,,Anna Komnene,293.74,Taurokomos (Thrace): gathered all his booty on a ridge at Taurokomos,Kitzes 101: Taurokomos (Thrace): Specifies presence ,Specifies presence,,,,
Alexios,1,434591,Adrianople (Thrace): House of Silvestros,https://pleiades.stoa.org/places/5014275,,Anna Komnene,294.14-15,Adrianople (Thrace): House of Silvestros: spent several days at the house of Silvestros,Alexios 1: House of Silvestros (Adrianople): Specifies presence ,Specifies presence,,,,
Alexios,1,434602,Skoutarion (near Adrianople),,,Anna Komnene,294.27,Skoutarion (near Adrianople): ordered his army to gather at Skoutarion,Alexios 1: Skoutarion (near Adrianople): Specifies presence ,Specifies presence,,,,
Alexios,1,434603,Agathonike  (near Adrianople),,,Anna Komnene,294.28,"Agathonike  (near Adrianople): before defeating the Cumans, his army moved to Agathonike",Alexios 1: Agathonike  (near Adrianople): Specifies presence ,Specifies presence,,,,
Alexios,1,434605,Avrilevo  (near Adrianople),,,Anna Komnene,294.29,Avrilevo  (near Adrianople): decisively defeated the Cumans near Avrilevo,Alexios 1: Avrilevo (near Adrianople): Specifies presence near ,Specifies presence near,,,,
Petros,61,434624,Xerigordos (Bithynia),,,Anna Komnene,300.11-12,Xerigordos (Bithynia): German militants from his army captured Xerigordos,Petros 61: Xerigordos (Bithynia): Does not specify presence,Does not specify presence,,,,
Elchanes,15002,434625,Drakon river,,,Anna Komnene,300.30,Drakon river: massacred the People's Crusade near the Drakon river,Elchanes 15002: Drakon river: Specifies presence ,Specifies presence,,,,
Manuel,62,373099,Constantinople,https://pleiades.stoa.org/places/520998,,Anna Komnene,303.17,Constantinople: was sent to escort Oubos (<Hugh 4001>) from Dyrrachion to Constantinople,Manuel 62: Epindamnus (Dyrrachium): Specifies presence ,Specifies presence,,,,
Bohemond,61,373054,Constantinople,https://pleiades.stoa.org/places/520998,,Anna Komnene,317.21,Constantinople: took only ten counts with him when meeting <Alexios 1> at Constantinople,Bohemond 61: Constantinople: Specifies presence ,Specifies presence,,,,
Raymond,61,435261,Nicaea: tower of Gonates,,,Anna Komnene,324.63,Nicaea: tower of Gonates: made a special attack on the tower of Gonates,Raymond 61: Nicaea: tower of Gonates: Specifies presence ,Specifies presence,,,,
Alexios,1,435276,Mesampela,,,Anna Komnene,325.98,Mesampela: camped for the siege of Nicaea at Pelekanos near Mesampela,Alexios 1: Pelekanos near Mesampela: Specifies presence near,Specifies presence near,,,,
Alexios,1,444013,Hagios Georgios (fortress on the Lake of Nicaea),,,Anna Komnene,326.28-29,"Hagios Georgios (fortress on the Lake of Nicaea): in the crusader siege of Nicaea, used Hagios Georgios ",Alexios 1: Hagios Georgios (fortress on the Lake of Nicaea): Does not specify presence,Does not specify presence,,,,
Manuel,62,435291,Hagios Georgios (fortress on the Lake of Nicaea),,,Anna Komnene,327.81-82,Hagios Georgios (fortress on the Lake of Nicaea): allowed Turks from Nicaea to go to Hagios Georgios,Manuel 62: Hagios Georgios (fortress on the Lake of Nicaea): Does not specify presence,Does not specify presence,,,,
Bohemond,61,435327,Leukai (on the Sangarios),,,Anna Komnene,330.80,Leukai (on the Sangarios): took over the vanguard of the crusader army at Leukai,Bohemond 61: Leukai (on the Sangarios): Specifies presence ,Specifies presence,,,,
Bohemond,61,435335,Augoustopolis (Phrygia),,,Anna Komnene,331.13,Augoustopolis (Phrygia): fought another battle against the Turks at Augoustopolis [very unlikely],Bohemond 61: Augoustopolis (Phrygia): Specifies presence ,Specifies presence,,,,
Asan,15001,372885,Hebraike (borders of Phrygia and Galatia),,,Anna Komnene,331.2,Hebraike (borders of Phrygia and Galatia): opposed <Bohemond 61> at the battle of Hebraike [probably a much later battle],Asan 15001: Hebraike (borders of Phrygia and Galatia): Specifies presence ,Specifies presence,,,,
Danishmend,101,372898,Hebraike (borders of Phrygia and Galatia),,,Anna Komnene,331.2,Hebraike (borders of Phrygia and Galatia): opposed <Bohemond 61> at the battle of Hebraike [probably a much later battle],Danishmend 101: Hebraike (borders of Phrygia and Galatia): Specifies presence ,Specifies presence,,,,
Bohemond,61,373060,Hebraike (borders of Phrygia and Galatia),,,Anna Komnene,331.2,"Hebraike (borders of Phrygia and Galatia): met and defeated the forces of <Danishmend 101>, <Asan 15001> and <Kilic Arslan 51> at Hebraike [probably a much later battle]",Bohemond 61: Hebraike (borders of Phrygia and Galatia): Specifies presence ,Specifies presence,,,,
Tatikios,61,435597,"Soudi (St Symeon), port of Antioch",,,Anna Komnene,333.53,"Soudi (St Symeon), port of Antioch: left Antioch for Cyprus via Soudi","Tatikios 61: Soudi (St Symeon), port of Antioch: Specifies presence ",Specifies presence,,,, left for Cyprus
Tangripermes,15001,435351,Ephesos: basilica of Hagios Ioannes,,,Anna Komnene,335.26-27,Ephesos: basilica of Hagios Ioannes: ruled in the city where there was the old basilica of St Ioannes,Tangripermes 15001: Ephesos: Specifes presence,Specifies presence,,,,
Amerimnes,15001,372908,Cairo,,,Anna Komnene,342.46-47,Cairo: lived in Cairo,Amerimnes 15001: Cairo: Specifies presence,Specifies presence,,,,
Raymond,61,435400,"Baniyas (Valania, near Laodikeia)",https://pleiades.stoa.org/places/668206,,Anna Komnene,343.85,"Baniyas (Valania, near Laodikeia): was told by <Alexios 1> to negotiate with <Eumathios 102> over Baniyas (Valania, near Laodikeia)",Does not specify presence ,Does not specify presence,,,,
Eumathios,102,435401,"Baniyas (Valania, near Laodikeia)",https://pleiades.stoa.org/places/668206,,Anna Komnene,343.85,"Baniyas (Valania, near Laodikeia): was to send his men to take over Baniyas (Valania, near Laodikeia)",Does not specify presence,Does not specify presence,,,,
Alexios,1,435402,"Baniyas (Valania, near Laodikeia)",https://pleiades.stoa.org/places/668206,,Anna Komnene,343.85,"Baniyas (Valania, near Laodikeia): told <Raymond 61> to negotiate with <Eumathios 102> over Baniyas (Valania, near Laodikeia)",Does not specify presence,Does not specify presence,,,,
Albert,26102,372999,Constantinople,https://pleiades.stoa.org/places/520998,,Anna Komnene,346.49,Constantinople: arrived with Norman (?) troops at Constantinople,Albert 26102: Constantinople: Specifies presence,Specifies presence,,,,
Guy,26101,435435,Constantinople,https://pleiades.stoa.org/places/520998,,Anna Komnene,346.49,Constantinople: arrived with Norman (?) troops at Constantinople ,Guy 26101: Constantinople: Specifies presence however,Specifies presence,,,,
Landulf,20101,435523,Knidos,,,Anna Komnene,351.28,Knidos: Sailed to Knidos,Landulf 20101: Knidos: Specifies presence ,Specifies presence,,,,
Landulf,20101,435534,Seutlos (near Rhodes),,,Anna Komnene,352.58,"Seutlos (near Rhodes): after the battle, put into the small island of Seutlos",Landulf 20101: Seutlos (near Rhodes): Specifies presence,Specifies presence,,,,
Tatikios,61,435545,Syke (Cilicia),,,Anna Komnene,352.89,Syke (Cilicia): saved his part of the fleet from destruction by a storm near Syke,Tatikios 61: Syke (Cilicia): Specifies presence near ,Specifies presence near,,,,
Kantakouzenos,101,435583,Argyrokastron,,,Anna Komnene,354.61,"Argyrokastron: during the siege of Laodikeia, captured Argyrokastron",Kantakouzenos 101: Argyrokastron: Specifies presence,Specifies presence,,,,
Kantakouzenos,101,435584,Marchapin,,,Anna Komnene,354.61,"Marchapin: during the siege of Laodikeia, captured Marchapin",Kantakouzenos 101: Marchapin: Specifies presence,Specifies presence,,,,
Bohemond,61,435598,"Soudi (St Symeon), port of Antioch",,,Anna Komnene,356.24,"Soudi (St Symeon), port of Antioch: Left Antioch in a coffin from Soudi","Bohemond 61: Soudi (St Symeon), port of Antioch: Specifies presence",Specifies presence,,,,
Bohemond,61,435616,Genoa,,,Anna Komnene,359.21,"Genoa: In order to gather forces against <Alexios 1>, he visited many places, including Genoa",Bohemond 61: Genoa: Specifies presence at Genoa,Specifies presence,,,,
Alexios,1,435619,Genoa,,,Anna Komnene,359.21,"Genoa: wrote letters to places where <Bohemond 61> had gone to make propaganda against him, especially Genoa",Alexios 1: Genoa:: Does not specfy presence,Does not specify presence,,,,
Tancred,61,435638,Saron (river in Cilicia),,,Anna Komnene,363.27,"Saron (river in Cilicia): to capture Mopsuestia, sailed up the Saron [in fact the Pyramos (now the Ceyhan)]",Tancred 61: Saron (river in Cilicia): Specifies presence,Specifies presence,,,,
Alexios,1,435667,Slopimos (Macedonia),,,Anna Komnene,369.34,"Slopimos (Macedonia): in preparing to fight <Bohemond 61>, he went from Thessalonike to Slopimos",Alexios 1: Slopimos (Macedonia): Specifies presence,Specifies presence,"J 1105, September",Anna Komnene,,September of the 14th indiction
Michael,194,443379,Constantinople: prison of Anemas,,,Anna Komnene,376.74,"Constantinople: prison of Anemas: As the first person to spend a long time there, he was responsible for the name of the prison of Anemas",Michael 194: Prison of Anemas: Constantinople: Specifies presence ,Specifies presence,,,,
Anonymus,872,443380,Tebenna,,,Anna Komnene,376.83,Tebenna: was imprisoned in Tebenna,Anonymus 872: Tebenna: Specifies presence ,Specifies presence,J 1104,Anna Komnene,,The 12th Indiction 
Dabatenos,101,443384,Tebenna,,,Anna Komnene,376.83,Tebenna: was imprisoned by <Gregorios 106> at Tebenna,Dabatenos 101: Tebenna: Specifies presence ,Specifies presence,J 1104,Anna Komnene,,The 12th Indiction 
Gregorios,106,443401,Constantinople: prison of Anemas,,,Anna Komnene,377.26,Constantinople: prison of Anemas: was shut up in the prison of Anemas,Gregorios 106: Prison of Anemas: Constantinople: Specifies presence,Specifies presence,J 1106,Anna Komnene,,The 14th Indiction 
Isaakios,101,443459,Jason's Hill (lookout near Avlon),,,Anna Komnene,380.34,Jason's Hill (lookout near Avlon): kept a careful watch at Jason's Hill,Isaakios 101: Jason's Hill (lookout near Avlon): Specifies presence,Specifies presence,J 1106,Anna Komnene,,
Anonymus,875,443460,Glossa (headland opposite Kerkyra),,,Anna Komnene,381.45,Glossa (headland opposite Kerkyra): kept watch with one ship near cape Glossa,Anonymus 875: Glossa (headland opposite Kerkyra): Specifies presence ,Specifies presence,J 1106,Anna Komnene,,
Alexios,1,443469,Geranion,,,Anna Komnene,384.12,"Geranion: went to the imperial tent, erected outside the city at Geranion",Alexios 1: Geranion: Specifies presence near  ,Specifies presence near,"J 1107, November",Anna Komnene,,November of the 1st indiction
Eirene,61,443483,Psyllos (Thrace),,,Anna Komnene,385.35,Psyllos (Thrace): frustrated a Bulgarian plot by staying with <Alexios 1> as far as Psyllos,Eirene 61: Psyllos (Thrace): Specifies presence ,Specifies presence,J 1107,Anna Komnene,,Camped outside city 
Bohemond,61,443544,Dyrrachion: east gate (with the bronze horseman),,,Anna Komnene,388.43-44,Dyrrachion: east gate (with the bronze horseman): camped opposite the east gate,Bohemond 61: Dyrrachion: Specifies presence near,Specifies presence near,J 1107,Anna Komnene,,
Bohemond,61,443546,Petroula (near Dyrrachion),,,Anna Komnene,388.57,Petroula (near Dyrrachion): captured Petroula,Bohemond 61: Petroula (near Dyrrachion): Specifies presence ,Specifies presence,J 1107 ,Anna Komnene,,
Bohemond,61,443547,Mylos (near the river Diabolis),,,Anna Komnene,388.57,Mylos (near the river Diabolis): captured Mylos,Bohemond 61: Mylos (near the river Diabolis): Specifies presence ,Specifies presence,,,,
Marinos,101,443559,Naples (Italy),,,Anna Komnene,395.59,Naples (Italy): was from Naples,Marinos 101: Naples (Italy): Specifies presence ,Specifies presence,,,,
Alexandros,101,443594,Petroula (near Dyrrachion),,,Anna Komnene,397.45,Petroula (near Dyrrachion): was put in command of Petroula,Alexandros 101: Petroula (near Dyrrachion):Specifies presence ,Specifies presence,,,,
Eustathios,102,443598,"Arbanon, Arbana (mountains in Albania)",,,Anna Komnene,397.48-49,"Arbanon, Arbana (mountains in Albania): was put in command of the passes of Arbana","Eustathios 102: Arbanon, Arbana (mountains in Albania): Specifies presence ",Specifies presence,,,,
Kantakouzenos,101,443639,Mylos (near the river Diabolis),,,Anna Komnene,399.98,Mylos (near the river Diabolis): destroyed river craft near Mylos,Kantakouzenos 101: Mylos (near the river Diabolis): Specifies presence,Specifies presence,,,,
Kantakouzenos,101,443640,Mylos (near the river Diabolis),,,Anna Komnene,401.61,Mylos (near the river Diabolis): won a considerable battle near Mylos,Kantakouzenos 101: Mylos (near the river Diabolis): Specifies presence near,Specifies presence near,,,,
Kantakouzenos,101,443644,Timoros (near Dyrrachion),,,Anna Komnene,402.97,Timoros (near Dyrrachion): went and camped at Timoros (near Dyrrachion),Kantakouzenos 101: Timoros (near Dyrrachion): Specifies presence ,Specifies presence,,,,
Konstantinos,20110,443663,Petroula (near Dyrrachion),,,Anna Komnene,403.28,Petroula (near Dyrrachion): refused a command at Petroula,Konstantinos 20110: Petroula (near Dyrrachion): Specifies presence ,Specifies presence,,,,
Eumathios,102,443774,Maiander (river),,,Anna Komnene,427.9,Maiander (river): drowned some of the troops of <Asan 102> in the Maiander,Eumathios 102: Maiander (river): Does not specify presence ,Does not specify presence,,,,
Asan,102,443772,Kelbianon (area in Lydia),,,Anna Komnene,427.90,Kelbianon (area in Lydia): sent his men plundering from Philadelphia to Ke(l)(r)bianon,Asan 102:Kelbianon (area in Lydia):  Does not specify presence,Does not specify presence,,,,
Asan,102,443771,Nymphaion (near Smyrna),,,Anna Komnene,427.91,Nymphaion (near Smyrna): sent his men plundering from Philadelphia to Nymphaion,Asan 102 Nymphaion (near Smyrna):: Does not specify presence,Does not specify presence,,,,
Asan,102,443769,Chliara (town in Lydia),,,Anna Komnene,427.92,Chliara (town in Lydia): sent his men plundering from Philadelphia to Chliara,Asan 102: Nymphaion (near Smyrna): Does not specify presence,Does not specify presence,,,,
Raymond,15001,432769,Barcelona,https://pleiades.stoa.org/places/246343,,Anna Komnene,43.74,Barcelona: was son of the count of Barcelona,Raymond 15001: Barcelona: Specifies presence (Dignity),Dignity,,,,
Monastras,15001,443820,Chliara (town in Lydia),,,Anna Komnene,435.41,Chliara (town in Lydia): was in command of Chliara,Monastras 15001: Chliara (town in Lydia): Specifies presence  ,Specifies presence,,,,
Alexios,1,443822,"Koiloi (Koila, Thracian Chersonesos, near Sestos and Abydos)",,,Anna Komnene,435.48,"Koiloi (Koila, Thracian Chersonesos, near Sestos and Abydos): stationed a naval force at Koiloi to patrol the straits","Alexios 1: Koiloi (Koila, Thracian Chersonesos, near Sestos and Abydos): Does not specify presence",Does not specify presence,,,,
Monolykos,101,443894,Chliara (town in Lydia),,,Anna Komnene,444.23,Chliara (town in Lydia): in his raid reached Chliara,Monolykos 101: Chliara (town in Lydia): Specfies presence ,Specifies presence,,,,
Muhammad,101,443904,Aorata,,,Anna Komnene,444.29,Aorata: He was defeated but then regrouped and won a battle at Aorata,Muhammad 101: Aorata: Specifies presence,Specifies presence,,,,
Kontogmes,101,443905,Aorata,,,Anna Komnene,444.29,"Aorata: He was defeated, but then regrouped and won a battle at Aorata",Kontogmes 101: Aorata: Spceifies presence,Specifies presence,,,,
Eustathios,102,443907,Aorata,,,Anna Komnene,445.41,"Aorata: won a battle, but was then defeated and captured at Aorata",Eustathios 102: Aorata: Specifies presence ,Specifies presence,,,,
Alexios,1,443923,Basilika (valleys high on Mt Olympos in Bithynia),,,Anna Komnene,446.73,"Basilika (valleys high on Mt Olympos in Bithynia): overtook a Turkish army, taking a short cut via the Basilika",Alexios 1: Basilika (valleys high on Mt Olympos in Bithynia): Specifies presence,Specifies presence,,,,
Alexios,1,443924,"Alethina (near Mt Olympos, Bithynia)",,,Anna Komnene,446.75,"Alethina (near Mt Olympos, Bithynia): descended Mt. Olympos to Alethina","Alexios 1 : Alethina (near Mt Olympos, Bithynia): Specifies presence ",Specifies presence,,,,
Monastras,15001,443917,Akrokos (Phrygia),https://pleiades.stoa.org/places/609296,,Anna Komnene,446.76,Akrokos (Phrygia): was stationed in the vanguard at the battle of Akrokos,Monastras 15001:Akrokos (Phrygia): Specfies presence ,Specifies presence,,,,
Konstantinos,20110,443918,Akrokos (Phrygia),https://pleiades.stoa.org/places/609296,,Anna Komnene,446.76,Akrokos (Phrygia): was stationed in the vanguard at the battle of Akrokos,Konstantinos 20110: Akrokos (Phrygia): Specfies presence ,Specifies presence,,,,
Tzipoureles,101,443919,Akrokos (Phrygia),https://pleiades.stoa.org/places/609296,,Anna Komnene,446.76,Akrokos (Phrygia): was stationed in the rearguard at the battle of Akrokos,Tzipoureles 101: Akrokos (Phrygia): Specfies presence ,Specifies presence,,,,
Ampelas,101,443920,Akrokos (Phrygia),https://pleiades.stoa.org/places/609296,,Anna Komnene,446.76,Akrokos (Phrygia): was stationed in the rearguard at the battle of Akrokos,Ampelas 101: Akrokos (Phrygia): Specfies presence ,Specifies presence,,,,
Alexios,1,443921,Akrokos (Phrygia),https://pleiades.stoa.org/places/609296,,Anna Komnene,446.76,Akrokos (Phrygia): nearly wiped out a Turkish army at the battle of Akrokos,Alexios 1: Akrokos (Phrygia): Specfies presence ,Specifies presence,,,,
Alexios,1,443925,Tepeia (valley at Akrokos),,,Anna Komnene,446.79,Tepeia (valley at Akrokos): won the battle of Akrokos in the valley of Tepeia,Alexio 1: Tepeia (valley at Akrokos): Specfies presence ,Specifies presence,,,,
Eirene,61,443945,"Constantinople: Great Palace, Aristerion",,,Anna Komnene,449.57,"Constantinople: Great Palace, Aristerion: she received <Eustathios 102> late at night in the Aristerion, near her room","Eirene 61: Constantinople: Great Palace, Aristerion balcony: Specfies presence ",Specifies presence,,,,
Eustathios,102,443946,"Constantinople: Great Palace, Aristerion",,,Anna Komnene,449.57,"Constantinople: Great Palace, Aristerion: was received by <Eirene 61> late at night in the Aristerion, near her room","Eustathios 102: Constantinople: Great Palace, Aristerion baclony: Specfies presence ",Specifies presence,,,,
Alexios,1,443977,Vidyne (near Danube),,,Anna Komnene,458.49,"Vidyne (near Danube): To counter a Cuman invasion, he went to Vidyne",Alexios 1: Vidyne (near Danube): Specifies presence,Specifies presence,"J 1115, TAQ",Anna Komnene,,after the commencement of the 8th indiction -
Pholos,101,443998,"Constantinople: Great Palace, surrounding porticoes",,,Anna Komnene,459.81-82,"Constantinople: Great Palace, surrounding porticoes: was housed (imprisoned?) in the porticoes surrounding the Great Palace","Pholos 101: Constantinople: Great Palace, surrounding porticoes: Specifies presence",Specifies presence,,,,
Kouleon,15001,443999,"Constantinople: Great Palace, surrounding porticoes",,,Anna Komnene,459.81-82,"Constantinople: Great Palace, surrounding porticoes: was housed (imprisoned?) in the porticoes surrounding the Great Palace","Kouleon 15001: Constantinople: Great Palace, surrounding porticoes: Specifies presence",Specifies presence,,,,
Kousinos,101,444000,"Constantinople: Great Palace, surrounding porticoes",,,Anna Komnene,459.81-82,"Constantinople: Great Palace, surrounding porticoes: was housed (imprisoned?) in the porticoes surrounding the Great Palace","Kousinos 101: Constantinople: Great Palace, surrounding porticoes: Specifies presence ",Specifies presence,,,,
Alexios,1,443988,Alexiopolis (near Philippopolis),https://pleiades.stoa.org/places/216792,,Anna Komnene,459.95,"Alexiopolis (near Philippopolis): he founded it as a new town for converted Manichaeans, also known as Neokastron",Alexios 1: Alexiopolis (near Philippopolis): Does not specfy presence,Does not specify presence,,,,
Alexios,1,444012,Hagios Georgios (fortress on the Lake of Nicaea),,,Anna Komnene,462.41,"Hagios Georgios (fortress on the Lake of Nicaea): on the way from Lopadion to Nicaea and back, stopped at Hagios Georgios",Alexios 1: Hagios Georgios (fortress on the Lake of Nicaea): Specifies presence ,Specifies presence,,,,
Alexios,1,444014,Kellia (Bithynia),,,Anna Komnene,463.65,Kellia (Bithynia): won a victory over the Turks at Kellia,Alexios 1: Kellia (Bithynia): Does not specify presence ,Does not specify presence,,,,
Eirene,61,444041,Aer (Bithynia),,,Anna Komnene,463.77,Aer (Bithynia): was summoned from Prinkipo to Aer,Eirene 61: Aer (Bithynia): Specfies presence ,Specifies presence,,,,
Alexios,1,444039,Aer (Bithynia),,,Anna Komnene,463.79,Aer (Bithynia): sent for <Eirene 61> from Aer,Not a direct realtionship to a place ,Specifies presence,,,,
Alexios,1,444045,Hagios Georgios (fortress on the Lake of Nicaea),,,Anna Komnene,465.37,"Hagios Georgios (fortress on the Lake of Nicaea): after a victory, occupied the fortress of Hagios Georgios",Alexios 1: Hagios Georgios (fortress on the Lake of Nicaea): Specifies presence ,Specifies presence,,,,
Alexios,1,444046,Sagoudaous (near the Lake of Nicaea),,,Anna Komnene,465.38,"Sagoudaous (near the Lake of Nicaea): after a victory, occupied Sagoudaous",Alexios 1: Sagoudaous (near the Lake of Nicaea): Specifies presence ,Specifies presence,,,,
Alexios,1,444068,Armenokastron (fortification in Bithynia),,,Anna Komnene,469.77-78,Armenokastron (fortification in Bithynia): advanced to Dorylaion via Armenokastron,Alexios 1: Armenokastron (fortification in Bithynia): Specifies presence ,Specifies presence,,,,
Alexios,1,444069,Leukai (on the Sangarios),,,Anna Komnene,469.78,Leukai (on the Sangarios): advanced to Dorylaion via Leukai,Alexios 1: Leukai (on the Sangarios): Specifies presence ,Specifies presence,,,,
Alexios,1,444074,Santabaris (Phrygia),,,Anna Komnene,470.16,Santabaris (Phrygia): He sent out <Eustathios 102> and <Michael 294> from Santabaris,Alexios 1: Santabaris (Phrygia): Specifies presence ,Specifies presence,,,,
Eustathios,102,444078,"Kedros (Kedrea, fortress in Phrygia)",https://pleiades.stoa.org/places/609431,,Anna Komnene,470.18,"Kedros (Kedrea, fortress in Phrygia): was sent by <Alexios 1> against Kedros","Eustathios 102: Kedros (Kedrea, fortress in Phrygia): Specifiespresence",Specifies presence,,,,
Poucheas ,101,444081,"Kedros (Kedrea, fortress in Phrygia)",https://pleiades.stoa.org/places/609431,,Anna Komnene,470.18,"Kedros (Kedrea, fortress in Phrygia): He was based at Kedros","Poucheas 101: Kedros (Kedrea, fortress in Phrygia): Specifies presence",Specifies presence,,,,
Alexios,1,444075,"Kedros (Kedrea, fortress in Phrygia)",https://pleiades.stoa.org/places/609431,,Anna Komnene,471.35,"Kedros (Kedrea, fortress in Phrygia): He sent raids into the old territory of the Bourtzai from Kedros","Alexios 1: Kedros  (Kedrea, fortress in Phrygia): Specifies presence ",Specifies presence,,,,
Alexios,1,444120,Forty Martyrs (lake in Phrygia),,,Anna Komnene,473.21-22,Forty Martyrs (lake in Phrygia): reached the lake of the Forty Martyrs (just before capturing Philomelion),Alexios 1: Forty Martyrs (lake in Phrygia): Specifies presence,Specifies presence,,,,
Alexios,1,444140,Ampous,,,Anna Komnene,477.47,Ampous: survived increasing Turkish pressure at Ampous,Alexios 1: Ampous: Specifies presence ,Specifies presence,,,,
Melikshah,101,444149,Akronios (Phrygia),https://pleiades.stoa.org/places/612330,,Anna Komnene,478.74,Akronios (Phrygia): He made peace with <Alexios 1> between Augoustopolis and Akronion,Melikshah 101: Akronios (Phrygia): Specifies presence near,Specifies presence near,,,,
Melikshah,101,444150,Augoustopolis (Phrygia),,,Anna Komnene,478.74,Augoustopolis (Phrygia): He made peace with <Alexios 1> between Akronios and Augoustopolis,Melikshah 101: Augoustopolis (Phrygia): Specifies presence near,Specifies presence near,,,,
Alexios,1,444151,Akronios (Phrygia),https://pleiades.stoa.org/places/612330,,Anna Komnene,478.74,Akronios (Phrygia): he made peace with <Melikshah 101> between Augoustopolis and Akronios,Alexios 1: Akronios (Phrygia): Specifies presence near,Specifies presence near,,,,
Alexios,1,444152,Augoustopolis (Phrygia),,,Anna Komnene,478.74,Augoustopolis (Phrygia): he made peace with <Melikshah 101> between Akronios and Augoustopolis,Alexios 1: Augoustopolis (Phrygia): Specifies presence near,Specifies presence near,,,,
Melikshah,101,444176,Tyragion (fortress near Philomelion),,,Anna Komnene,480.49,Tyragion (fortress near Philomelion): was captured and blinded at Tyragion,Melikshah 101: Tyragion (fortress near Philomelion): Specifies presence ,Specifies presence,,,,
Poucheas ,101,444178,Tyragion (fortress near Philomelion),,,Anna Komnene,480.49,Tyragion (fortress near Philomelion): persuaded <Melikshah 101> to take refuge in Tyragion,Poucheas 101: Tyragion (fortress near Philomelion): Specifies presence,Specifies presence,,,,
Alexios,1,444189,Constantinople: Orphanotropheion (near Hagios Paulos),,,Anna Komnene,482.29,Constantinople: Orphanotropheion (near Hagios Paulos): near Hagios Paulos built the splendid Orphanotropheion,Alexios 1: Orphanotropheion (near Hagios Paulos): Does not specify presence ,Does not specify presence,,,,Just that he founded it 
Alexios,1,444224,Constantinople: Tzykanisterin (polo ground),,,Anna Komnene,490.98,"Constantinople: Tzykanisterin (polo ground): to decide who were really Bogomils, he built two trial pyres on the Tzykanisterin",Alexios 1:  Tzykanisterin (polo ground): Specifies presence ,Specifies presence,,,,
Alexios,1,443989,Neokastron (near Philippopolis),,,Anna Komnene,459.96,"Neokastron (near Philippopolis): he founded Neokastron as a new town for converted Manichaeans, also known as Alexioupolis",Alexios 1: Neokastron (near Philippopolis): Does not specify presence.,Does not specify presence,,,,
Michael,295,444255,Constantinople: Lips monastery,,,Anna Komnene,499.94,Constantinople: Lips monastery: came from the Lips monastery,Michael 295: Constantinople: Specifies presence ,Specifies presence,,,,Rather that he came from this place
Anna,61,372990,Constantinople,https://pleiades.stoa.org/places/520998,,Anna Komnene,66.24,Constantinople: was entrusted with the keys of the house of the Komnenoi at Constantinople,Anna 61: Constantinople: Specifies presence ,Specifies presence,,,,
Maria,62,432886,Constantinople: Blachernai,,,Anna Komnene,68.10,Constantinople: Blachernai: first took refuge during the Komnenian revolution in the church of Constantinople: Blachernai,"Maria 62: Constantinople, Blachernai: Specfies presence ",Specifies presence,,,,
Alexios,1,372920,Constantinople,https://pleiades.stoa.org/places/520998,,Anna Komnene,69.24,Constantinople: Blachernai: left the city with his followers by way of the gate of  Blachernai,"Alexios 1: Constantinople, Gate of Blachernai: Specifies presence ",Specifies presence,,,,
Isaakios,61,373007,Constantinople,https://pleiades.stoa.org/places/520998,,Anna Komnene,69.24,Constantinople: Blachernai: began the Komnenian revolt by leaving the city through the gate of  Blachernai,"Isaakios 61: Constantinople, Gate of Blachernai: Specfiies presence ",Specifies presence,,,,
Anna,63,372995,Constantinople,https://pleiades.stoa.org/places/520998,,Anna Komnene,70.51,"Constantinople: Blachernai: was sent, for safety during the revolt of the Komnenoi, to the monastery of  Blachernai","Anna 63: Constantinople, the monastery of Blachernai: Specifies presence ",Specifies presence,,,,
Alexios,1,432949,Constantinople: Karpianos quarter,,,Anna Komnene,74.82,Constantinople: Karpianos quarter: saw a vision in the Karpianos quarter,"Alexios 1: Constantinople, Karpianos quarter: Specfieis presence ",Specifies presence,,,,
Gilpraktos,15001,432983,Constantinople: Char(i)sios gate,,,Anna Komnene,81.3,Constantinople: Char(i)sios gate: betrayed the city at the Char(i)sios gate,"Gilpraktos 15001: Constantinople, Char(i)sios gate: Specifies presence",Specifies presence,,,,
Georgios,61,432984,Constantinople: Char(i)sios gate,,,Anna Komnene,81.3,Constantinople: Char(i)sios gate: arranged for the betrayal of  Constantinople at the Char(i)sios gate,Georgios 61: Constantinople: Char(i)sios gate: Specfies presence ,Specifies presence,,,,
Boril,61,433024,Constantinople: Milion,,,Anna Komnene,86.36,Constantinople: Milion: drew up the Varangians and their allies from the Forum of Constantine as far as the Milion,"Boril 61: Constantinople, the Milon: Specifies presence ",Specifies presence,,,,
Kosmas,11,433098,Constantinople (?): Kallias monastery,,,Anna Komnene,96.8,Constantinople (?): Kallias monastery: retired to the Kallias monastery,Kosmas 11: Constantinople (?): Kallias monastery: Specifies presence ,Specifies presence,,,,
Alexios,1,444058,Miskoura (near Nicaea),,,Anna Komnene,,"Miskoura (near Nicaea): in trying to counter small Turkish incursions, visited Miskoura",Alexios 1: Miskoura (near Nicaea): Specifies presence,Specifies presence,,,,
Romuald,10101,396240,Constantinople,https://pleiades.stoa.org/places/520998,,Annales Barenses,54.8-9,Constantinople: was summoned by the emperor into exile at Constantinople,Romuald 10101: Constantinople: Specifies presence ,Specifies presence,,,,
Argyros,10102,396357,Constantinople,https://pleiades.stoa.org/places/520998,,Anonymus Barensis,149,Constantinople: died in Constantinople,Argyros 10102: Constantinople: Specifies presence ,Specifies presence,,,,
Petros,10103,396358,Constantinople,https://pleiades.stoa.org/places/520998,,Anonymus Barensis,149,Constantinople: was sent with his brother to Constantinople,Petros 10103:  Constantinople: Specifies presence ,Specifies presence,,,,
Romuald,10101,396359,Constantinople,https://pleiades.stoa.org/places/520998,,Anonymus Barensis,149,Constantinople: was sent with his brother to Constantinople,Romuald 10101: Constantinople: Specifies presence ,Specifies presence,,,,
Argyros,10101,396388,Constantinople,https://pleiades.stoa.org/places/520998,,Anonymus Barensis,151,Constantinople: left Bari for Constantinople,Argyros 10101: Constantinople: Specifies presence ,Specifies presence,,,,
Argyros,10101,396405,Constantinople,https://pleiades.stoa.org/places/520998,,Anonymus Barensis,151,Constantinople: made a sortie during the siege of Constantinople,Argyros 10101: Constantinople: Specifies presence near,Specifies presence near,,,,
Rodia,10101,396409,Constantinople,https://pleiades.stoa.org/places/520998,,Anonymus Barensis,151,Constantinople: was captured and sent to Constantinople,Rodia 10101:  Constantinople: Specifies presence ,Specifies presence,,,,
Anonymus,10105,396410,Constantinople,https://pleiades.stoa.org/places/520998,,Anonymus Barensis,151,Constantinople: was captured and sent to Constantinople,Anonymus 10105: Constantinople: Specifies presence ,Specifies presence,,,,
Romuald,10102,396411,Constantinople,https://pleiades.stoa.org/places/520998,,Anonymus Barensis,151,Constantinople: was captured and sent to Constantinople,Romuald 10102: Constantinople: Specifies presence ,Specifies presence,,,,
Petros,10101,396412,Constantinople,https://pleiades.stoa.org/places/520998,,Anonymus Barensis,151,Constantinople: was captured and sent to Constantinople,Petros 10101: Constantinople: Specifies presence ,Specifies presence,,,,
Ioannes,10107,396422,Constantinople,https://pleiades.stoa.org/places/520998,,Anonymus Barensis,152,Constantinople: was sent as a messenger to Constantinople,Ioannes 10107: Constantinople: Specifies presence ,Specifies presence,,,,
Nikolaos,10101,396424,Constantinople,https://pleiades.stoa.org/places/520998,,Anonymus Barensis,152,Constantinople: travelled to Constantinople,Nikolaos 10101: Constantinople: Specifies presence ,Specifies presence,,,,
Argyros,10101,396425,Constantinople,https://pleiades.stoa.org/places/520998,,Anonymus Barensis,152,Constantinople: (for the last time?) arrived at Constantinople,Argyros 10101: Constantinople: Specifies presence ,Specifies presence,,,,
Andreas,10101,396439,Constantinople,https://pleiades.stoa.org/places/520998,,Anonymus Barensis,153,Constantinople: reached Constantinople,Andreas 10101: Constantinople: Specifies presence ,Specifies presence,,,,
Michael,6,374963,Constantinople,https://pleiades.stoa.org/places/520998,,Aristakes,103.6 (94),Constantinople: was one of the leaders of Constantinople,Michael 6: Constantinople: Specifies presence,Specifies presence,J 1056 ,Aristakes,,Dating related to death of Theodora 
Ivane,101,374970,Eghanc'berd (Armenia),,,Aristakes,106.14 (98),Eghanc'berd (Armenia): incarcerated the judge of Hawachich' (<Anonymus 407>) in a prison at Eghanc'berd (Armenia),Ivane 101: Eghanc'berd (Armenia): Specifies presence,Specifies presence,J 1057,Aristakes,,"AE 506, Tenth indiction "
Anonymus,407,374971,Eghanc'berd (Armenia),,,Aristakes,106.14 (98),Eghanc'berd (Armenia): was incarcerated by <Ivane 101> in a prison at Eghanc'berd (Armenia),Anonymus 407: Eghanc'berd (Armenia): Specifies presence,Specifies presence,J 1057,Aristakes,,"AE 506, Tenth indiction "
Ivane,101,374965,Erez (Armenia),,,Aristakes,106.5 (97),Erez (Armenia): was granted a large domain at Erez (Armenia),Ivane 101: Erez (Armenia): Does not specify presence,Does not specify presence,J 1057,Aristakes,,"AE 506, Tenth indiction "
Ivane,101,374966,Eghanc'berd (Armenia),,,Aristakes,106.8 (97),Eghanc'berd (Armenia): captured the fort of Eghanc'berd (Armenia),Ivane 101: Eghanc'berd (Armenia): Specifies presence,Specifies presence,J 1057,Aristakes,,"AE 506, Tenth indiction "
Ivane,101,374967,Aghori (Armenia),,,Aristakes,106.9 (97),Aghori (Armenia): returned to the gawar of Aghori (Armenia),Ivane 101: Aghori (Armenia): Specifies presence,Specifies presence,J 1057,Aristakes,,"AE 506, Tenth indiction "
Ivane,101,374968,Hawachich' (Armenia),,,Aristakes,106.9-10 (97),Hawachich' (Armenia): was welcomed when he reached the fort of Hawachich' (Armenia),Ivane 101: Hawachich' (Armenia): Specifies presence,Specifies presence,J 1057,Aristakes,,"AE 506, Tenth indiction "
Anonymus,407,374969,Hawachich' (Armenia),,,Aristakes,106.9-10 (97),Hawachich' (Armenia): resided and was arrested by <Ivane 101> at the fort of Hawachich' (Armenia),Anonymus 407: Hawachich' (Armenia): Specifies presence,Specifies presence,J 1057,Aristakes,,"AE 506, Tenth indiction "
Isaakios,1,374975,Constantinople,https://pleiades.stoa.org/places/520998,,Aristakes,112.19 (104),Constantinople: was led by the patriarch into Constantinople,Isaakios 1: Constantinople: Specifies presence ,Specifies presence,J 1057,Aristakes,,"AE 506, Tenth indiction "
Anonymus,412,374977,Mormrean (Armenia),,,Aristakes,117.23-24 (106),Mormrean (Armenia): reached the citadel at Mormrean (Armenia),Anonymus 412: Mormrean (Armenia): Specifies presence ,Specifies presence,J 1058,Aristakes,,Until the month of Navasard
Anonymus,413,374976,Mormrean (Armenia),,,Aristakes,117.24-25 (106),Mormrean (Armenia): was commander of the fort at Mormrean (Armenia),Anonymus 413: Mormrean (Armenia): Specifies presence ,Specifies presence,J 1058,Aristakes,,Until the month of Navasard
Iakobos,102,374978,Hark' (Armenia),,,Aristakes,119.3 (108),Hark' (Armenia): had jurisdiction over the churches of the region of Hark' (Armenia),Iakobos 102: Hark' (Armenia): Specifies presence ,Specifies presence,J 992-1019 TIQ,Aristakes,,Mention of the Catholicos Sargis - 992-1019 
Iakobos,102,374980,Constantinople,https://pleiades.stoa.org/places/520998,,Aristakes,124.18 (112),Constantinople: escaped from prison and reached Constantinople,Iakobos 102: Constantinople: Specifies presence ,Specifies presence,J 992-1019,Aristakes,,
Iakobos,102,374981,Apahunik' (Armenia),,,Aristakes,124.22-23 (112),Apahunik' (Armenia): remained in hiding among the T'ondrak in the gawar of Apahunik' (Armenia),Iakobos 102: Apahunik' (Armenia): Specifies presence ,Specifies presence,J 992-1019,Aristakes,,
Kuncik,101,374984,Shirni (Armenia),,,Aristakes,125.13 (113),Shirni (Armenia): lived near the fort of Shirni (Armenia),Kuncik 101: Shirni (Armenia): Specifies presence near,Specifies presence near,J 992-1019,Aristakes,,
Anonymus,414,374985,Albania (Caucasus),https://pleiades.stoa.org/places/863731,,Aristakes,125.16 (113),Albania (Caucasus): hailed from Albania (Caucasus),Anonymus 414: Albania (Caucasus): Specifies presence,Specifies presence,J 992-1019,Aristakes,,
Iakobos,102,374983,Xlat' (Armenia),,,Aristakes,125.2 (112),Xlat' (Armenia): stayed with his people on a mountain in Xlat' (Armenia),Iakobos 102: Xlat' (Armenia): Specifies presence,Specifies presence,J 992-1019,Aristakes,,
Axni,101,374986,Kashe (Armenia),,,Aristakes,128.5 (115),Kashe (Armenia): owned (with her sister <Kamara 101>) the village of Kashe (Armenia),Axni 101: Kashe (Armenia): Specifies presence (Arguably more relevant for ownership),Specifies presence,J 992-1019,Aristakes,,Arguably more relevant for ownership
Kamara,101,374987,Kashe (Armenia),,,Aristakes,128.5 (115),Kashe (Armenia): owned (with her sister <Axni 101>) the village of Kashe (Armenia),Kamara 101: Kashe (Armenia): Specifies presence (Arguably more relevant for ownership),Specifies presence,J 992-1019,Aristakes,,Arguably more relevant for ownership
Kamara,101,374988,Aghiwsoy (Armenia),,,Aristakes,128.5 (115),Aghiwsoy (Armenia): owned (with her sister <Axni 101>) the village of Aghiwsoy (Armenia),Kamara 101: Aghiwsoy (Armenia):Specifies presence (Arguably more relevant for ownership),Specifies presence,J 992-1019,Aristakes,,Arguably more relevant for ownership
Axni,101,374989,Aghiwsoy (Armenia),,,Aristakes,128.5 (115),Aghiwsoy (Armenia): owned (with her sister <Kamara 101>) the village of Aghiwsoy (Armenia),Axni 101: Aghiwsoy (Armenia): Specifies presence (Arguably more relevant for ownership),Specifies presence,J 992-1019,Aristakes,,Arguably more relevant for ownership
Samuel,107,374990,Jermay (Armenia),,,Aristakes,129.19 (117),Jermay (Armenia): went with the arrested heretics to the village of Jermay (Armenia),Samuel 107: Jermay (Armenia): Specifies presence,Specifies presence,J 992-1019,Aristakes,,
Elias,102,374991,Ekegheac' (Armenia),,,Aristakes,130.2 (117),Ekegheac' (Armenia): reached and met up with <Vrverh 101> at Ekegheac' (Armenia),Elias 102: Ekegheac' (Armenia): Specifies presence,Specifies presence,J 992-1019,Aristakes,,
Vrverh,101,374992,Ekegheac' (Armenia),,,Aristakes,130.2 (117),Ekegheac' (Armenia): met up with <Elias 102> at Ekegheac' (Armenia),Vrverh 101: Ekegheac' (Armenia): Specifies presence,Specifies presence,J 992-1019,Aristakes,,
Elias,102,374994,Kot'er (Armenia),,,Aristakes,130.20 (117),Kot'er (Armenia): was brought the arrested archbishop <Samuel 107> at Kot'er (Armenia),Elias 102: Kot'er (Armenia): Specifies presence,Specifies presence,J 992-1019,Aristakes,,
Elias,102,374995,P'rris (Armenia),,,Aristakes,132.1 (118),P'rris (Armenia): arrived at and put <Vrverh 101> to trial at the bishopric (episcopal residence?) of P'rris (Armenia),Elias 102: P'rris (Armenia): Specifies presence,Specifies presence,J 992-1019,Aristakes,,
Vrverh,101,374996,P'rris (Armenia),,,Aristakes,132.1 (118),P'rris (Armenia): was put to trial by <Elias 102> at the bishopric (episcopal residence?) of P'rris (Armenia),Vrverh 101: P'rris (Armenia): Specifies presence,Specifies presence,J 992-1019,Aristakes,,
Nikephoros,105,374836,Artzike (lake Van),,https://www.geonames.org/315530,Aristakes,41.14 (27),Artzike (lake Van): conquered for the Roman empire Artzike (lake Van),Nikephoros 105: Artzike (lake Van): Specifies presence ,Specifies presence,,,,
Symeon,101,374840,Constantinople,https://pleiades.stoa.org/places/520998,,Aristakes,42.3 (27),Constantinople: learnt of the emperor's death and returned immediately to Constantinople,Symeon 101: Constantinople: Specifies presence ,Specifies presence,J 1028,Aristakes,,Two years after AE 475 (J1026)
Anonymus,388,374844,Constantinople,https://pleiades.stoa.org/places/520998,,Aristakes,43.12-13 (29),Constantinople: was brought to Constantinople,Anonymus 388: Constantinople: Specifies presence ,Specifies presence,,,,
Ioannes,68,374855,Constantinople,https://pleiades.stoa.org/places/520998,,Aristakes,47.7-8 (34),Constantinople: was settled by <Michael 4> in Constantinople,Ioannes 68: Constantinople: Specifies presence ,Specifies presence,,,,
Anonymus,393,374862,Artzike (lake Van),,https://www.geonames.org/315530,Aristakes,48.8 (36),Artzike (lake Van): withdrew the troops from Berkri to Artzike (lake Van),Anonymus 393: Artzike (lake Van): Specifies presence ,Specifies presence,,,,
Anonymus,394,374865,Apahunik' (Armenia),,,Aristakes,50.1 (38),Apahunik' (Armenia): arrived from the east through the district of Apahunik' (Armenia),Anonymus 394: Apahunik' (Armenia): Specifies presence,Specifies presence,J 1033,Aristakes,,AE 482
Anonymus,394,374866,Hark' (Armenia),,,Aristakes,50.1 (38),Hark' (Armenia): arrived from the east through the district of Hark' (Armenia),Anonymus 394: Hark' (Armenia): Specifies presence,Specifies presence,J 1033,Aristakes,,AE 482
Anonymus,394,374867,Mananaghi (Armenia),,,Aristakes,50.2 (39),Mananaghi (Armenia): arrived from the east and reached Mananaghi (Armenia),Anonymus 394: Mananaghi (Armenia): Specifies presence,Specifies presence,J 1033,Aristakes,,AE 482
Anonymus,394,374868,Ekegheac' (Armenia),,,Aristakes,50.2 (39),Ekegheac' (Armenia): arrived from the east and reached Ekegheac' (Armenia),Anonymus 394: Ekegheac' (Armenia): Specifies presence,Specifies presence,J 1033,Aristakes,,AE 482
Sergios,103,374875,Shirak (Armenia),,,Aristakes,57.21-22 (46),Shirak (Armenia): proclaimed himself king of Shirak (Armenia),Sergios 103: Shirak (Armenia): Specifies presence ,Specifies presence,J 1044-45,Aristakes,,
Sergios,103,374880,Surmarhi,,,Aristakes,58.8-9 (47),Surmarhi: was persuaded to withdrew from Ani to Surmarhi,Sergios 103: Surmarhi: Specifies presence ,Specifies presence,J 1044-45,Aristakes,,
Gagik,101,374881,Surmarhi,,,Aristakes,58.8-9 (47),Surmarhi: arrested <Sergios 101> in his camp at Surmarhi,Gagik 101: Surmarhi: Specifies presence ,Specifies presence,J 1044-45,Aristakes,,
Gregorios,127,374894,Constantinople,https://pleiades.stoa.org/places/520998,,Aristakes,62.12 (51),Constantinople: went to see the emperor (<Konstantinos 9>) in Constantinople,Gregorios 127: Constantinople: Specifies presence,Specifies presence,J 1045 ,Aristakes,,AE 494
Gregorios,127,374895,Bjni (Armenia),,,Aristakes,62.15 (51),Bjni (Armenia): handed to the emperor (<Konstantinos 9>) the keys of Bjni (Armenia),Gregorios 127: Bjni (Armenia): Does not specify presence ,Does not specify presence,,,,
Konstantinos,9,374896,Bjni (Armenia),,,Aristakes,62.15 (51),Bjni (Armenia): was handed by Grigor (<Gregorios 127>) the keys of Bjni (Armenia),Konstantinos 9:  Bjni (Armenia): Does not specify presence ,Does not specify presence,,,,
Gagik,101,374900,Constantinople,https://pleiades.stoa.org/places/520998,,Aristakes,62.20 (52),Constantinople: was retained (by <Konstantinos 9>) in Constantinople,Gagik 101: Constantinople: Specifies presence,Specifies presence,J 1045,Aristakes,,
Gagik,101,374889,Constantinople,https://pleiades.stoa.org/places/520998,,Aristakes,62.6 (50),Constantinople: went to see the emperor (<Konstantinos 9>) in Constantinople,Gagik 101: Constantinople: Specifies presence,Specifies presence,J 1045,Aristakes,,
Petros,128,374916,Xaghtoy Arhich,,,Aristakes,64.15 (57),Xaghtoy Arhich: was incarcerated in the fort of Xaghtoy Arhich,Petros 128: Xaghtoy Arhich:  Specifies presence,Specifies presence,J 1045,Aristakes,,
Xachik,101,374920,Seaw K'ar,,,Aristakes,64.16 (57),Seaw K'ar: was incarcerated in the fort of Seaw K'ar,Xachik 101: Seaw K'ar: Specifies presence,Specifies presence,J 1045,Aristakes,,
Petros,128,374917,Constantinople,https://pleiades.stoa.org/places/520998,,Aristakes,64.18 (57),Constantinople: was taken to Constantinople,Petros 128: Constantinople:Specifies presence,Specifies presence,J 1045,Aristakes,,
Xachik,101,374918,Constantinople,https://pleiades.stoa.org/places/520998,,Aristakes,64.18 (57),Constantinople: was taken to Constantinople,Xachik 101: Constantinople: Specifies presence,Specifies presence,J 1045,Aristakes,,
Ananias,101,374921,Constantinople,https://pleiades.stoa.org/places/520998,,Aristakes,64.18 (57),Constantinople: was taken to Constantinople,Ananias 101: Constantinople: Specifies presence,Specifies presence,J 1045,Aristakes,,
Anonymus,398,374922,Constantinople,https://pleiades.stoa.org/places/520998,,Aristakes,64.18 (57),Constantinople: took <Ananias 101> to Constantinople,Anonymus 398: Constantinople: Specifies presence,Specifies presence,J 1045,Aristakes,,
Atom,101,374927,Sebasteia (Cappadocia): Holy Cross,,,Aristakes,82.16 (72),Sebasteia (Cappadocia): Holy Cross: founded at great expense the monastery of the  Holy Cross,Atom 101: Sebasteia (Cappadocia): Holy Cross: Specifies presence,Specifies presence,,,,
Atom,101,374928,Sebasteia (Cappadocia): Holy Cross,,,Aristakes,82.16 (72),Sebasteia (Cappadocia): Holy Cross: provided a dwelling for <Petros 128> in the monastery of the  Holy Cross,Atom 101: Sebasteia (Cappadocia): Holy Cross: Specifies presence,Specifies presence,,,,
Petros,128,374929,Sebasteia (Cappadocia): Holy Cross,,,Aristakes,82.16 (72),Sebasteia (Cappadocia): Holy Cross: was provided by <Atom 101> witrh a dwelling in the monastery of the  Holy Cross,Petros 128: Sebasteia (Cappadocia): Holy Cross: Specifies presence,Specifies presence,,,,
Xachik,101,374930,Constantinople,https://pleiades.stoa.org/places/520998,,Aristakes,82.23-24 (73),Constantinople: was detained for 3 years and then sent away from Constantinople,Xachik 101: Constantinople: Specifies presence,Specifies presence,,,,
Xachik,101,374931,Taranta (near Tephrike),https://pleiades.stoa.org/places/629092,,Aristakes,82.25 (73),Taranta (near Tephrike): was assigned a residence and settled at Taranta (near Tephrike),Xachik 101: Taranta (near Tephrike): Specifies presence,Specifies presence,,,,
Xachik,101,374932,Taranta (near Tephrike),https://pleiades.stoa.org/places/629092,,Aristakes,83.13 (74),Taranta (near Tephrike): was granted 2 monasteries in Taranta (near Tephrike),Xachik 101: Taranta (near Tephrike): Specifies presence,Specifies presence,,,,
Konstantinos,9,374935,Taranta (near Tephrike),https://pleiades.stoa.org/places/629092,,Aristakes,83.13 (74),Taranta (near Tephrike): granted to <Xachik 101> 2 monasteries in Taranta (near Tephrike),Konstantinos 9: Taranta (near Tephrike): Specifies presence,Specifies presence,,,,
Tughrul Beg,51,374936,Artzike (lake Van),,https://www.geonames.org/315530,Aristakes,84.22 (75),Artzike (lake Van): marched past Artzike (lake Van),Tughrul Beg 51: Artzike (lake Van): Does not specify presence,Does not specify presence,J 1054,Aristakes,,AE 503
Tughrul Beg,51,374940,Paryadres (Armenia),,,Aristakes,85.1 (76),Paryadres (Armenia): sent troops to raid as far as the mountain of Paryadres (Armenia),Tughrul Beg 51: Paryadres (Armenia): Does not specify presence,Does not specify presence,J 1054,Aristakes,,AE 503
Tughrul Beg,51,374941,Chanetia,,,Aristakes,85.2 (76),Chanetia: sent troops to raid as far as the forests of Chanetia,Tughrul Beg 51: Chanetia: Does not specify presence,Does not specify presence,J 1054,Aristakes,,AE 503
Tughrul Beg,51,374942,Sim (Armenia),,,Aristakes,85.3 (76),Sim (Armenia): sent troops to raid as far as the mountain called Sim (Armenia),Tughrul Beg 51: Sim (Armenia): Does not specify presence,Does not specify presence,J 1054,Aristakes,,AE 503
Tughrul Beg,51,374944,Tuaracatap (Armenia),,,Aristakes,89.21 (81),Tuaracatap (Armenia): left Mantzikert for Tuaracatap (Armenia),Tughrul Beg 51: Tuaracatap (Armenia): Specifies presence ,Specifies presence,J 1054,Aristakes,,AE 503
Tughrul Beg,51,374945,Basean (Armenia),,,Aristakes,89.21 (81),Basean (Armenia): marched through the valley of Basean (Armenia),Tughrul Beg 51: Basean (Armenia): Specifies presence ,Specifies presence,J 1054,Aristakes,,AE 503
Tughrul Beg,51,374946,Avnik (Armenia),,https://www.geonames.org/322893,Aristakes,89.22 (81),Avnik (Armenia): reached the fort of Avnik (Armenia),Tughrul Beg 51: Avnik (Armenia): Specifies presence ,Specifies presence,J 1054,Aristakes,,AE 503
Tughrul Beg,51,374948,Du (Basean valley),,,Aristakes,89.25 (82),Du (Basean valley): reached the village of Du (Basean valley),Tughrul Beg 51: Du (Basean valley): Specifies presence ,Specifies presence,J 1054,Aristakes,,AE 503
Tughrul Beg,51,374955,Artzike (lake Van),,https://www.geonames.org/315530,Aristakes,94.17 (87),Artzike (lake Van): was pleased by the capture of Artzike (lake Van),Tughrul Beg 51: Artzike (lake Van): Specifies presence ,Specifies presence,J 1054,Aristakes,,AE 503
Aplesphares,101,374959,Gandzak (Azerbaijan),,,Aristakes,96.10 (89),Gandzak (Azerbaijan): ruled Gandzak (Azerbaijan),Aplesphares 101: Gandzak: Specifies presence (dignity),Dignity,J 1055,Aristakes,,AE 504
Theodoros,173,374961,Taron (Armenia),,,Aristakes,96.18 (89),Taron (Armenia): was governor of Taron (Armenia),Theodoros 173: Taron (Armenia): Specifies presence (Digntiy),Dignity,J 1055,Aristakes,,AE 504
Michael,202,254183,Constantinople,https://pleiades.stoa.org/places/520998,,Attaleiates: Diataxis,27159,Constantinople: purchased from his sister-in-law <Anastaso 101> a house in Constantinople,These should all be included in property and ownership section ,Ownership,,,,
Euphrosyne,103,254185,Constantinople,https://pleiades.stoa.org/places/520998,,Attaleiates: Diataxis,27159,Constantinople: owned a house which she sold to her nephew (<Michael 202> Attaleiates) in Constantinople,These should all be included in property and ownership section ,Ownership,,,,
Michael,202,254186,Constantinople,https://pleiades.stoa.org/places/520998,,Attaleiates: Diataxis,27159,Constantinople: purchased from his wife's aunt <Euphrosyne 103> a house in Constantinople,These should all be included in property and ownership section ,Ownership,,,,
Michael,202,254187,Constantinople,https://pleiades.stoa.org/places/520998,,Attaleiates: Diataxis,29192,Constantinople: owned the humble chapel of the Forerunner in Constantinople,These should all be included in property and ownership section ,Ownership,,,,
Michael,202,254196,Constantinople,https://pleiades.stoa.org/places/520998,,Attaleiates: Diataxis,43442,"Constantinople: owned a bakery, a perfumery and rental properties in Constantinople",These should all be included in property and ownership section ,Ownership,,,,
Michael,202,254181,Constantinople,https://pleiades.stoa.org/places/520998,,Attaleiates: Diataxis,25.120-121,Constantinople: owned properties at Constantinople,These should all be included in property and ownership section ,Ownership,,,,
Anastaso,101,254184,Constantinople,https://pleiades.stoa.org/places/520998,,Attaleiates: Diataxis,"27.159, 113.1562-1564",Constantinople: owned a house which she sold to her brother-in-law (<Michael 202> Attaleiates) in Constantinople,These should all be included in property and ownership section ,Ownership,,,,
Romanos,4,234560,Aleppo,https://pleiades.stoa.org/places/658409,,Attaleiates: History,108.9 / 82.9,Aleppo: encamped with his entire army before Aleppo,Romanos 4: Aleppo: Specifies presence ,Specifies presence,J 1068,Attaleiates,,
Mahmud,101,234567,Aleppo,https://pleiades.stoa.org/places/658409,,Attaleiates: History,111.7 / 84.12,Aleppo: was amir of Aleppo,Mahmud 101: Aleppo: Specifies presence (dignity),Dignity,J 1068,Attaleiates,,
Romanos,4,234586,Constantinople,https://pleiades.stoa.org/places/520998,,Attaleiates: History,122.10 / 92.18,Constantinople: left Cilicia with part of his army and reached Constantinople,Romanos 4: Constantinople: Specifies presence ,Specifies presence,J 1068,Attaleiates,,
Romanos,4,234612,Constantinople,https://pleiades.stoa.org/places/520998,,Attaleiates: History,138.14 / 104.3-4,Constantinople: decided to leave Klaudioupolis and return to Constantinople,Romanos 4: Constantinople: Specfies presence ,Specifies presence,J 1069,Attaleiates,,
Chrysoskoulos,101,234618,Constantinople,https://pleiades.stoa.org/places/520998,,Attaleiates: History,141.23-142.1 / 106.12-13,Constantinople: went to the emperor wishing to become his servant at Constantinople,Chrysoskoulos 101: Constantinople: Specfies presence ,Specifies presence,J 1070,Attaleiates,,
Manuel,61,234619,Constantinople,https://pleiades.stoa.org/places/520998,,Attaleiates: History,141.23-142.1 / 106.12-13,Constantinople: returned together with his captor <Chrysoskoulos 101> to Constantinople,Manuel 61: Constantinople: Specfies presence ,Specifies presence,J 1070,Attaleiates,,
Paulos,101,234664,Constantinople,https://pleiades.stoa.org/places/520998,,Attaleiates: History,168.12 / 125.1,Constantinople: left Theodosioupolis during the night and reached Constantinople,Paulos 101: Constantinople: Specfies presence ,Specifies presence,J 1071-2 TIQ,Attaleiates,,
Andronikos,61,234675,Constantinople,https://pleiades.stoa.org/places/520998,,Attaleiates: History,168.16 / 125.5,Constantinople: deserted the army (at Mantzikert) and reached Constantinople,Andronikos 61: Constantinople: Specfies presence ,Specifies presence,J 1071-2 TIQ,Attaleiates,,
Konstantinos,61,234681,Constantinople,https://pleiades.stoa.org/places/520998,,Attaleiates: History,170.1 / 126.5,Constantinople: was sent at the head of an army against <Romanos 4> and left hastily Constantinople,Konstantinos 61: Constantinople: Specfies presence ,Specifies presence,J 1071-2 TIQ,Attaleiates,,
Robert,101,234688,Constantinople,https://pleiades.stoa.org/places/520998,,Attaleiates: History,170.20-21 / 126.20-21,Constantinople: was sent by <Michael 7> with troops to Constantinople,Robert 101: Constantinople: Specfies presence ,Specifies presence,J 1071-2 TIQ,Attaleiates,,
Konstantinos,61,234693,Constantinople,https://pleiades.stoa.org/places/520998,,Attaleiates: History,172.20 / 128.3,Constantinople: after driving away the troops of <Romanos 4> returned to Constantinople,Konstantinos 61: Constantinople: Specfies presence ,Specifies presence,J 1071-2 TIQ,Attaleiates,,
Theophilos,101,234705,Koloneia (?),,,Attaleiates: History,178.2 / 131.17,Koloneia (?): was bishop of Koloneia (?),Theophilos 101: Koloneia (?): Does not specify presence ,Does not specify presence,J 1072,Attaleiates,,
Konstantinos,9,234440,Constantinople,https://pleiades.stoa.org/places/520998,,Attaleiates: History,18.6 / 15.3,Constantinople: was born and raised in Constantinople,Konstantinos 9: Constantinople: Specifies presence (Though this is more of a historical presence) ,Specifies presence,,,,
Roussel,61,234734,Constantinople,https://pleiades.stoa.org/places/520998,,Attaleiates: History,186.15 / 138.2,Constantinople: after his victory over the kaisar (<Ioannes 62>) marched against Constantinople,Roussel 61: Constantinople:  Does not specify presence ,Does not specify presence,,,,
Roussel,61,234736,Constantinople,https://pleiades.stoa.org/places/520998,,Attaleiates: History,187.12-13 / 138.19,Constantinople: rejected the offer of <Michael 7> and advanced even more hastily against Constantinople,Roussel 61: Constantinople: Does not specify presence ,Does not specify presence,,,,
Basileios,102,234737,Constantinople,https://pleiades.stoa.org/places/520998,,Attaleiates: History,187.12-14 / 138.20,Constantinople: was taken by <Roussel 61> on his campaign against Constantinople,Basileios 103: Constantinople: Does not specofy presence ,Does not specify presence,,,,
Roussel,61,234738,Constantinople,https://pleiades.stoa.org/places/520998,,Attaleiates: History,188.13 / 139.12,Constantinople: reached with his mighty army the strait opposite Constantinople,Roussel 61: Constantinople: Specfies presence near,Specifies presence near,,,,
Alexios,1,234760,Constantinople,https://pleiades.stoa.org/places/520998,,Attaleiates: History,206.20 / 152.2,Constantinople: sailed with his prisoner (<Roussel 61>) across the Black Sea to Constantinople,Alexios 1: Constantinople: Specifies presence,Specifies presence,,,,
Roussel,61,234761,Constantinople,https://pleiades.stoa.org/places/520998,,Attaleiates: History,206.20 / 152.2,Constantinople: was taken by <Alexios 1> in chains across the Black Sea to Constantinople,Roussel 61: Constantinople:Specifies presence ,Specifies presence,,,,
Nestor,101,234764,Constantinople,https://pleiades.stoa.org/places/520998,,Attaleiates: History,208.3 / 152.26,Constantinople: marched through Thrace with a large army and encamped near Constantinople,Nestor 101: Constantinople: Specfiies presence near,Specifies presence near,,,,
Anonymi,108,234767,Constantinople,https://pleiades.stoa.org/places/520998,,Attaleiates: History,211.7 / 155.1,Constantinople: were struck by lightning near the western wall of Constantinople,Anonymous 108: Constantinople. Specfiies presence ,Specifies presence,,,,
Leon,61,234447,Constantinople,https://pleiades.stoa.org/places/520998,,Attaleiates: History,22.18 / 18.12-13,Constantinople: was removed from office but allowed to move freely in Constantinople,Leon 61: Constantinople: Specifies presence ,Specifies presence,J 1047,Attaleiates,,
Leon,61,234448,Constantinople,https://pleiades.stoa.org/places/520998,,Attaleiates: History,22.24 / 18.16,Constantinople: left secretly Constantinople,Leon 61: Constantinople: Specifies presence ,Specifies presence,"J 1047, 14th September ",Attaleiates,,
Konstantinos,9,234452,Constantinople: Blachernai,,,Attaleiates: History,23.23-24.1 / 19.12,Constantinople: Blachernai: watched the rebel troops pillaging the countryside from the acropolis at  Blachernai,"Konstantinos 9: Constantinople, Blachernai: specifies  presence ",Specifies presence,J 1047,Attaleiates,,
Leon,61,234450,Constantinople,https://pleiades.stoa.org/places/520998,,Attaleiates: History,23.8-9 / 18.23,Constantinople: was proclaimed emperor by his troops and marched against Constantinople,Leon 61: Constantinople: Does not specify presence (But specifies presence in Adrianople),Does not specify presence,J 1047,Attaleiates,,
Konstantinos,9,234451,Constantinople,https://pleiades.stoa.org/places/520998,,Attaleiates: History,23.9-10 / 19.1,Constantinople: sent his troops to face those of the rebel <Leon 61> outside Constantinople,Constantinos 9: Constantinople: Does not specify presence ,Does not specify presence,,,,
Michael,202,234779,Constantinople,https://pleiades.stoa.org/places/520998,,Attaleiates: History,246.1 / 177.25,Constantinople: arrived quickly from Rhaidestos to Constantinople,Michael 202: Constantiniople: Specifies presence ,Specifies presence,,,,
Alexios,1,234793,Constantinople,https://pleiades.stoa.org/places/520998,,Attaleiates: History,250.22 / 181.7,Constantinople: retreated hastily from Selymbria to Constantinople,Alexios 1: Constantinople: Specifies presence,Specifies presence,,,,
Ioannes,61,234789,Constantinople,https://pleiades.stoa.org/places/520998,,Attaleiates: History,250.6 / 180.22,Constantinople: was sent by his brother with a large force against Constantinople,Ioannes 61: Constantinople: Does not specify presence ,Does not specify presence,,,,
Nikephoros,62,234790,Constantinople,https://pleiades.stoa.org/places/520998,,Attaleiates: History,250.6 / 180.22,Constantinople: sent his brother <Ioannes 61> with a large force against Constantinople,Nikephoros 62: Constantinople:Does not specify presence ,Does not specify presence,,,,
Ioannes,61,234794,Constantinople,https://pleiades.stoa.org/places/520998,,Attaleiates: History,251.18 / 181.22,Constantinople: attacked with his troops but failed to enter Constantinople,Ioannes 61: Constantinople: Specifies presence near,Specifies presence near,,,,
Roussel,61,234801,Constantinople: Blachernai,,,Attaleiates: History,253.20 / 183.5,Constantinople: Blachernai: took terrible oaths before the emperor in the shrine at  Blachernai,Roussel 61: Constantinople Blachernai: Specifies presence,Specifies presence,,,,
Michael,7,234803,Constantinople: Blachernai,,,Attaleiates: History,253.20 / 183.5,Constantinople: Blachernai: met up with <Roussel 61> who gave him an oath of loyalty in the shrine at  Blachernai,Michael 7: Constantinople Blachernai: Specifies presence,Specifies presence,,,,
Roussel,61,234802,Constantinople,https://pleiades.stoa.org/places/520998,,Attaleiates: History,253.21 / 183.6,Constantinople: was put at the head of the troops sent against <Ioannes 61> and left Constantinople,Roussel 61: Constantinople:Specifies presence ,Specifies presence,,,,
Michael,7,234805,Constantinople: Blachernai,,,Attaleiates: History,256.11 / 184.26,Constantinople: Blachernai: deliberated with the senate at the palace of  Blachernai,"Michael 7: Constantinople, Balchernai: Specfies presence",Specifies presence,,,,
Michael,202,234804,Constantinople,https://pleiades.stoa.org/places/520998,,Attaleiates: History,256.3 / 184.19,Constantinople: participated in many court cases both while on campaign and at Constantinople,Michael 202: Constantinople: Specifies presence ,Specifies presence,J 1078,Attaleiates,,
Nikephoros,3,234814,Constantinople,https://pleiades.stoa.org/places/520998,,Attaleiates: History,261.17 / 188.5,"Constantinople: was welcomed with great splendour, acclamations and festivals in Constantinople",Nikephoros 3: Constantinople: Specifies presence ,Specifies presence,J 1078,Attaleiates,,
Nikephoros,3,234817,Constantinople,https://pleiades.stoa.org/places/520998,,Attaleiates: History,263.14 / 189.12,Constantinople: took the road from his home town (Lampe) to Constantinople,Nikephoros 3: Constantinople: Does not specify presence ,Does not specify presence,,,,
Leon,61,234453,Constantinople,https://pleiades.stoa.org/places/520998,,Attaleiates: History,27.14 / 22.5,Constantinople: appeared with his forces hoping he would be welcomed into Constantinople,Leon 61: Constantinople: Specifies presence near,Specifies presence near,J 1047,Attaleiates,,
Michael,7,234831,Constantinople: Blachernai,,,Attaleiates: History,270.20-21 / 194.4,Constantinople: Blachernai: was deposed and fled to the palace at  Blachernai,"Michael 7: Constantinople, Bachernai: Specifies presence ",Specifies presence,J 1078,Attaleiates,,
Aimilianos,61,234829,Constantinople,https://pleiades.stoa.org/places/520998,,Attaleiates: History,270.7 / 193.21,Constantinople: was staying at Constantinople,Aimilianos 61: Constantinople: Specifies presence ,Specifies presence,J 1078,Attaleiates,,
Michael,7,234833,Constantinople: Blachernai,,,Attaleiates: History,271.12 / 194.16,Constantinople: Blachernai: was tonsured in the church of  Blachernai,"Michael 7: Constantinople, Blachernai: Specifies presence ",Specifies presence,J 1078,Attaleiates,,
Nikephoros,3,234839,Constantinople,https://pleiades.stoa.org/places/520998,,Attaleiates: History,273.4 / 196.4,Constantinople: embarked from Prainetos on the imperial ship for Constantinople,Nikephoros 3: Constantinople: Specifies presence ,Specifies presence,,,,
Kosmas,11,234862,Constantinople,https://pleiades.stoa.org/places/520998,,Attaleiates: History,303.10-11 / 217.3,Constantinople: was patriarch of Constantinople,Kosmas 11: Constantinople: Specifies presence (Dignity),Dignity,,,,
Eudokia,1,234863,Constantinople,https://pleiades.stoa.org/places/520998,,Attaleiates: History,304.6-10 / 217.16-19,Constantinople: was banished by her son but was then allowed by <Nikephoros 3> into Constantinople,Eudokia 1: Constantinople: Specifies presence ,Specifies presence,,,,
Anonymae,5000,234864,Constantinople,https://pleiades.stoa.org/places/520998,,Attaleiates: History,304.9-10 / 217.19,Constantinople: were allowed by Botaneiates (<Nikephoros 3>) together with their mother back into Constantinople,Anonymus 5000: Constantinople: Specifies presence ,Specifies presence,,,,
Andronikos,62,234865,Constantinople,https://pleiades.stoa.org/places/520998,,Attaleiates: History,304.9-10 / 217.19,Constantinople: was allowed by Botaneiates (<Nikephoros 3>) together with his mother back into Constantinople,Andronikos 61: Constantinople: Specifies presence ,Specifies presence,,,,
Konstantios,61,234866,Constantinople,https://pleiades.stoa.org/places/520998,,Attaleiates: History,304.9-10 / 217.19,Constantinople: was allowed by Botaneiates (<Nikephoros 3>) together with his mother back into Constantinople,Konstantios 61: Constantinople: Specifies presence ,Specifies presence,,,,
Konstantios,61,234867,Constantinople,https://pleiades.stoa.org/places/520998,,Attaleiates: History,305.2 / 218.3,Constantinople: was banished by his brother (<Michael 7>) from the palace and Constantinople,Konstantios 61: Constantinople: Does not specify presence ,Does not specify presence,,,,
Anonymus,5085,234873,Constantinople,https://pleiades.stoa.org/places/520998,,Attaleiates: History,307.23 / 219.28,Constantinople: was not at Chrysopolis when clashes erupted among the troops there but was away at Constantinople,Anonymus 5085: Constantinople:Specifies presence ,Specifies presence,,,,
Isaakios,1,234477,Constantinople,https://pleiades.stoa.org/places/520998,,Attaleiates: History,56.7 / 42.20,Constantinople: after his victory over the imperial troops left for Constantinople,Isaakios 1: Constantinople: Specifies presence  ,Specifies presence,J 1056-57 TIQ,Attaleiates,,
Michael,11,234485,Constantinople: Blachernai,,,Attaleiates: History,63.15 / 48.26,Constantinople: Blachernai: was seized by armed soldiers and taken to the shore at  Blachernai,"Michael 11: Constantinople, Blachernai: Specifies presence",Specifies presence,,,,
Michael,11,234484,Constantinople,https://pleiades.stoa.org/places/520998,,Attaleiates: History,63.6 / 48.19,Constantinople: founded a monastery outside the city walls to the west of Constantinople,"Michael 11: Constantinople, outside city walls: Specfiies presence",Specifies presence,J 1058,Attaleiates,,
Michael,11,234486,Constantinople,https://pleiades.stoa.org/places/520998,,Attaleiates: History,66.4 / 50.20,Constantinople: was brought after his death with great honour back to Constantinople,Michael 11: Constantinople: Specifies presence  ,Specifies presence,,,,
Isaakios,1,234490,Constantinople,https://pleiades.stoa.org/places/520998,,Attaleiates: History,68.19 / 52.16,Constantinople: heard of the false rumour of rebellion and hurried back to Constantinople,Isaakios 1: Constantinople: Specifies presence ,Specifies presence,,,,
Anonymus,103,234501,Constantinople,https://pleiades.stoa.org/places/520998,,Attaleiates: History,74.16 / 56.25,Constantinople: was eparch of Constantinople,Anonymus 103: Constantinople: specifies presence (Dignity),Dignity,,,,
Konstantinos,10,234513,Constantinople,https://pleiades.stoa.org/places/520998,,Attaleiates: History,85.3 / 64.8,Constantinople: decided to campaign against the Uzes and left Constantinople,Konstantinos 10: Constantinople: specifies presence ,Specifies presence,,,,
Konstantinos,10,234516,Constantinople,https://pleiades.stoa.org/places/520998,,Attaleiates: History,86.8 / 65.5,Constantinople: learnt of the destruction of the Uzes and returned to Constantinople,Konstantinos 10: Constantinople: specifies presence ,Specifies presence,,,,
Michael,4,234422,Constantinople,https://pleiades.stoa.org/places/520998,,Attaleiates: History,9.22 / 7.21,Constantinople: returned in order to prepare for war from Thessalonike to Constantinople,Michael 4: Constantinople: Specifies presence ,Specifies presence,J 1067-68 TIQ,Attaleiates,,
Amertikes,101,234525,Constantinople,https://pleiades.stoa.org/places/520998,,Attaleiates: History,94.23 / 71.24,Constantinople: was received with great honours by the emperor and remained at Constantinople,Amertikes 101: Constantinople: Specifies presence ,Specifies presence,J 1067-68 TIQ,Attaleiates,,
Amertikes,101,234523,Aleppo,https://pleiades.stoa.org/places/658409,,Attaleiates: History,95.4 / 72.3,Aleppo: defected from the Romans and went to Aleppo,Amertikes 101: Aleppo: Specifies presence ,Specifies presence,J 1067-68 TIQ,Attaleiates,,
Mahmud,101,234526,Aleppo,https://pleiades.stoa.org/places/658409,,Attaleiates: History,95.4 / 72.3,Aleppo: was the ruler of Aleppo,Mahmud 101: Aleppo: Specifies presence (Dignity),Dignity,,,,
Anonymus,104,234530,Constantinople,https://pleiades.stoa.org/places/520998,,Attaleiates: History,98.11-12 / 74.13,Constantinople: captured <Romanos 4> Diogenes and carried him in chains to Constantinople,Anonymus 104: Constantinople: Specifies presence ,Specifies presence,,,,
Romanos,4,234531,Constantinople,https://pleiades.stoa.org/places/520998,,Attaleiates: History,98.11-12 / 74.13,Constantinople: was captured by <Anonymus 104> and carried in chains to Constantinople,Romanos 4: Constantinople: Specifies presence ,Specifies presence,J 1067-68 TIQ,Attaleiates,,
Romanos,4,234536,Constantinople,https://pleiades.stoa.org/places/520998,,Attaleiates: History,99.22 / 75.13,Constantinople: was summoned back from Cappadocia to Constantinople,Romanos 4: Constantinople: Specifies presence ,Specifies presence,J 1067-68 TIQ,Attaleiates,,
Ioannes,2,437101,Tigris (river),,,"Basilakios, Orationes et epistulae",24.34,Tigris (river): with the help of his ecclesiastical establishment had influence beyond the Tigris,Ioannes 2: Tigris river: Does not specify presence ,Does not specify presence,,,,
Nikolaos,14,437180,Constantinople,https://pleiades.stoa.org/places/520998,,"Basilakios, Orationes et epistulae","75, tit",Constantinople: was patriarch of Constantinople,Nikolaos 14: Constantinople: Specifies presence (Dignity),Dignity,,,,
Konstantinos,13,226473,Constantinople,https://pleiades.stoa.org/places/520998,,Boilas,39,Constantinople: served as patriarch of Constantinople,Konstantinos 13: Constantinople: Specifies presence ,Specifies presence,,,,
Anna,61,236754,Constantinople,https://pleiades.stoa.org/places/520998,,Bryennios,103.15,Constantinople: learnt of her son (<Manuel 61>)'s illness while residing at Constantinople,Anna 61: Constantinople: Specifies presence ,Specifies presence,,,,
Manuel,61,236748,Constantinople,https://pleiades.stoa.org/places/520998,,Bryennios,103.4,Constantinople: having convinced <Chrysoskoulos 101> to side with the Roman emperor he returned with him to Constantinople,Manuel 61: Constantinople: Specfies presence ,Specifies presence,,,,
Chrysoskoulos,101,236749,Constantinople,https://pleiades.stoa.org/places/520998,,Bryennios,103.4,Constantinople: returned with <Manuel 61> to Constantinople,Chrysoskoulos 101: Constantinople: Specifies presence ,Specifies presence,,,,
Anonymi,5025,236778,Constantinople,https://pleiades.stoa.org/places/520998,,Bryennios,119.9,Constantinople: brought news of the disaster in the war with the Turks to Constantinople,Anonymi 5205: Constantinople: Specifies presence ,Specifies presence,,,,
Konstantinos,61,236797,Constantinople,https://pleiades.stoa.org/places/520998,,Bryennios,133.1,Constantinople: defeated Diogenes (<Romanos 4>) and returned to Constantinople,Konstantinos 61: Constantinople: Specfies presence ,Specifies presence,,,,
Alexios,1,236820,Constantinople,https://pleiades.stoa.org/places/520998,,Bryennios,155.26,Constantinople: left Ankyra in order to gather the gold needed for his brother (<Isaakios 61>)'s ransom at Constantinople,Alexios 1: Constantinople: Does not specify presence,Does not specify presence,,,,
Alexios,1,236823,Constantinople,https://pleiades.stoa.org/places/520998,,Bryennios,157.29,Constantinople: spent three days at Ankyra and left together with his brother (<Isaakios 61>) for Constantinople,Alexios 1: Constantinople: Does not specify presence,Does not specify presence,,,,
Isaakios,61,236824,Constantinople,https://pleiades.stoa.org/places/520998,,Bryennios,157.29,Constantinople: spent three days at Ankyra and left together with his brother (<Alexios 1>) for Constantinople,Isaakios 61: Constantinople: Does not specify presence,Does not specify presence,,,,
Alexios,1,236832,Constantinople,https://pleiades.stoa.org/places/520998,,Bryennios,165.32,Constantinople: escaped unscathed with his men the Turkish attack at Dekte and within four days reached Constantinople,Alexios 1:Constantinople: Specifies presence ,Specifies presence,,,,
Arabates,101,236833,Constantinople,https://pleiades.stoa.org/places/520998,,Bryennios,165.32,Constantinople: escaped unscathed with <Alexios 1> and his men the Turkish attack at Dekte and within four days reached Constantinople,Arabates 101: Constantinople: Specifies presence ,Specifies presence,,,,
Chaskares,101,447016,Constantinople,https://pleiades.stoa.org/places/520998,,Bryennios,165.32,Constantinople: escaped unscathed with <Alexios 1> and his men from the Turkish attack at Dekte and within four days reached Constantinople,Chaskares 101: Constantinople: Specifies presence ,Specifies presence,,,,
Andronikos,61,236850,Constantinople,https://pleiades.stoa.org/places/520998,,Bryennios,"173.15, 209.16",Constantinople: was sent by <Roussel 61> at his father (<Ioannes 62>)'s request to be treated for his wounds at Constantinople,Andronikos 61: Constantinople: Specifies presence ,Specifies presence,,,,
Alexios,1,236883,Constantinople,https://pleiades.stoa.org/places/520998,,Bryennios,201.9,Constantinople: returned (from Herakleia) and was welcomed by the emperor (<Michael 7>) at  Constantinople,Alexios 1: Constantinople: Specifies presence ,Specifies presence,,,,
Aimilianos,61,236889,Constantinople,https://pleiades.stoa.org/places/520998,,Bryennios,205.15,Constantinople: compelled to obey the orders of the emperor (<Michael 7>) went to Laodikeia and from there sailed to Constantinople,Aimilianos 61: Constantinople: Specifies presence ,Specifies presence,,,,
Nikephoros,62,236892,Constantinople,https://pleiades.stoa.org/places/520998,,Bryennios,211.17,Constantinople: was summoned by the emperor (<Michael 7>) from Adrianople to Constantinople,Nikephoros 62: Constantinople:Specifies presence ,Specifies presence,,,,
Nikephoros,61,236901,Constantinople,https://pleiades.stoa.org/places/520998,,Bryennios,217.23,Constantinople: agreed with <Ioannes 61> Bryennios on their plot and remained in Constantinople,Nikephoros 61: Constantinople: Specifies presence ,Specifies presence,,,,
Ioannes,61,236898,Constantinople,https://pleiades.stoa.org/places/520998,,Bryennios,217.5,Constantinople: defeated the Scythians and returned to Constantinople,Ioannes 61: Constantinople: Specifies presence ,Specifies presence,,,,
Ioannes,61,236914,Constantinople: Blachernai,,,Bryennios,233.16,Constantinople: Blachernai: arrived near Constantinople: Blachernai and pitched his camp opposite the palace of  Blachernai,"Ioannes 61: Constantinople, Balchernai: Specifies presence near",Specifies presence near,,,,
Ioannes,61,236913,Constantinople,https://pleiades.stoa.org/places/520998,,Bryennios,233.6-7,Constantinople: was sent by his brother (<Nikephoros 62>) with an army to Constantinople,Ioannes 61: Constantinople: Specifies presence near,Specifies presence near,,,,
Ioannes,61,236916,Constantinople,https://pleiades.stoa.org/places/520998,,Bryennios,235.10-11,Constantinople: decided to besiege Constantinople,Ioannes 61: Constantinople: Specifies presence near,Specifies presence near,,,,
Michael,7,236930,Constantinople: Blachernai,,,Bryennios,245.9-10,Constantinople: Blachernai: happened to be at the same time as the kaisar (<Ioannes 62>) at the church of  Blachernai,"Michael 7: Constantinople, Blachernai: Specifies presence",Specifies presence,,,,
Michael,7,236931,Constantinople: Blachernai,,,Bryennios,249.4,Constantinople: Blachernai: wrote a letter of abdication and fled to the church of the Mother of God at  Blachernai,"Michael 7: Constantinople, Blachernai: Specifies presence",Specifies presence,,,,
Nikephoros,62,236944,Constantinople,https://pleiades.stoa.org/places/520998,,Bryennios,259.12,"Constantinople: learnt of the revolt against <Michael 7>, gathered his troops, and marched against Constantinople",Nikephoros 62: Constantinople: Does not specify presence ,Does not specify presence,,,,
Alexios,1,236959,Constantinople,https://pleiades.stoa.org/places/520998,,Bryennios,281.27-28,Constantinople: took his captive (<Nikephoros 62> Bryennios) and left for Constantinople,Alexios 1: Constantinople: Does not specify presence ,Does not specify presence,,,,
Alexios,1,236963,Constantinople,https://pleiades.stoa.org/places/520998,,Bryennios,283.21,Constantinople: left for Adrianople after spending three days outside Constantinople,Alexios 1: Constantinople: Specifes presence near,Specifies presence near,,,,
Alexios,1,236981,Constantinople,https://pleiades.stoa.org/places/520998,,Bryennios,297.23,Constantinople: returned after his victory over Basilakes (<Nikephoros 61>) to Constantinople,Alexios 1: Constantinople: Specifies presence ,Specifies presence,,,,
Alexios,1,236991,Constantinople,https://pleiades.stoa.org/places/520998,,Bryennios,299.24-25,Constantinople: completed his campaign against the Pechenegs and returned to Constantinople,Alexios 1: Constantinople: Specifies presence ,Specifies presence,,,,
Basileios,61,237010,Constantinople,https://pleiades.stoa.org/places/520998,,Bryennios,311.13-14,Constantinople: returned to Constantinople,Basileios 61: Constantinople: Specifies presence ,Specifies presence,,,,
Ioannes,64,237005,Constantinople,https://pleiades.stoa.org/places/520998,,Bryennios,311.9,Constantinople: returned after the campaign against <Nikephoros 115> Melissenos to Constantinople,Ioannes 64: Constantinople: Specifies presence ,Specifies presence,,,,
Isaakios,101,237007,Constantinople,https://pleiades.stoa.org/places/520998,,Bryennios,311.9,Constantinople: returned after the campaign against <Nikephoros 115> Melissenos to Constantinople,Isaakios 101: Constantinople: Specifies presence ,Specifies presence,,,,
Georgios,61,237003,Constantinople,https://pleiades.stoa.org/places/520998,,Bryennios,"311.9, 311.13-14",Constantinople: returned after the campaign against <Nikephoros 115> Melissenos to Constantinople,Georgios 61: Constantinople: Specifies presence ,Specifies presence,,,,
Konstantios,61,236712,Constantinople,https://pleiades.stoa.org/places/520998,,Bryennios,57.19-20,"Constantinople: being taken to be placed on the throne, he met the hostility of the populace in the streets of Connstantinople",Konstantios 61: Constantinople: Specifies presence ,Specifies presence,,,,
Alexios,1,236713,Constantinople,https://pleiades.stoa.org/places/520998,,Bryennios,57.19-20,"Constantinople: intending to place <Konstantios 61> on the throne, he met the hostility of the populace in the  streets of Constantinople",Alexios 1: Constantinople: Specifies presence ,Specifies presence,,,,
Alexios,1,236718,Constantinople,https://pleiades.stoa.org/places/520998,,Bryennios,63.22,"Constantinople: fearing for his safety, left for Adrianople, abandoning Constantinople",Alexios 1: Constantinople: Specifies presence ,Specifies presence,,,,
Alexios,1,236714,Constantinople,https://pleiades.stoa.org/places/520998,,Bryennios,63.6-7,Constantinople: handed over the vanquished <Nikephoros 62> Bryennios and <Nikephoros 61> Basilakes to the emperor (<Nikephoros 3>) at Constantinople,Alexios 1: Constantinople: Specifies presence ,Specifies presence,,,,
Nikephoros,62,236715,Constantinople,https://pleiades.stoa.org/places/520998,,Bryennios,63.6-7,Constantinople: vanquished and imprisoned by <Alexios 1> Komnenos he was then handed over to the emperor (<Nikephoros 3>) at Constantinople,Nikephoros 62: Constantinople: Specifies presence ,Specifies presence,,,,
Nikephoros,61,236716,Constantinople,https://pleiades.stoa.org/places/520998,,Bryennios,63.6-7,"Constantinople: vanquished and imprisoned by <Alexios 1> Komnenos, he was then handed over to the emperor (<Nikephoros 3>) at Constantinople",Nikephoros 61: Constantinople: Specifies presence ,Specifies presence,,,,
Nikephoros,3,236717,Constantinople,https://pleiades.stoa.org/places/520998,,Bryennios,63.6-7,Constantinople: was handed over the vanquished rebels <Nikephoros 62> Bryennios and <Nikephoros 61> Basilakes by <Alexios 1> Komnenos at Constantinople,Nikephoros 3: Constantinople: Specifies presence ,Specifies presence,,,,
Alexios,1,236720,Constantinople,https://pleiades.stoa.org/places/520998,,Bryennios,67.5,Constantinople: was proclaimed emperor and then entered Constantinople,Alexios 1: Constantinople: Specifies presence ,Specifies presence,,,,
Alexios,1,438856,Constantinople: Christos Philanthropos,,,"Christos Philanthropos, note",33,Constantinople: Christos Philanthropos: was founder of the monastery of Christos Philanthropos,"Alexios 1: Constantinople, Christos Philanthropos: Does not specify presence ",Does not specify presence,,,,
Kosmas,11,224982,Constantinople,https://pleiades.stoa.org/places/520998,,Chrysobull of 1079,30,Constantinople: was archbishop (patriarch) of Constantinople,Kosmas 11: Constantinople: Specifies presence (Dignity),Dignity,J 1079,,,
Georgios,185,225000,Antioch (Pisidia),https://pleiades.stoa.org/places/609307,,Chrysobull of 1079,31.18,Antioch (Pisidia): was metropolitan of Antioch (Pisidia),Georgios 185: Antioch: Specifies presence (Dignity),Dignity,J 1079,,,
Theophilos,101,225009,Koloneia (?),,,Chrysobull of 1079,31.27,Koloneia (?): was metropolitan of Koloneia (?),Theophilos 101: Koloneia (?): Specifies presence (Dignity),Dignity,J 1079,,,
Nikolaos,13,444575,Constantinople,https://pleiades.stoa.org/places/520998,,Clement III to Basileios of Calabria,60.10,Constantinople: was patriarch of Constantinople,Nikolaos 13: Constantinople: Specifies presence (Dignity),Dignity,,,,
Anonymus,916,444565,Grottaferrata (not far from Rome),https://pleiades.stoa.org/places/422940,,Clement III to Basileios of Calabria,60.14,Grottaferrata (not far from Rome): was hegoumenos of the monastery of Grottaferrata,Anonymus 916: Grottaferrata (not far from Rome): Specifies presence (Dignity),Dignity,,,,
Anonymus,729,438001,Bizye (Thrace),https://pleiades.stoa.org/places/511190,,Council of 1147,310,Bizye (Thrace): was archbishop of Bizye,Anonymus 729: Bizye (Thrace):  Specifies presence (Dignity),Dignity,,,,
Kosmas,12,437911,Constantinople,https://pleiades.stoa.org/places/520998,,Council of 1147,"307, tit",Constantinople: was deposed as patriarch of Constantinople,Kosmas 12: Constantinople: Specifies presence (Dignity),Dignity,,,,
Konstantinos,25004,438433,Constantinople,https://pleiades.stoa.org/places/520998,,Council of 1157,317,Constantinople: was patriarch of Constantinople,Konstantinos 25004: Constantinople: Specifies presence (Dignity),Dignity,,,,
Dominikos,101,434882,Grado,,,Domenico of Grado,205.6,Grado: Aquileia: he was archbishop of Grado or Aquileia,Dominikos 101: Grado: Aquileia: Specifies presence (Dignity),Dignity,,,,
Eustathios,61,373992,Constantinople,https://pleiades.stoa.org/places/520998,,Eustathios Romaios,Peira 18.5,Constantinople: restricted rules over sea-views to Constantinople,Eustathios 61: Constantinople: Specifies presence ,Specifies presence,,,,
Michael,207,373991,Constantinople,https://pleiades.stoa.org/places/520998,,Eustathios Romaios,"Ralles-Potles V, 36",Constantinople: supported <Eustathios 61>’s conclusions in Constantinople,Michael 207: Constantinople: Specifies presence ,Specifies presence,,,,
Bohemond,61,442769,"Baalbek (Helioupolis, Malbec)",https://pleiades.stoa.org/places/678179,,Eustathios: Capture of Thessalonike,1.34.5,"Baalbek (Helioupolis, Malbec): went northwards via Banyas to Baalbek (Helioupolis, Malbec)","Bohemond 61: Baalbek (Helioupolis, Malbec):  Specifies presence ",Specifies presence,,,,
Fulcher,101,442526,Antioch (Pisidia),https://pleiades.stoa.org/places/609307,,Fulcher of Chartres,1.13.1,Antioch (Pisidia): stressed the sufferings of the journey around Antioch in Pisidia,Fulcher 101: Antioch (Pisidia): Specifies presence ,Specifies presence,,,,
Godfrey,51,442661,Sarepta (near Sidon),https://pleiades.stoa.org/places/678374,,Fulcher of Chartres,1.25.10,"Sarepta (near Sidon): with the other crusaders, went on via Sidon to Sarepta (near Sidon, antiquarian toponym?)",Godfrey 51: Sarepta (near Sidon): Specifies presence ,Specifies presence,J 1099,Fulcher of Chartres,,
Godfrey,51,442663,Ziph (near Acre),https://pleiades.stoa.org/places/688047,,Fulcher of Chartres,1.25.11,"Ziph (near Acre): with the other crusaders, went on via Tyre to Ziph (near Acre, antiquarian toponym?)",Godfrey 51: Ziph (near Acre): Specifies presence ,Specifies presence,J 1099,Fulcher of Chartres,,
Godfrey,51,442666,"Dora (near Caesarea, Palestine)",,,Fulcher of Chartres,1.25.11,"Dora (near Caesarea, Palestine): with the other crusaders, went on via Haifa to Dora (near Caesarea, antiquarian toponym?)","Godfrey 51: Dora (near Caesarea, Palestine): Specifies presence ",Specifies presence,J 1099,Fulcher of Chartres,,
Baldwin,52,442679,Emmaeus (Palestine),,,Fulcher of Chartres,1.25.13,"Emmaeus (Palestine): as the last stop before Jerusalem, camped at Emmaeus",Baldwin 52: Emmaeus (Palestine): Specifies presence ,Specifies presence,J 1099,Fulcher of Chartres,,
Tancred,61,442680,Emmaeus (Palestine),,,Fulcher of Chartres,1.25.13,"Emmaeus (Palestine): as the last stop before Jerusalem, camped at Emmaeus",Tancred 61:Emmaeus (Palestine): Specifies presence ,Specifies presence,J 1099,Fulcher of Chartres,,
Raymond,61,442720,Constantinople,https://pleiades.stoa.org/places/520998,,Fulcher of Chartres,1.32.1,"Constantinople: after the Crusade, left <Anonyma 4007> at Laodikeia and went to Constantinople",Raymond 61: Constantinople: Specifies presence ,Specifies presence,J 1099,Fulcher of Chartres,,
Robert,62,442722,Constantinople,https://pleiades.stoa.org/places/520998,,Fulcher of Chartres,1.32.1,"Constantinople: After the Crusade, went home via Constantinople",Robert 62: Constantinople: Specifies presence ,Specifies presence,J 1099,Fulcher of Chartres,,
Robert,63,442723,Constantinople,https://pleiades.stoa.org/places/520998,,Fulcher of Chartres,1.32.1,"Constantinople: After the Crusade, went home via Constantinople",Robert 63: Constantinople: Specifies presence ,Specifies presence,J 1099,Fulcher of Chartres,,
Baldwin,51,442752,"Baniyas (Valania, near Laodikeia)",https://pleiades.stoa.org/places/668206,,Fulcher of Chartres,1.33.7,"Baniyas (Valania, near Laodikeia): met <Bohemond 61> and <Daimbert 4001>, who were waiting at Baniyas","Baldwin 51: Baniyas (Valania, near Laodikeia): Specifies presence ",Specifies presence,J 1099,Fulcher of Chartres,,
Bohemond,61,442753,"Baniyas (Valania, near Laodikeia)",https://pleiades.stoa.org/places/668206,,Fulcher of Chartres,1.33.7,"Baniyas (Valania, near Laodikeia): waited for <Baldwin 51> at Baniyas","Bohemond 61: Baniyas (Valania, near Laodikeia): Specifies presence ",Specifies presence,J 1099,Fulcher of Chartres,,
Anonymus,4029,442755,"Baniyas (Valania, near Laodikeia)",https://pleiades.stoa.org/places/668206,,Fulcher of Chartres,1.33.7,"Baniyas (Valania, near Laodikeia): waited for <Baldwin 51> at Baniyas","Anonymus 4029: Baniyas (Valania, near Laodikeia): Specifies presence ",Specifies presence,J 1099,Fulcher of Chartres,,
Daimbert,4001,442754,"Baniyas (Valania, near Laodikeia)",https://pleiades.stoa.org/places/668206,,Fulcher of Chartres,1.33.8,"Baniyas (Valania, near Laodikeia): waited for <Baldwin 51> at Baniyas","Daimbert 4001: Baniyas (Valania, near Laodikeia):Specifies presence ",Specifies presence,J 1099,Fulcher of Chartres,,
Baldwin,51,442764,"Baalbek (Helioupolis, Malbec)",https://pleiades.stoa.org/places/678179,,Fulcher of Chartres,1.34.5,"Baalbek (Helioupolis, Malbec): went northwards via Banyas to Baalbek (Helioupolis, Malbec)","Baldwin 51: Baalbek (Helioupolis, Malbec): Specifies presence ",Specifies presence,J 1100,Fulcher of Chartres,,
Klemes,23,442396,Ravenna,,,Fulcher of Chartres,1.5.8,Ravenna: was archbishop of Ravenna,Klemes 23: Ravenna: Does not specify presence (was in Germany at this time) (Dignity),Dignity,,,,
Hugh,4001,442417,Constantinople,https://pleiades.stoa.org/places/520998,,Fulcher of Chartres,1.6.3,"Constantinople: was transferred to Constantinople, where he waited for a time",Hugh 4001: Constantinople: Specifies presence ,Specifies presence,J 1096,Fulcher of Chartres,,
Stephanos,4001,442487,Constantinople,https://pleiades.stoa.org/places/520998,,Fulcher of Chartres,1.8.5-8,Constantinople: he went up the Via Egnatia from Dyrrachion to Constantinople - see <Robert 63>,Stephanos 4001: Constantinople: Specifies presence ,Specifies presence,J 1097,Fulcher of Chartres,,
Robert,63,442473,Devil (river of the),,,Fulcher of Chartres,1.8.6,"Devil (river of the): lost many people while fording the river of the Devil (probably the Skumbi, not the Devol or the Drin)",Robert 63: Devil (river of the): Specifies presence ,Specifies presence,J 1097,Fulcher of Chartres,,
Robert,63,442476,Bitola,,https://www.geonames.org/792578,Fulcher of Chartres,1.8.7,"Bitola: en route from Ohrid eastwards, passed through Bitola",Robert 63: Bitola:  Specifies presence ,Specifies presence,J 1097,Fulcher of Chartres,,
Robert,63,442477,Edessa (Macedonia),https://pleiades.stoa.org/places/491585,,Fulcher of Chartres,1.8.7,"Edessa (Macedonia): en route from Bitola eastwards, passed through ""Bofinat"", probably Vodena = Edessa",Robert 63: Edessa (Macedonia): Specifies presence ,Specifies presence,J 1097,Fulcher of Chartres,,
Robert,63,442478,Pella (Macedonia),https://pleiades.stoa.org/places/491688,,Fulcher of Chartres,1.8.7,"Pella (Macedonia): en route from Edessa eastwards, passed through ""Stella"", probably = Pella",Robert 63: Pella (Macedonia): Specifies presence ,Specifies presence,J 1097,Fulcher of Chartres,,
Robert,63,442482,"Philippi (valley of, Macedonia)",,,Fulcher of Chartres,1.8.7,"Philippi (valley of, Macedonia): went up the valley of Philippi","Robert 63: Philippi (valley of, Macedonia): Specifies presence ",Specifies presence,J 1097,Fulcher of Chartres,,
Robert,63,442489,Moysinopoulos (Messinopolis),,,Fulcher of Chartres,1.8.8,Moysinopoulos (Messinopolis): After Peritheorion he proceeded to Messinopolis,Robert 63: Moysinopoulos (Messinopolis): Specifies presence ,Specifies presence,J 1097,Fulcher of Chartres,,
Robert,63,442499,Constantinople,https://pleiades.stoa.org/places/520998,,Fulcher of Chartres,1.8.8,Constantinople: went beyond Athyras to rest for 14 days outside Constantinople,Robert 63: Constantinople: Specifies presence near,Specifies presence near,J 1097,Fulcher of Chartres,,
Janah,101,442806,Aleppo,https://pleiades.stoa.org/places/658409,,Fulcher of Chartres,2.1.5,"Aleppo: was called ruler of Aleppo [inaccurate, at least at this date]",Janah 101: Aleppo: Specifies presence (Dignity),Dignity,,,,
Daimbert,4001,442951,Raqqa,,,Fulcher of Chartres,2.27.2,Raqqa: was involved in the disastrous defeat at Raqqa (near Harran),Daimbert 101: Raqqa:  Specifies presence ,Specifies presence,J 1104 ,Fulcher of Chartres,,
Bohemond,61,442952,Raqqa,,,Fulcher of Chartres,2.27.2,Raqqa: was almost captured in the disastrous defeat at Raqqa (near Harran),Bohemond 61: Raqqa:  Specifies presence ,Specifies presence,J 1104 ,Fulcher of Chartres,,
Tancred,61,442953,Raqqa,,,Fulcher of Chartres,2.27.2,Raqqa: was almost captured in the disastrous defeat at Raqqa (near Harran),Tancred 61: Raqqa:  Specifies presence ,Specifies presence,J 1104 ,Fulcher of Chartres,,
Benediktos,4001,442954,Raqqa,,,Fulcher of Chartres,2.27.2,Raqqa: was captured but soon freed in the disastrous defeat at Raqqa (near Harran),Benediktos 4001:Raqqa:  Specifies presence ,Specifies presence,J 1104 ,Fulcher of Chartres,,
Baldwin,52,442949,Raqqa,,,Fulcher of Chartres,2.27.3,Raqqa: was captured in the disastrous battle at Raqqa (near Harran),Baldwin 52:Raqqa:  Specifies presence ,Specifies presence,J 1104 ,Fulcher of Chartres,,
Joscelin,4001,442950,Raqqa,,,Fulcher of Chartres,2.27.3,Raqqa: was captured in the disastrous battle at Raqqa (near Harran),Joscelin 4001:Raqqa:  Specifies presence ,Specifies presence,J 1104 ,Fulcher of Chartres,,
Baldwin,51,442820,Antipatris (between Arsuf and Jaffa),https://pleiades.stoa.org/places/687996,,Fulcher of Chartres,2.3.12,"Antipatris (between Arsuf and Jaffa): en route to Jerusalem from Haifa, he passed Antiparis (marked as different from Arsuf)",Baldwin 51: Antipatris (between Arsuf and Jaffa): Specifies presence near,Specifies presence near,,,,
Tancred,61,443077,Rugia,,,Fulcher of Chartres,2.45.4,Rugia: waited for his southern allies at Rugia,Tancred 61: Rugia:  Specifies presence ,Specifies presence,,,,
Baldwin,51,443115,Nablus,,,Fulcher of Chartres,2.49.11,Nablus: could not prevent a destructive Turkish raid on Nablus,Baldwin 51: Nablus: Does not specify presence ,Does not specify presence,,,,
Baldwin,51,442828,Dead Sea,https://pleiades.stoa.org/places/697709,,Fulcher of Chartres,2.5.1,"Dead Sea: in his first expedition from Jerusalem, he passed the Dead Sea",Baldwin 51: Dead Sea: Specifies presence ,Specifies presence,J 1100,Fulcher of Chartres,,
Baldwin,52,443216,Aleppo,https://pleiades.stoa.org/places/658409,,Fulcher of Chartres,3.9.5,Aleppo: had three days of skirmishing with the Turks near Aleppo,Baldwin 52: Aleppo: Specifies presence near,Specifies presence near,,,,
Gregorios,106,443383,Tebenna,,,Fulcher of Chartres,376.83,Tebenna: he imprisoned his captives at Tebenna,could not find reference ,Unclear,,,,
Konstantinos,64,227339,Constantinople,https://pleiades.stoa.org/places/520998,,Glykas,588.13,Constantinople: walked in procession from the Great Palace to  Blachernai,Konstantinos 64: Constantinople: Blachernai: Specifies presence ,Specifies presence,,,,
Ioannes,68,227340,Constantinople: Blachernai,,,Glykas,588.13,Constantinople: Blachernai: walked in procession from the Great Palace to  Blachernai,Ioannes 68: Constantinople: Blachernai: Specifies presence ,Specifies presence,,,,
Niketas,104,227341,Constantinople: Blachernai,,,Glykas,588.13,Constantinople: Blachernai: walked in procession from the Great Palace to  Blachernai,Niketas 104: Constantinople: Blachernai: Specifies presence ,Specifies presence,,,,
Georgios,106,227342,Constantinople: Blachernai,,,Glykas,588.13,Constantinople: Blachernai: walked in procession from the Great Palace to  Blachernai,Georgios 106: Constantinople: Blachernai: Specifies presence ,Specifies presence,,,,
Leon,61,227372,Constantinople,https://pleiades.stoa.org/places/520998,,Glykas,596.11,Constantinople: rose in rebellion and marched against Constantinople,Leon 61: Constantinople: Specifies presence near (outisde walls),Specifies presence near,,,,
Michael,6,227386,Constantinople,https://pleiades.stoa.org/places/520998,,Glykas,600.3,Constantinople: hailed from Constantinople,Michael 6: Constantinople: Specifies presence ,Specifies presence,,,,
Romanos,4,227401,Constantinople,https://pleiades.stoa.org/places/520998,,Glykas,608.18,Constantinople: won many victories against the Turks and returned to Constantinople,Romanos 4: Constantinople: Specifies presence ,Specifies presence,,,,
Romanos,4,227402,Constantinople,https://pleiades.stoa.org/places/520998,,Glykas,609.1,Constantinople: campaigned against the Turks and returned to Constantinople,Romanos 4: Constantinople: Specifies presence ,Specifies presence,,,,
Nikephoros,62,227420,Constantinople,https://pleiades.stoa.org/places/520998,,Glykas,615.21,Constantinople: rose in rebellion and attacked Constantinople,Nikephoros 62: Constantinople: Specifies presence ,Specifies presence,,,,
Alexios,1,227431,Constantinople,https://pleiades.stoa.org/places/520998,,Glykas,618.10-11,Constantinople: took possession of Constantinople,Alexios 1: Constantinople: Specifies presence ,Specifies presence,,,,
Gregorios,27,444694,Albano (not far from Rome),,https://www.geonames.org/3183356,"Gregory VII, in Caspar","I, 18 (30.7-8)",Albano (not far from Rome): wrote a letter from Albano,Gregorios 27: Albano (not far from Rome): Specifies presence ,Specifies presence,,,,
Raymond,61,444713,Saint-Gilles,,,"Gregory VII, in Caspar","I, 46 (70.18)",Saint-Gilles: was count of Saint-Gilles,Raymond 61: Saint-Gilles: Specifies presence (Dignity),Dignity,,,,
Hugh,103,444780,Cluny (monastery in France),,,"Gregory VII, in Caspar","II, 49 (189.3)",Cluny (monastery in France): was abbot of the monastery of Cluny,Hugh 103: Cluny (monastery in France): Specifies presence (Dignity),Dignity,,,,
Anonymus,941,444773,Dzamendav (Armenian see in Cilicia),,,"Gregory VII, in Caspar","VII, 28 (509.16)",Dzamendav (Armenian see in Cilicia): was archbishop (katholikos?) of Dzamendav (?),Anonymus 941: Dzamendav (Armenian see in Cilicia): Specifies presence (Dignity),Dignity,,,,
Anonymus,941,444801,Dzamendav (Armenian see in Cilicia),,,"Gregory VII, in Caspar","VIII, 1 (510.27)",Dzamendav (Armenian see in Cilicia): was archbishop (katholikos?) of Dzamendav (?),Anonymus 941: Dzamendav (Armenian see in Cilicia): Specifies presence (Dignity),Dignity,,,,
Humbert,101,435114,Silva Candida (diocese near Rome),,,"Humbert, Commemoratio",150B.3,Silva Candida (diocese near Rome): was cardinal bishop of Silva Candida,Humbert 101: Silva Candida (diocese near Rome): Specifies presence (Dignity),Dignity,,,,
Frederick,101,435087,"Constantinople: Hagia Sophia, altar",,,"Humbert, Commemoratio",152A.4,"Constantinople: Hagia Sophia, altar: placed a bull of excommunication on the altar","Frederick 101: Constantinople: Hagia Sophia, altar: Specifies presence ",Specifies presence,,,,
Humbert,101,435103,"Constantinople: Hagia Sophia, altar",,,"Humbert, Commemoratio",152A.4,"Constantinople: Hagia Sophia, altar: placed a bull of excommunication on the altar","Humbert 101: Constantinople: Hagia Sophia, altar: Specifies presence ",Specifies presence,,,,
Petros,148,435104,"Constantinople: Hagia Sophia, altar",,,"Humbert, Commemoratio",152A.4,"Constantinople: Hagia Sophia, altar: placed a bull of excommunication on the altar","Petros 148: Constantinople: Hagia Sophia, altar: Specifies presence ",Specifies presence,,,,
Frederick,101,435088,Constantinople: Latin churches,,,"Humbert, Commemoratio",152A.9-10,Constantinople: Latin churches: set in order the Latin churches,Frederick 101: Constantinople: Latin churches: Specifies presence ,Specifies presence,,,,
Humbert,101,435105,Constantinople: Latin churches,,,"Humbert, Commemoratio",152A.9-10,Constantinople: Latin churches: set in order the Latin churches,Humbert 101: Constantinople: Latin churches: Specifies presence ,Specifies presence,,,,
Petros,148,435106,Constantinople: Latin churches,,,"Humbert, Commemoratio",152A.9-10,Constantinople: Latin churches: set in order the Latin churches,Petros 148: Constantinople: Latin churches: Specifies presence ,Specifies presence,,,,
Alexios,1,450682,Constantinople,https://pleiades.stoa.org/places/520998,,Ibn al-Athir,X 273-274 (Richards I 14),Constantinople: at first barred the way of the crusaders at Constantinople,Alexios 1: Constantinople: Specifies presence,Specifies presence,J 1097-1098 TIQ,Ibn al-Athir,,HJ 490
Arslan,101,450547,Sinjar,,,Ibn al-Athir,X 276 (Richards I 16),Sinjar: he was lord of Sinjar (dignity),Arslan 101: Sinjar: Specifies presence (Dignity),Dignity,,,,
Barkyaruq,101,450759,Hamadhan,,,Ibn al-Athir,X 294 (Richards I 28),Hamadhan: He was defeated by <Muhammad 104> near Hamadhan,Barkyaruq 101: Hamadhan: Specifies presence near,Specifies presence near,"J 1100, 14 May",Ibn al-Athir,,"HJ 493, 4 Rajab"
Muhammad,104,450765,Hamadhan,,,Ibn al-Athir,X 294 (Richards I 28),Hamadhan: He defeated <Barkyaruq 101> in a battle near Hamadhan,Muhammad 104: Hamadhan: Specifies presence near ,Specifies presence near,"J 1100, 14 May",Ibn al-Athir,,"HJ 493, 4 Rajab"
Sadaqa,101,453021,al-Hilla,https://pleiades.stoa.org/places/434655355,,Ibn al-Athir,X 308 (Richards I 37),al-Hilla: He was lord of al-Hilla (digntiy),Sadaqa 101: al-Hilla: Specifies presence (Dignity),Dignity,J 1100-1101 TIQ,Ibn al-Athir,,HJ 494
Ibn Sulayha,101,450675,Anbar,https://pleiades.stoa.org/places/894043,,Ibn al-Athir,X 311-312 (Richards I 39),Anbar: He stayed at Anbar and left his possessions there,Ibn Sulayha 101: Anbar: Does not specify presence ,Does not specify presence,,,,
Barkyaruq,101,452541,Wasit (Iraq),,,Ibn al-Athir,X 329-331 (Richards I 50-51),Wasit (Iraq): He withdrew to Wasit and recovered his strength,Barkyaruq 101: Wasit (Iraq):Specifies presence ,Specifies presence,J 1100-1101 TIQ,Ibn al-Athir,,Hj 494
Muhammad,104,452542,Rudhrawar (Iran),,,Ibn al-Athir,X 331 (Richards I 51),Rudhrawar (Iran): The armies faced each other without fighting at Rudhrawar,Muhammad 104: Rudhrawar (Iran): Specifies presence ,Specifies presence,"J 1101, 27 December ",Ibn al-Athir,,"Hj 494, 4 Rabi"
Barkyaruq,101,452543,Rudhrawar (Iran),,,Ibn al-Athir,X 331 (Richards I 51),Rudhrawar (Iran): The armies faced each other without fighting at Rudhrawar,Barkyaruq 101: Rudhrawar (Iran): Specifies presence ,Specifies presence,"J 1101, 27 December ",Ibn al-Athir,,"Hj 494, 4 Rabi"
Kerbogha,4001,452561,Khoy (Iran-Azerbaijan),,https://www.geonames.org/126972,Ibn al-Athir,X 341-342 (Richards I 58),Khoy (Iran-Azerbaijan): He died at Khoy,Kerbogha 4001: Khoy (Iran-Azerbaijan):Specifies presence (death),Specifies presence,"J 1102, 17 August-15 September",Ibn al-Athir,,Dhu'l-Qa'da
Raymond,61,452577,al-Tuban (near Rafaniyya),,,Ibn al-Athir,X 344 (Richards I 60),al-Tuban (near Rafaniyya): he failed to capture al-Tuban,Raymond 61: al-Tuban (near Rafaniyya): Specifies presence ,Specifies presence,J 1101-1102 TIQ,Ibn al-Athir,,
Ibn al-Arid,101,452578,al-Tuban (near Rafaniyya),,,Ibn al-Athir,X 344 (Richards I 60),al-Tuban (near Rafaniyya): he was commander of fortress of al-Tuban (dignity),Ibn al-Arid 101:al-Tuban (near Rafaniyya):Specifies presence ,Specifies presence,J 1101-1102 TIQ,Ibn al-Athir,,
Anonymus,1101,452584,al-Tuban (near Rafaniyya),,,Ibn al-Athir,X 344 (Richards I 60),al-Tuban (near Rafaniyya): he was captured by <Ibn al-Arid 101> at al-Tuban,Anonymus 1101:al-Tuban (near Rafaniyya): Specifies presence ,Specifies presence,J 1101-1102 TIQ,Ibn al-Athir,,
Raymond,61,452598,Hisn al-Akrad (near Homs),,https://www.geonames.org/166230,Ibn al-Athir,X 345 (Richards I 61),Hisn al-Akrad (near Homs): he attacked and besieged Hisn al-Akrad,Raymond 61: Hisn al-Akrad (near Homs): Specifies presence ,Specifies presence,J 1102,Ibn al-Athir,,Jumada II
Yinal,101,453048,Azerbayjan,,https://www.geonames.org/587116,Ibn al-Athir,X 355 (Richards I 67),Azerbayjan: He left Baghdad en route for Azerbayjan,Yinal 101: Azerbayjan: Does not specify presence ,Does not specify presence,,,,
Sokman,26101,453066,Hisn Kayfa,https://pleiades.stoa.org/places/874664,,Ibn al-Athir,X 355 (Richards I 67),Hisn Kayfa: He was lord of Hisn Kayfa,Sokman 26101: Hisn Kayfa: Specifies presence (dignity),Dignity,J 1102,Ibn al-Athir,,
Sokman,26101,453070,Tikrit,https://pleiades.stoa.org/places/894099,,Ibn al-Athir,X 355 (Richards I 67),"Tikrit: On the way from Hisn Kayfa to Baghdad, he captured Tikrit by a trick and sacked it",Sokman 26101: Tikrit:  Specifies presence ,Specifies presence,"J 1102, December",Ibn al-Athir,,Rabi'I
Mawdud,101,453076,Azerbayjan,,https://www.geonames.org/587116,Ibn al-Athir,X 360 (Richards I 70),Azerbayjan: He ruled part of Azerbayjan,Mawdud 101: Azerbayjan: Specifies presence (Dignity),Dignity,"J 1102, October",Ibn al-Athir,,20 Dhu'l-Hijja 495
Muhammad,104,453073,Khoy (Iran-Azerbaijan),,https://www.geonames.org/126972,Ibn al-Athir,X 360-361 (Richards I 71),"Khoy (Iran-Azerbaijan): His army was scattered in the fifth battle between him and <Barkyaruq 101>, which took place outside Khoy",Muhammad 104: Khoy (Iran-Azerbaijan): Specifies presence ,Specifies presence,"J 1103, 19 March ",Ibn al-Athir,,8 Jumada 
Barkyaruq,101,453075,Khoy (Iran-Azerbaijan),,https://www.geonames.org/126972,Ibn al-Athir,X 360-361 (Richards I 71),"Khoy (Iran-Azerbaijan): Fresh reinforcements won him the fifth battle between him and <Muhammad 104>, which took place outside Khoy",Barkyaruq 101:Khoy (Iran-Azerbaijan): Specifies presence ,Specifies presence,"J 1103, 19 March ",Ibn al-Athir,,
Sharaf al-Maali,101,453101,Yazur (near Ramla),,https://www.geonames.org/295584,Ibn al-Athir,X 364 (Richards I 73),Yazur (near Ramla): He won a major battle at Yazur,Sharaf al-Maali 101: Yazur (near Ramla): Specifies presence ,Specifies presence,J 1102,Ibn al-Athir,,
Baldwin,51,453102,Yazur (near Ramla),,https://www.geonames.org/295584,Ibn al-Athir,X 364 (Richards I 73),Yazur (near Ramla): His recklessness led to a heavy defeat at Yazur,Baldwin 51: Yazur (near Ramla): Specifies presence ,Specifies presence,J 1102,Ibn al-Athir,,
Balak,4001,453133,Anah (Iraq),https://pleiades.stoa.org/places/893936,,Ibn al-Athir,X 368 (Richards I 76),"Anah (Iraq): Having lost Saruj to the Franks, he took Anah from other Muslims",Balak 4001:Anah (Iraq): Specifies presence ,Specifies presence,"J 1103, October",Ibn al-Athir,,Muharram of this year 
Balak,4001,453134,al-Haditha (Iraq),,https://www.geonames.org/96309,Ibn al-Athir,X 368 (Richards I 76),"al-Haditha (Iraq): having lost Saruj to the Franks, he took control of al-Haditha",Balak 4001: al-Haditha (Iraq): Specifies presence ,Specifies presence,"J 1103, October",Ibn al-Athir,,Muharram of this year 
Sadaqa,101,453135,Anah (Iraq),https://pleiades.stoa.org/places/893936,,Ibn al-Athir,X 368 (Richards I 76),Anah (Iraq): He contested the acquisition of Anah by <Balak 4001>,Sadaqa 101: Anah (Iraq): Specifies presence ,Specifies presence,"J 1103, October",Ibn al-Athir,,Muharram of this year 
Baldwin,52,453137,Raqqa,,,Ibn al-Athir,X 369 (Richards I 76),Raqqa: Forces from Edessa made a raid on Raqqa and Qal'at al-Ja'bar,Baldwin 52: Raqqa: Specifies presence ,Specifies presence,"J 1103, November",Ibn al-Athir,,Safar of this year
Baldwin,52,453138,Qal'at Ja'bar,,,Ibn al-Athir,X 369 (Richards I 76),Qal'at Ja'bar: Forces from Edessa made a raid on Raqqa and Qal'at Ja'bar,Baldwin 52: Qal'at Ja'bar: Specifies presence ,Specifies presence,"J 1103, November",Ibn al-Athir,,Safar of this year 
Chokurmish,26101,453192,Mosul,,,Ibn al-Athir,X 375 (Richards I 80),Mosul: He took <Baldwin 52> back to prison in Mosul,Chokurmish 26101: Mosul: Specifies presence ,Specifies presence,J 1104 ,Ibn al-Athir,,
Baldwin,52,453194,Mosul,,,Ibn al-Athir,X 375 (Richards I 80),Mosul: he was taken by <Chokurmish 26101> as a prisoner to Mosul,Baldwin 52: Mosul: Specifies presence ,Specifies presence,J 1104 ,Ibn al-Athir,,
Roger,4002,445490,Balat,,,Ibn Shaddad,309,Balat: was defeated and killed at Balat,Roger 4002:Balat: Specifies presence ,Specifies presence,"J 1119, June",Ibn Shaddad,,HJ 513
Ilghazi,4001,445493,Balat,,,Ibn Shaddad,309,Balat: massacred <Roger 4001> and nearly all his men at Balat,Ilghazi 4001: Balat:Specifies presence ,Specifies presence,"J 1119, June",Ibn Shaddad,,HJ 513
Gumushtegin,101,445616,'Ayn Zarba (Cilicia),,,Ibn Shaddad,309,Ayn Zarba (Cilicia): killed <Bohemond 17001> on the field of 'Ayn Zarba,Gumushtegin 101: 'Ayn Zarba (Cilicia):Specifies presence ,Specifies presence,"J 1130 , 21 August",Ibn Shaddad,,HJ 524
Ahmad,102,445432,Aleppo,https://pleiades.stoa.org/places/658409,,Ibn Shaddad,310,"Aleppo: after the defeat of the Muslims, escaped from Antioch as far as Aleppo",Ahmad 102: Aleppo: Specifies presence ,Specifies presence,J 1098 June,Ibn Shaddad,,
Kerbogha,4001,445532,Marj Dabiq (Syria),,,Ibn Shaddad,311,"Marj Dabiq (Syria): In the march against Antioch, he joined the other Muslim armies at Marj Dabiq",Kerbogha 4001: Marj Dabiq (Syria):Specifies presence ,Specifies presence,J 1097 December - 1098 January ,Ibn Shaddad,,muḥarram HJ 491 
Yaghi Siyan,4001,445536,Armanaz,,https://www.geonames.org/172988,Ibn Shaddad,311,Armanaz: was killed at Armanaz,Yaghi Siyan 4001: Armanaz: Specifies presence ,Specifies presence,J 1098 June,Ibn Shaddad,,
Sulayman,5000,445555,al-'Amraniyya,,,Ibn Shaddad,312,"al-'Amraniyya: to avoid detection, he killed all the inhabitants of al-'Amraniyya",Sulayman 5000: al-'Amraniyya: Specifies presence ,Specifies presence,J 1084,Ibn Shaddad,,HJ 477
Sulayman,5000,445587,Antioch: Bab Faris (Knight's Gate),https://pleiades.stoa.org/places/658381,,Ibn Shaddad,312,Antioch: Bab Faris (Knight's Gate): attacked Antioch from the side of Bab Faris,Sulayman 5000: Antioch: Bab Faris (Knight's Gate): Specifies presence ,Specifies presence,J 1084,Ibn Shaddad,,HJ 477
Thimal,101,445416,Aleppo,https://pleiades.stoa.org/places/658409,,Ibn Shaddad,324,Aleppo: was a Mirdasid lord of Aleppo,Thimal 101: Aleppo:  Specifies presence (Dignity),Dignity,J 1051-52,Ibn Shaddad,,
Anonymus,983,445460,Shakki (?),,,Ibn Shaddad,324,Shakki (?): was king of Shakki,Anonymus 983:Shakki (?): Specifies presence (Dignity),Dignity,J 1067-68 TIQ,Ibn Shaddad,,HJ 460
Alp Arslan,51,445462,Khilat,,,Ibn Shaddad,324,Khilat: was said to have won a victory before Mantzikert at Khilat,Alp Arslan 51: Khilat: Specifies presence (quite speculative from the text),Specifies presence,J 1070-1071,Ibn Shaddad,,HJ 463
Alp Arslan,51,445463,Shakki (?),,,Ibn Shaddad,324,Shakki (?): conquered Shakki and gave it back to its king to rule,Alp Arslan 51: Shakki (?): Specifies presence ,Specifies presence,J 1067- 1068 TIQ,Ibn Shaddad,,Hj 460 
Alp Arslan,51,445465,Nakhshevan,,,Ibn Shaddad,324,Nakhshevan: crossed the Araxes by building boats at Nakhshevan,Alp Arslan 51:Nakhshevan: Specifies presence ,Specifies presence,J 1063- 1064 TIQ,Ibn Shaddad,,HJ 456
Ahmad,101,445345,Diyarbakir,,,Ibn Shaddad,325,Diyarbakir: was the governor of Diyarbakir,Ahmad 101: Diyarbakir: Specifies presence (Dignity),Dignity,,,,
Ioannes,2,445505,al-Bab,,,Ibn Shaddad,373,al-Bab: besieged and conquered al-Bab,Ioannes 2: al-Bab: Specifies presence ,Specifies presence,"J 1138, Easter",Ibn Shaddad,,Hj 532
Zengi,4001,445514,al-Bab,,,Ibn Shaddad,373,al-Bab: soon recovered al-Bab from Byzantine occupation,Zengi 4001: al-Bab:Specifies presence ,Specifies presence,"J 1138, 27 September",Ibn Shaddad,,HJ 533
Ridwan,4001,445517,Tall Hiraq,,,Ibn Shaddad,381,Tall Hiraq: was said to be ruler of Tall Hiraq at the end of the eleventh century,Ridwan 4001: Tall Hiraq: Specifies presence (Dignity),Dignity,,,,
Zengi,4001,445503,Buza'a,,,Ibn Shaddad,,Buza'a: rescued from the Byzantines the Muslims of Buza'a,could not find reference ,Unclear,,,,
Ioannes,2,436994,Askora,,,Italikos,251.1-2,Askora: took his first Cilician prisoners and booty at Askora,Ioannes 2: Askora: Specifies presence ,Specifies presence,,,,
Ioannes,2,436996,Ankyra (Cilicia?),,,Italikos,251.19,Ankyra (Cilicia?): sent <Alexios 103> to capture Ankyra,Ioannes 2: Ankyra (Cilicia?): Does not specify presence,Does not specify presence,,,,
Ioannes,2,436995,Kydnos (river),,,Italikos,251.3,Kydnos (river): fought on the Kydnos,Ioannes 2: Kydnos (river): Specifies presence ,Specifies presence,,,,
Ioannes,2,437003,Tigris (river),,,Italikos,256.16,Tigris (river): achieved wonders on the banks of the Tigris (unlikely),Ioannes 2: Tigris (river): Specifies presence ,Specifies presence,,,,
Ioannes,2,437005,Gastounai,,,Italikos,258.20,Gastounai: had <Alexios 103> capture Gastounai,Ioannes 2: Gastounai:  Does not specify presence,Does not specify presence,,,,
Ioannes,2,437010,Aleppo,https://pleiades.stoa.org/places/658409,,Italikos,262.13,Aleppo: decided it was not worth attacking Aleppo (long outside Byzantine control),Ioannes 2: Aleppo:  Does not specify presence,Does not specify presence,,,,
Eustratios,11,444523,"Constantinople: Hagia Sophia, Catechumen area",,,Italos trial,1-154,"Constantinople: Hagia Sophia, Catechumen area: held two synodal meetings in the catechumen area of Hagia Sophia",Eustratios 11: Constantinople: Specifies presence ,Specifies presence,,,,
Anonymus,913,444392,Tiberioupolis,https://pleiades.stoa.org/places/491742,,Italos trial,l. 416,Tiberioupolis: was metropolitan of Tiberioupolis,Anonymus 913: Tiberioupolis: Specifies presence (Dignity),Dignity,,,,
Anonymus,908,444374,Phoulloi (Gotthia),,,Italos trial,l. 7,Phoulloi (Gotthia): was archbishop of Phoulloi,Anonymus 908: Phoulloi (Gotthia): Specifies presence (Dignity),Dignity,,,,
Georgios,185,444406,Antioch (Pisidia),https://pleiades.stoa.org/places/609307,,Italos trial,l. 72,Antioch (Pisidia): was metropolitan of Antioch (Pisidia),Georgios 185: Antioch (Pisidia): Specifies presence (Dignity),Dignity,,,,
Michael,151,218540,Constantinople,https://pleiades.stoa.org/places/520998,,Iveron,2.110.16,Constantinople: followed the monks of Melissourgeion to Constantinople,Michael 151: Constantinople: Specifies presence ,Specifies presence,,,,
Ioannes,197,218706,Constantinople: Blachernai,,,Iveron,"2.192.21, 2.192.37",Constantinople: Blachernai: was a notarios of the nome of  Blachernai,Ioannes 197: Constantinople: Blachernai: Specifies presence (Dignity),Dignity,,,,
Konstantinos,148,218708,Constantinople,https://pleiades.stoa.org/places/520998,,Iveron,2.192.22,Constantinople: was a presbyter of  Blachernai,Konstantinos 148: Constantinople Blachernai: Specifies presence (Dignity),Dignity,,,,
Georgios,147,218710,Constantinople: Blachernai,,,Iveron,2.192.25,Constantinople: Blachernai: was a presbyter of  Blachernai,Georgios 147: Constantinople: Blachernai: Specifies presence (Dignity),Dignity,,,,
Ioannes,198,218712,Constantinople: Blachernai,,,Iveron,2.192.28,Constantinople: Blachernai: was a deacon of  Blachernai,Ioannes 198: Constantinople: Blachernai: Specifies presence (Dignity),Dignity,,,,
Ioannes,199,218715,Constantinople: Blachernai,,,Iveron,2.192.31,Constantinople: Blachernai: was a domestikos of  Blachernai,Ioannes 199: Constantinople: Blachernai:Specifies presence (Dignity),Dignity,,,,
Konstantinos,159,218857,Constantinople,https://pleiades.stoa.org/places/520998,,Iveron,2.230.88,Constantinople: appealed to the emperor (<Alexios 1>) concerning his dispute with Iveron and went to Constantinople,Konstantinos 159: Constantinople: Specifies presence ,Specifies presence,,,,
Eirene,61,438868,Constantinople: Kecharitomene convent,,,Kecharitomene,1-2402,built the convent of Kecharitomene,Eirene 61: Kecharitomene: Does not specify presence,Does not specify presence,,,,
Noah,101,227992,Constantinople,https://pleiades.stoa.org/places/520998,,Kekaumenos,124.20,Constantinople: was a native of Constantinople,Noah 101: Constantinople: Specifies presence ,Specifies presence,,,,
Anonymus,282,227997,Constantinople,https://pleiades.stoa.org/places/520998,,Kekaumenos,140.14,Constantinople: went to visit his cousin (<Ioannes 138>) while at Constantinople,Anonymus 282: Constantinople: Specifies presence ,Specifies presence,,,,
Ioannes,138,228001,Constantinople,https://pleiades.stoa.org/places/520998,,Kekaumenos,140.14-16,Constantinople: owned a house at Constantinople,Ioannes 138: Constantinople: Specifies presence (owenrship),Ownership,,,,
Anonymus,284,228002,Constantinople,https://pleiades.stoa.org/places/520998,,Kekaumenos,150.13,Constantinople: lived in Constantinople,Anonymus 284: Constantinople: Specifies presence ,Specifies presence,,,,
Anonymus,273,228011,Constantinople,https://pleiades.stoa.org/places/520998,,Kekaumenos,204.5,Constantinople: resided at Constantinople,Anonymus 273: Constantinople: Specifies presence ,Specifies presence,,,,
Nikoulitzas,101,228016,Constantinople,https://pleiades.stoa.org/places/520998,,Kekaumenos,206.9,Constantinople: failed to see the emperor (<Konstantinos 10>) in private and left Constantinople,Nikoulitzas 101: Constantinople: Specifies presence ,Specifies presence,,,,
Theodoros,114,228027,Constantinople,https://pleiades.stoa.org/places/520998,,Kekaumenos,218.23,Constantinople: was taken by Nikoulitzas (<Nikoulitzas 101>) to Constantinople,Theodoros 114: Constantinople:  Specifies presence ,Specifies presence,,,,
Sthlabotas,101,228028,Constantinople,https://pleiades.stoa.org/places/520998,,Kekaumenos,218.23,Constantinople: was taken by Nikoulitzas (<Nikoulitzas 101>) to Constantinople,Sthlabotas 101: Constantinople:  Specifies presence ,Specifies presence,,,,
Nikoulitzas,101,228029,Constantinople,https://pleiades.stoa.org/places/520998,,Kekaumenos,218.23,Constantinople: went to see the emperor (<Konstantinos 10>) at Constantinople,Nikoulitzas 101: Constantinople:  Specifies presence ,Specifies presence,,,,
Ioannes,18,228032,Constantinople,https://pleiades.stoa.org/places/520998,,Kekaumenos,218.26-27,Constantinople: served as patriarch of Constantinople,Ioannes 18: Constantinople:  Specifies presence  (Dignity),Dignity,,,,
Nikoulitzas,101,228036,Constantinople,https://pleiades.stoa.org/places/520998,,Kekaumenos,220.17-18,"Constantinople: was summoned by the emperor (<Romanos 4>, from Amaseia) to Constantinople",Nikoulitzas 101: Constantinople:  Specifies presence ,Specifies presence,,,,
Nikoulitzas,101,228037,Constantinople,https://pleiades.stoa.org/places/520998,,Kekaumenos,222.10,Constantinople: after the capture of the emperor (<Romanos 4>) by the Persians (Turks) returned to Constantinople,Nikoulitzas 101: Constantinople:  Specifies presence ,Specifies presence,,,,
Nikoulitzas,101,228041,Constantinople,https://pleiades.stoa.org/places/520998,,Kekaumenos,222.18,Constantinople: followed the advice of <Nikephoros 63> and went to pay his respects to the emperor (<Michael 7>) in Constantinople,Nikoulitzas 101: Constantinople:  Specifies presence ,Specifies presence,,,,
Dobronas,101,228045,Constantinople,https://pleiades.stoa.org/places/520998,,Kekaumenos,236.16,Constantinople: went to see <Michael 4> in Constantinople,Dobronas 101: Constantinople:  Specifies presence ,Specifies presence,,,,
Pinzarach,101,228049,Constantinople,https://pleiades.stoa.org/places/520998,,Kekaumenos,238.10,Constantinople: went to see the emperor (<Romanos 3>) and was allowed to leave only after spending 2 years in Constantinople,Pinzarach 101: Constantinople:  Specifies presence ,Specifies presence,,,,
Dominikos,101,434884,Grado,,,Keroularios  ,ep. to Petros of Antioch I (Will) 179.23,Grado: he was archbishop of Grado or Aquileia,Dominikos 101:Grado: Specifies presence  (Dignity),Dignity,,,,
Stephanos,52,355318,Belegrada,https://pleiades.stoa.org/places/207443,https://www.geonames.org/792680,Kinnamos,10.11-13,Belegrada: captured and destroyed Belegrada,Stephanos 52: Belegrada: Specifies presence ,Specifies presence,,,,
Ioannes,2,355629,Constantinople,https://pleiades.stoa.org/places/520998,,Kinnamos,13.15-16,Constantinople: celebrated his triumph in Constantinople,Ioannes 2: Constantinople: Specifies presence ,Specifies presence,,,,
Ioannes,2,355350,Buza'a,,,Kinnamos,19.10-12,Buza'a: captured Buza'a,Ioannes 2: Buza'a: Specifies presence ,Specifies presence,,,,
Ioannes,2,355351,Aleppo,https://pleiades.stoa.org/places/658409,,Kinnamos,19.19-21,Aleppo: bypassed Aleppo,Ioannes 2: Aleppo: Specifies presence  near,Specifies presence near,,,,
Ioannes,2,355325,Constantinople,https://pleiades.stoa.org/places/520998,,Kinnamos,"6.5, 11.22 etc.",Constantinople: returned to Constantinople,Ioannes 2: Constantinople: Specifies presence ,Specifies presence,,,,
Ioannes,2,355316,Aleppo,https://pleiades.stoa.org/places/658409,,Kinnamos,7.18,Aleppo: wintered at Aleppo,Ioannes 2: Aleppo: Specifies presence ,Specifies presence,,,,
Nikephoros,115,228428,Constantinople,https://pleiades.stoa.org/places/520998,,Kleinchroniken,168.24,Constantinople: entered Constantinople,Nikephoros 115: Constantinople: Specifies presence ,Specifies presence,,,,
Ioannes,293,228454,Constantinople,https://pleiades.stoa.org/places/520998,,Kleinchroniken,58.3,Constantinople: took <Manuel 1> to Constantinople,Ioannes 293: Constantinople: Specifies presence ,Specifies presence,,,,
Kyrillos,106,255140,Constantinople,https://pleiades.stoa.org/places/520998,,Kyrillos Phileotes,83,Constantinople: used to visit every Friday Constantinople,Kyrillos 106: Constantinople: Specifies presence ,Specifies presence,,,,
Kyrillos,106,255141,Constantinople: Blachernai,,,Kyrillos Phileotes,83,Constantinople: Blachernai: used to venerate every Friday the Theotokos at  Blachernai,Kyrillos 106: Constantinople Blachernai: Specifies presence ,Specifies presence,,,,
Kyrillos,106,255142,Constantinople: Blachernai,,,Kyrillos Phileotes,86,Constantinople: Blachernai: was stopped on his way back from the Theotokos at  Blachernai,Kyrillos 106: Constantinople: Specifies presence ,Specifies presence,,,,
Hilarion,102,255144,Constantinople,https://pleiades.stoa.org/places/520998,,Kyrillos Phileotes,88,Constantinople: was a prominent monk at Constantinople,Hilarion 102: Constantinople: Specifies presence ,Specifies presence,,,,
Ioannes,377,339731,Constantinople: Blachernai,,,Lavra,235.62,Constantinople: Blachernai: was imperial klerikos and notarios of the monastery of  Blachernai,Ioannes 377: Constantinople: Blachernai: Specifies presence  (Dignity),Dignity,,,,
Konstantinos,236,339732,Constantinople: Blachernai,,,Lavra,235.63,Constantinople: Blachernai: was presbyter of Hagia Sophia and of  Blachernai,Konstantinos 236: Constantinople: Blachernai: Specifies presence  (Dignity),Dignity,,,,
Georgios,232,339734,Constantinople: Blachernai,,,Lavra,235.64,Constantinople: Blachernai: was presbyter of  Blachernai,Georgios 232: Constantinople: Blachernai: Specifies presence  (Dignity),Dignity,,,,
Ioannes,378,339735,Constantinople: Blachernai,,,Lavra,235.65,Constantinople: Blachernai: was deacon of Hagia Sophia and of  Blachernai,Ioannes 378: Constantinople: Blachernai: Specifies presence  (Dignity),Dignity,,,,
Theodoros,184,229638,Constantinople,https://pleiades.stoa.org/places/520998,,Lazaros of Galesion,526A,Constantinople: travelled to Constantinople,Theodoros 184: Constantinople: Specifies presence ,Specifies presence,,,,
Photios,101,229666,Constantinople,https://pleiades.stoa.org/places/520998,,Lazaros of Galesion,535A,Constantinople: left Jerusalem on a journey to Constantinople,Photios 101: Constantinople: Does not specify presence,Does not specify presence,,,,
Merkourios,101,229683,Constantinople,https://pleiades.stoa.org/places/520998,,Lazaros of Galesion,537E,Constantinople: visited Constantinople,Merkourios 101: Constantinople: Specifies presence ,Specifies presence,,,,
Ignatios,107,229686,Constantinople,https://pleiades.stoa.org/places/520998,,Lazaros of Galesion,537F,Constantinople: stopped at Lopadion on his way to Constantinople,Ignatios 107: Constantinople: Does not specify presence,Does not specify presence,,,,
Anonyma,179,229687,Constantinople,https://pleiades.stoa.org/places/520998,,Lazaros of Galesion,538A,Constantinople: hailed from Constantinople,Anonyma 179: Constantinople: Specifies presence ,Specifies presence,,,,
Gregorios,135,229693,Constantinople,https://pleiades.stoa.org/places/520998,,Lazaros of Galesion,538D,Constantinople: knew <Ioannes 298> from Constantinople,Gregorios 135: Constantinople: Does not specify presence,Does not specify presence,,,,
Ioannes,298,229695,Constantinople,https://pleiades.stoa.org/places/520998,,Lazaros of Galesion,538E,Constantinople: had a son (<Georgios 196>) in Constantinople,Ioannes 298: Constantinople: Does not specify presence,Does not specify presence,,,,
Kosmas,111,229696,Constantinople,https://pleiades.stoa.org/places/520998,,Lazaros of Galesion,539A,Constantinople: returned and became a monk at Constantinople,Kosmas 111: Constantinople: Specifies presence ,Specifies presence,,,,
Anonymus,521,229704,Constantinople,https://pleiades.stoa.org/places/520998,,Lazaros of Galesion,539E,Constantinople: wished to return in good health to Constantinople,Anonymus 521: Constantinople: Specifies presence ,Specifies presence,,,,
Lazaros,104,229706,Constantinople,https://pleiades.stoa.org/places/520998,,Lazaros of Galesion,539E,Constantinople: sent a letter to <Nikephoros 141> in Constantinople,Lazaros 104: Constantinople: Does not specify presence,Does not specify presence,,,,
Hieremias,101,229719,Constantinople,https://pleiades.stoa.org/places/520998,,Lazaros of Galesion,542D,Constantinople: left the (Judean) desert for Constantinople,Hieremias 101: Constantinople: Does not specify presence,Does not specify presence,,,,
Lazaros,104,229787,Constantinople,https://pleiades.stoa.org/places/520998,,Lazaros of Galesion,575E,Constantinople: sent <Pachomios 103> and <Gabriel 102> with other brothers to Constantinople,Lazaros 104: Constantinople: Does not specify presence,Does not specify presence,,,,
Pachomios,103,229788,Constantinople,https://pleiades.stoa.org/places/520998,,Lazaros of Galesion,575E,Constantinople: was sent together with <Gabriel 102> and other brothers by <Lazaros 104> to Constantinople,Pachomios 103: Constantinople:  Specifies presence ,Specifies presence,,,,
Gabriel,102,229789,Constantinople,https://pleiades.stoa.org/places/520998,,Lazaros of Galesion,575E,Constantinople: was sent together with <Pachomios 103> and other brothers by <Lazaros 104> to Constantinople,Gabriel 102: Constantinople:  Specifies presence ,Specifies presence,,,,
Lazaros,104,229790,Constantinople,https://pleiades.stoa.org/places/520998,,Lazaros of Galesion,575F,Constantinople: sent <Kosmas 110> with a letter for the emperor (<Konstantinos 9>) to Constantinople,Lazaros 104: Constantinople: Does not specify presence,Does not specify presence,,,,
Kosmas,110,229791,Constantinople,https://pleiades.stoa.org/places/520998,,Lazaros of Galesion,575F,Constantinople: was sent by <Lazaros 104> with a letter for the emperor (<Konstantinos 9>) to Constantinople,Kosmas 110: Constantinople:  Specifies presence ,Specifies presence,,,,
Anonymus,550,229799,Constantinople,https://pleiades.stoa.org/places/520998,,Lazaros of Galesion,579A,Constantinople: persuaded <Lazaros 104> to send him on monastery business to Constantinople,Anonymus 560: Constantinople:  Specifies presence ,Specifies presence,,,,
Lazaros,104,229800,Constantinople,https://pleiades.stoa.org/places/520998,,Lazaros of Galesion,579A,Constantinople: was persuaded by <Anonymus 550> to send him on monastery business to Constantinople,Lazaros 104: Constantinople: Does not specify presence,Does not specify presence,,,,
Anonymus,550,229806,Constantinople,https://pleiades.stoa.org/places/520998,,Lazaros of Galesion,579C,Constantinople: heard of the accession of <Konstantinos 9> and left for Constantinople,Anonymus 550: Constantinople: Specifies presence ,Specifies presence,,,,
Ioannikios,105,229811,Constantinople,https://pleiades.stoa.org/places/520998,,Lazaros of Galesion,580B,Constantinople: was sent with <Esaias 102> to Constantinople,Ioannikios 105: Constantinople: Specifies presence ,Specifies presence,,,,
Esaias,102,229812,Constantinople,https://pleiades.stoa.org/places/520998,,Lazaros of Galesion,580B,Constantinople: was sent with <Ioannikios 105> to Constantinople,Esaias 102: Constantinople: Specifies presence ,Specifies presence,,,,
Esaias,102,229813,Constantinople,https://pleiades.stoa.org/places/520998,,Lazaros of Galesion,580E,Constantinople: fininished his business and left Constantinople,Esaias 102: Constantinople: Specifies presence ,Specifies presence,,,,
Anonymus,560,229834,Constantinople,https://pleiades.stoa.org/places/520998,,Lazaros of Galesion,587E,Constantinople: arrived at the monastery of <Lazaros 104> from Constantinople,Anonymus 560: Constantinople: Does not specify presence,Does not specify presence,,,,
Argyros,10101,396302,Constantinople,https://pleiades.stoa.org/places/520998,,Lupus protospatharius,58.37,Constantinople: went to Constantinople,Argyros 10101: Constantinople: Specifies presence ,Specifies presence,,,,
Argyros,10102,396275,Constantinople,https://pleiades.stoa.org/places/520998,,Lupus protospatharius,58.5,Constantinople: died in Constantinople,Argyros 10102: Constantinople: Specifies presence ,Specifies presence,,,,
Romuald,10102,396313,Constantinople,https://pleiades.stoa.org/places/520998,,Lupus protospatharius,59.17-18,Constantinople: was sent in chains to Constantinople,Romuald 10102: Constantinople: Specifies presence ,Specifies presence,,,,
Petros,10101,396314,Constantinople,https://pleiades.stoa.org/places/520998,,Lupus protospatharius,59.17-18,Constantinople: was sent in chains to Constantinople,Petros 10101: Constantinople: Specifies presence ,Specifies presence,,,,
Isaakios,1,440917,Constantinople,https://pleiades.stoa.org/places/520998,,"Manasses, Chronicle",6293,Constantinople: made his entry into Constantinople,Isaakios 1: Constantinople: Specifies presence ,Specifies presence,,,,
Nikephoros,3,441006,Constantinople,https://pleiades.stoa.org/places/520998,,"Manasses, Chronicle",6565,Constantinople: reached Constantinople,Nikephoros 3: Constantinople: Specifies presence ,Specifies presence,,,,
Ioannes,289,230725,Constantinople,https://pleiades.stoa.org/places/520998,,Mauropous: Letters,137.14,Constantinople: informed an unidentified correspondent (<Anonymus 476>) of his imminent departure from Constantinople,Ioannes 289: Constantinople: Specifies presence ,Specifies presence,,,,
Ioannes,289,230528,Constantinople: Blachernai,,,Mauropous: Orations,37,Constantinople: Blachernai: wrote an epigram about the bathhouse at  Blachernai,Ioannes 289: Constantinople Blachernai: Specifies presence ,Specifies presence,,,,
Konstantinos,9,230541,Constantinople,https://pleiades.stoa.org/places/520998,,Mauropous: Orations,185.34,Constantinople: organized the defences of Constantinople,Konstantinos 9: Constantinople: Specifies presence ,Specifies presence,,,,
Leon,61,230542,Constantinople: Blachernai,,,Mauropous: Orations,186.35,Constantinople: Blachernai: approached the walls by the palace at  Blachernai,Leon 61: Constantinople: Blachernai: Specifies presence near,Specifies presence near,,,,
Sergios,111,445023,Constantinople,https://pleiades.stoa.org/places/520998,,"Michel, Amalfi",35.13,Constantinople: was an abbot in Constantinople,Sergios 111: Constantinople: Specifies presence ,Specifies presence,,,,
Nikolaos,257,444804,Andida,https://pleiades.stoa.org/places/40039,,Nicolas d'Andida,"207, title",Andida: was bishop of Andida,Nikolaos 257: Andida: Specifies presence  (Dignity),Dignity,,,,
Ioannes,2,435770,Constantinople: Philopation (small),,,"Niketas Choniates, Historia",10.48,Constantinople: Philopation (small): was to be killed at night as he camped at the small Philopation,Ioannes 2: Constantinople: Philopation (small): Specifies presence ,Specifies presence,,,,
Ioannes,2,435786,Maiander (river),,,"Niketas Choniates, Historia",12.1,Maiander (river): after his accession made an attack on the valley of the Maiander,Ioannes 2: Maiander (river):  Specifies presence ,Specifies presence,,,,
Ioannes,2,435799,Beroe (Thrace),,,"Niketas Choniates, Historia",14.62,Beroe (Thrace): attacked and defeated large Pecheneg forces near Beroe,Ioannes 2: Beroe (Thrace): Specifies presence near,Specifies presence near,,,,
Almouzes,17001,435831,Constantinople,https://pleiades.stoa.org/places/520998,,"Niketas Choniates, Historia",17.43,Constantinople: was welcomed as a Hungarian pretender in Constantinople,Almouzes 17001: Constantinople: Specifies presence ,Specifies presence,,,,
Ioannes,2,435842,Frangochorion (between Danube and Sava),,,"Niketas Choniates, Historia",18.58-59,Frangochorion (between Danube and Sava): captured Frangochorion,Ioannes 2: Frangochorion (between Danube and Sava): Specifies presence ,Specifies presence,,,,
Ioannes,2,435917,Buza'a,,,"Niketas Choniates, Historia",27.10-28.25,Buza'a: extracted great wealth from Buza'a,Ioannes 2: Buza'a: Specifies presence ,Specifies presence,,,,
Ioannes,2,435947,Aleppo,https://pleiades.stoa.org/places/658409,,"Niketas Choniates, Historia",28.31-42,"Aleppo: bypassed Aleppo, which was energetically defended",Ioannes 2: Aleppo: Specifies presence near,Specifies presence near,,,,
Ioannes,2,435948,Pherep (near Aleppo),,,"Niketas Choniates, Historia",28.42-43,Pherep (near Aleppo): stormed and captured Pherep,Ioannes 2: Pherep (near Aleppo): Specifies presence ,Specifies presence,,,,
Ioannes,2,435950,Nistrion (near Shayzar),,,"Niketas Choniates, Historia",29.48-53,"Nistrion (near Shayzar): as he approached Shayzar, his Pecheneg soldiers captured and sacked Nistrion",Ioannes 2: Nistrion (near Shayzar):Specifies presence near,Specifies presence near,,,,
Ioannes,2,435976,Ochyrai,,,"Niketas Choniates, Historia",33.65-66,Ochyrai: built Ochyrai,Ioannes 2: Ochyrai: Specifies presence ,Specifies presence,,,,
Ioannes,2,435985,Kinte (Pontos),,,"Niketas Choniates, Historia",34.6-7,Kinte (Pontos): spent the winter at Kinte,Ioannes 2: Kinte (Pontos): Specifies presence ,Specifies presence,,,,
Ioannes,2,438982,Crows' Nests (mountains in Cilicia),,,"Niketas Choniates, Historia",40.62,Crows' Nests (mountains in Cilicia): camped beneath Crows' Nests,Ioannes 2: Crows' Nests (mountains in Cilicia): Specifies presence ,Specifies presence,,,,
Ioannes,293,439011,Constantinople,https://pleiades.stoa.org/places/520998,,"Niketas Choniates, Historia",48.6-7,Constantinople: was sent from Cilicia to Constantinople,Ioannes 293: Constantinople: Specifies presence ,Specifies presence,,,,
Kosmas,12,439241,Aigina,https://pleiades.stoa.org/places/579844,,"Niketas Choniates, Historia",79.89,Aigina: he came in fact from Aigina,Kosmas 12: Aigina: Specifies presence ,Specifies presence,,,,
Alexios,1,435733,Constantinople: Christos Philanthropos,,,"Niketas Choniates, Historia",8.86,Constantinople: Christos Philanthropos: was buried at Christos Philanthropos,Alexios 1: Constantinople: Christos Philanthropos: Specifies presence ,Specifies presence,,,,
Athanasios,117,445258,Constantinople: Panagios (monastery),,,Niketas Stethatos (Darrouzes),464 tit,Constantinople: Panagios (monastery): he was hegoumenos of the Panagios (monastery),Athanasios 117: Constantinople: Panagios (monastery): Specifies presence ,Specifies presence,,,,
Romanos,118,444672,Rossano (Italy),https://pleiades.stoa.org/places/442750,,Nikolaos III to Urban II,l. 48,Rossano (Italy): was archbishop of Rossano,Romanos 118: Rossano (Italy): Specifies presence  (Dignity),Dignity,,,,
Anonymi,11002,254582,Constantinople,https://pleiades.stoa.org/places/520998,,Pakourianos,39-40,Constantinople: brought up in the prosperous and populous city of Constantinople,Anonymi 11002: Constantinople: Specifies presence ,Specifies presence,,,,
Ioannes,2,438657,Anthemiou (monastery),,,Pantokrator Typikon,687,Anthemiou (monastery): stipulated how the Pantokrator was to control Anthemiou as a dependent monastery,Ioannes 2: Anthemiou (monastery): Does not specify presence,Does not specify presence,,,,
Ioannes,2,438659,Galakrenai (monastery),,,Pantokrator Typikon,688,Galakrenai (monastery): stipulated how the Pantokrator was to control Galakrenai as a dependent monastery,Ioannes  2: Galakrenai (monastery): Does not specify presence,Does not specify presence,,,,
Ioannes,2,438660,Satyros (monastery),,,Pantokrator Typikon,688,Satyros (monastery): stipulated how the Pantokrator was to control Satyros as a dependent monastery,Ioannes 2: Satyros (monastery): Does not specify presence,Does not specify presence,,,,
Ioannes,2,438656,Monokastanon (monastery),,,Pantokrator Typikon,686-687,Monokastanon (monastery): stipulated how the Pantokrator was to control Monokastanon as a dependent monastery,Ioannes 2: Monokastanon (monastery): Does not specify presence,Does not specify presence,,,,
Ioannes,2,438658,Medikariou (monastery),,,Pantokrator Typikon,687-688,Medikariou (monastery): stipulated how the Pantokrator was to control Medikarion (opposite the capital) as a dependent monastery,Ioannes 2: Medikariou (monastery): Does not specify presence,Does not specify presence,,,,
Mauros,106,445000,Constantinople,https://pleiades.stoa.org/places/520998,,"Paschal II, Letter to Alexios I",589C,Constantinople: was envoy of <Paschales 22> to Constantinople,Mauros 106: Constantinople:  Specifies presence ,Specifies presence,J 1112,source,,
Hugh,104,445008,Constantinople,https://pleiades.stoa.org/places/520998,,"Paschal II, Letter to Alexios I",589C,Constantinople: was envoy of <Paschales 22> to Constantinople,Hugh 104: Constantinople:  Specifies presence ,Specifies presence,J 1112,source,,
Anonymus,970,445009,Constantinople,https://pleiades.stoa.org/places/520998,,"Paschal II, Letter to Alexios I",589C,Constantinople: was envoy of <Paschales 22> to Constantinople,Anonymus 970: Constantinople:  Specifies presence ,Specifies presence,J 1112,source,,
Anonymus,971,445010,Constantinople,https://pleiades.stoa.org/places/520998,,"Paschal II, Letter to Alexios I",589C,Constantinople: was envoy of <Paschales 22> to Constantinople,Anonymus 971: Constantinople:  Specifies presence ,Specifies presence,J 1112,source,,
Theodosios,14102,341850,Constantinople,https://pleiades.stoa.org/places/520998,,Patmos: Codicil,87,Constantinople: was expected by <Christodoulos 101> to collect the deeds of the Patmos monastery and bid farewell to relatives at Constantinople,Theodosios 14102: Constantinople:  Does not specify presence,Does not specify presence,,,,
Christodoulos,101,341851,Constantinople,https://pleiades.stoa.org/places/520998,,Patmos: Codicil,87,Constantinople: expected <Theodosios 14102> to collect the deeds of the Patmos monastery and bid farewell to relatives at Constantinople,Christodoulos 101: Constantinople:  Does not specify presence,Does not specify presence,,,,
Theodosios,14102,341853,Constantinople,https://pleiades.stoa.org/places/520998,,Patmos: Codicil,87,Constantinople: promised <Christodoulos 101> to be tonsured and to appeal to <Alexios 1> on arrival at Constantinople,Theodosios 14102: Constantinople: Does not specify presence,Does not specify presence,,,,
Christodoulos,101,341854,Constantinople,https://pleiades.stoa.org/places/520998,,Patmos: Codicil,87,Constantinople: was promised by <Theodosios 14102> that <Theodosios 14102> would be tonsured and appeal to <Alexios 1> on arrival at Constantinople,Christodoulos 101: Constantinople: Does not specify presence,Does not specify presence,,,,
Alexios,1,341855,Constantinople,https://pleiades.stoa.org/places/520998,,Patmos: Codicil,87,Constantinople: was to be appealed to by <Theodosios 14102> on the latter's arrival at Constantinople,Alexios 1: Constantinople:  Specifies presence ,Specifies presence,,,,
Christodoulos,101,341873,Constantinople,https://pleiades.stoa.org/places/520998,,Patmos: Codicil,87,Constantinople: brought the books from Latros via Kos to Constantinople,Christodoulos 101: Constantinople:  Specifies presence ,Specifies presence,,,,
Pentaktenes,101,445046,Rossano (Italy),https://pleiades.stoa.org/places/442750,,Peri metatheseon,"182, no. 49",Rossano (Italy): was archbishop of Rossano,Pentaktenes 101: Rossano (Italy):  Specifies presence  (Dignity),Dignity,,,,
Anonymus,974,445067,Sergentze,,,Peri metatheseon,"182, no. 52",Sergentze: became bishop of Sergentze,Anonymus 974: Sergentze:  Specifies presence  (Dignity),Dignity,,,,
Anonymus,975,445069,Axio(u)polis,https://pleiades.stoa.org/places/216722,,Peri metatheseon,"182, no. 53",Axio(u)polis: was incumbent of the see of Axioupolis,Anonymus 975: Axio(u)polis:  Specifies presence  (Dignity),Dignity,,,,
Anonymus,977,445092,Constantinople,https://pleiades.stoa.org/places/520998,,Peri metatheseon,"183, no. 55",Constantinople: was welcomed by <Nikolaos 13> to Constantinople,Anonymus 977: Constantinople:  Specifies presence ,Specifies presence,,,,
Sabas,111,445099,Constantinople,https://pleiades.stoa.org/places/520998,,Peri metatheseon,"183, no. 56",Constantinople: came and concelebrated with <Ioannes 19> in Constantinople,Sabas 111: Constantinople:  Specifies presence ,Specifies presence,,,,
Petros,103,444966,Constantinople,https://pleiades.stoa.org/places/520998,,Petros of Antioch  ,ep. synod. Alexandria (Michel) 432.29,Constantinople: moved for secondary education to Constantinople,Petros 103: Constantinople:  Specifies presence ,Specifies presence,,,,
Dominikos,101,434883,Grado,,,Petros of Antioch  ,ep. to Domenico of Grado (Will) 208 tit,Grado: he was archbishop of Grado or Aquileia,Dominikos 101: Grado:  Specifies presence  (Dignity),Dignity,,,,
Petros,103,435038,Babylon,https://pleiades.stoa.org/places/893951,,Petros of Antioch  ,ep. to Domenico of Grado (Will) 212.32,"Babylon: as a great see whose incumbent was not entitled patriarch, he cited Babylon",Petros 103: Babylon: Does not specify presence,Does not specify presence,,,,
Ioannes,2,436117,Alamos (near Kastamon),,,"Prodromos, Historische Gedichte","III.43, 101, IV 212, VI.12",Alamos: captured Alamos,Ioannes 2: Alamos: Specifies presence ,Specifies presence,,,,
Ioannes,2,436119,Alazos (near Kastamon),,,"Prodromos, Historische Gedichte","III.43, 101, IV 212, VI.12",Alazos (near Kastamon): captured Alazos (near Kastamon),Ioannes 2: Alazos (near Kastamon): Specifies presence ,Specifies presence,,,,
Ioannes,2,436120,Balzon (near Kastamon),,,"Prodromos, Historische Gedichte","III.43, 105, IV 211, VI.12",Balzon (near Kastamon): captured Balzon (near Kastamon),Ioannes 2: Balzon (near Kastamon): Specifies presence ,Specifies presence,,,,
Ioannes,2,436198,Pherep (near Aleppo),,,"Prodromos, Historische Gedichte",XI.54,Pherep (near Aleppo): returned from an expedition to Pherep,Ioannes 2: Pherep (near Aleppo): Specifies presence ,Specifies presence,,,,
Ioannes,2,436199,Aleppo,https://pleiades.stoa.org/places/658409,,"Prodromos, Historische Gedichte",XI.54,Aleppo: returned from an expedition to Aleppo,Ioannes 2: Aleppo: Specifies presence ,Specifies presence,,,,
Ioannes,2,436201,Babylon,https://pleiades.stoa.org/places/893951,,"Prodromos, Historische Gedichte",XI.54,Babylon: returned from an expedition beyond the Euphrates to Babylon,Ioannes 2: Babylon: Specifies presence ,Specifies presence,,,,
Ioannes,2,436208,Bebrykes (mythological inhabitants of Bythinia),,,"Prodromos, Historische Gedichte",XI.84,Bebrykes (mythological inhabitants of Bythinia): had lost to the Turks part of the lands of the Bebrykes,Ioannes 2: Bebrykes (mythological inhabitants of Bythinia):  Does not specify presence,Does not specify presence,,,,
Ioannes,2,436212,Tigris (river),,,"Prodromos, Historische Gedichte",XII.35,Tigris (river): his forces had crossed the Tigris (inaccurate),Ioannes 2: Tigris (river):  Does not specify presence,Does not specify presence,,,,
Isaakios,102,436352,Jordan: Monastery of St Ioannes Prodromos,,,"Prodromos, Historische Gedichte",XL.6-7,Jordan: Monastery of St Ioannes Prodromos: invested heavily in bringing water to the monastery of St Ioannes Prodromos,Isaakios 102: Jordan: Monastery of St Ioannes Prodromos: Specifies presence,Specifies presence,,,,
Ioannes,2,436253,Maiander (river),,,"Prodromos, Historische Gedichte",XVIII.9,Maiander (river): won a victory simply by marching to the Maiander,Ioannes 2: Maiander (river):   Specifies presence ,Specifies presence,,,,
Michael,11,379636,Constantinople,https://pleiades.stoa.org/places/520998,,Psellos,Keroularios 305,Constantinople: was born in Constantinople,Michael 11: Constantinople: Specifies presence ,Specifies presence,,,,
Anonymi,2101,379641,Constantinople,https://pleiades.stoa.org/places/520998,,Psellos,Keroularios 349,Constantinople: supporters of the flioque came from Rome to Constantinople,Anonymi 2101: Constantinople: Specifies presence ,Specifies presence,,,,
Konstantinos,13,379629,Constantinople,https://pleiades.stoa.org/places/520998,,Psellos,Leichoudes 390,Constantinople: was born in Constantinople,Konstantinos 13: Constantinople:  Specifies presence ,Specifies presence,,,,
Anonymus,2349,379803,Koloneia (?),,,Psellos,"Letters (K - D) 30, 44.21",Koloneia (?): was metropolitan of Koloneia (?),Anonymus 2349: Koloneia: Specifies presence  (Dignity),Dignity,,,,
Anonymus,2363,379814,Aleppo,https://pleiades.stoa.org/places/658409,,Psellos,"Letters (K - D) 43, 72.3",Aleppo: came from Aleppo,Anonymus 2363: Aleppo: : Specifies presence ,Specifies presence,,,,
Theodoros,106,379821,Constantinople,https://pleiades.stoa.org/places/520998,,Psellos,"Letters (K - D) 50, 82.14",Constantinople: was born in Constantinople,Theodoros 106: Constantinople:: Specifies presence ,Specifies presence,,,,
Anonymus,2233,379748,Constantinople,https://pleiades.stoa.org/places/520998,,Psellos,Letters (Sathas) 111.356,Constantinople: was the nicest man in Constantinople,Anonymus 2233: Constantinople : Specifies presence,Specifies presence,,,,
Anonymus,434,379795,Constantinople,https://pleiades.stoa.org/places/520998,,Psellos,Letters (Sathas) 204.499,Constantinople: was originally from Constantinople,Anonymus 434: : Specifies presence ,Specifies presence,,,,
Michael,61,379735,Constantinople,https://pleiades.stoa.org/places/520998,,Psellos,Letters (Sathas) 95.339,Constantinople: though claimed by many parts of the world was from Constantinople,Michael 61: Constantinople: Specifies presence ,Specifies presence,,,,
Anonymus,434,230901,Constantinople,https://pleiades.stoa.org/places/520998,,Psellos,Oratoria minora 58.31,Constantinople: was presented as a beacon of light by (was trained at?) Constantinople,Anonymus 434: Constantinople : Specifies presence (Ownership),Ownership,,,,
Anonymus,443,230913,Constantinople,https://pleiades.stoa.org/places/520998,,Psellos,Oratoria minora 61.49,Constantinople: managed (owned?) a tavern in Constantinople,Anonymus 443: Constantinople : Specifies presence Ownership,Ownership,,,,
Anonymus,444,230914,Constantinople,https://pleiades.stoa.org/places/520998,,Psellos,Oratoria minora 61.49,Constantinople: managed (owned?) a tavern in Constantinople,Anonymus 444: Constantinople : Specifies presence Ownership,Ownership,,,,
Anonymus,445,230915,Constantinople,https://pleiades.stoa.org/places/520998,,Psellos,Oratoria minora 61.49,Constantinople: managed (owned?) a tavern in Constantinople,Anonymus 445: Constantinople : Specifies presence Ownership,Ownership,,,,
Anonymus,442,230916,Constantinople,https://pleiades.stoa.org/places/520998,,Psellos,Oratoria minora 61.49,Constantinople: frequented the best taverns in Constantinople,Anonymus 442: Constantinople : Specifies presence,Specifies presence,,,,
Ioannes,18,379634,Constantinople,https://pleiades.stoa.org/places/520998,,Psellos,Xiphilinos 421,Constantinople: half-way through his education moved to Constantinople,Ioannes 18: Constantinople: Specifies presence ,Specifies presence,,,,
Konstantinos,13,379639,Constantinople,https://pleiades.stoa.org/places/520998,,Psellos,Xiphilinos 421,Constantinople: became patriarch of Constantinople,Konstantinos 13: Constantinople: Specifies presence (dignity),Dignity,,,,
Zoe,1,248455,Constantinople: Blachernai,,,Psellos: Chronographia,IV 23.6,Constantinople: Blachernai: adopted <Michael 5> as her son at the gates of the sanctuary in the church at  Blachernai,Zoe 1: Constantinople: Blachernai: Specifies presence,Specifies presence,,,,
Zoe,1,248483,Constantinople,https://pleiades.stoa.org/places/520998,,Psellos: Chronographia,5.3,Constantinople: with her exhortations she calmed Constantinople,Zoe 1: Constantinople : Specifies presence,Specifies presence,,,,
Ioannes,68,248452,Constantinople: Blachernai,,,Psellos: Chronographia,IV 23.5-6,Constantinople: Blachernai: gathered all the officials in the church at  Blachernai,Ioannes 68: Constantinople: Blachernai: Specifies presence,Specifies presence,,,,
Michael,4,248453,Constantinople: Blachernai,,,Psellos: Chronographia,IV 23.5-6,Constantinople: Blachernai: gathered all the officials in the church at  Blachernai,Michael 4: Constantinople: Blachernai: Specifies presence,Specifies presence,,,,
Michael,4,248454,Constantinople: Blachernai,,,Psellos: Chronographia,IV 23.6,Constantinople: Blachernai: made <Michael 5> kaisar in the church at  Blachernai,Michael 4: Constantinople: Blachernai: Specifies presence,Specifies presence,,,,
Michael,5,248456,Constantinople: Blachernai,,,Psellos: Chronographia,IV 23.6-8,Constantinople: Blachernai: was adopted as son by <Zoe 1> and appointed kaisar in the church at  Blachernai,Michael 5: Constantinople: Blachernai: Specifies presence,Specifies presence,,,,
Anonymi,6008,248457,Constantinople,https://pleiades.stoa.org/places/520998,,Psellos: Chronographia,IV 25.15,Constantinople: assigned <Michael 5> a residence in  suburbs of Constantinople,Anonymous 6008: Constantinople: Specifies presence ,Specifies presence,,,,
Michael,5,248458,Constantinople,https://pleiades.stoa.org/places/520998,,Psellos: Chronographia,IV 25.15,Constantinople: was assigned a residence in by <Anonymi 6008> in the suburbs of Constantinople,Michael 5: Constantinople: Specifies presence ,Specifies presence,,,,
Michael,4,248463,Constantinople,https://pleiades.stoa.org/places/520998,,Psellos: Chronographia,IV 42.7,Constantinople: was urged by his family not to leave Constantinople,Michael 4: Constantinople: Specifies presence ,Specifies presence,,,,
Alousianos,101,248464,Constantinople,https://pleiades.stoa.org/places/520998,,Psellos: Chronographia,IV 46.4,Constantinople: had been ordered not to enter Constantinople,Alousianos 101: Constantinople: Specifies presence near,Specifies presence near,,,,
Alousianos,101,248465,Constantinople,https://pleiades.stoa.org/places/520998,,Psellos: Chronographia,IV 47.2,Constantinople: visited <Anonymus 7004> two or three times in Constantinople,Alousianos 101: Constantinople: Specifies presence ,Specifies presence,,,,
Alousianos,101,248468,Constantinople,https://pleiades.stoa.org/places/520998,,Psellos: Chronographia,IV 49.16,Constantinople: was sent by <Michael 4> to Constantinople,Alousianos 101: Constantinople: Specifies presence ,Specifies presence,,,,
Michael,4,248470,Constantinople,https://pleiades.stoa.org/places/520998,,Psellos: Chronographia,IV 50.1,Constantinople: gloriously entered  Constantinople,Michael 4: Constantinople: Specifies presence ,Specifies presence,,,,
Ioannes,68,248484,Constantinople,https://pleiades.stoa.org/places/520998,,Psellos: Chronographia,V 12.14,Constantinople: left for a place far from Constantinople,Ioannes 68: Constantinople: Does not specify presence,Does not specify presence,,,,
Michael,5,248486,Constantinople,https://pleiades.stoa.org/places/520998,,Psellos: Chronographia,V 13.3,Constantinople: was pained at the large number of people who followed <Ioannes 68> from Constantinople,Michael 5: Constantinople: Specifies presence,Specifies presence,,,,
Michael,61,248498,Constantinople,https://pleiades.stoa.org/places/520998,,Psellos: Chronographia,V 27.18,Constantinople: went through the middle of on horseback Constantinople,Michael 61: Constantinople: Specifies presence ,Specifies presence,,,,
Konstantinos,64,248504,Constantinople,https://pleiades.stoa.org/places/520998,,Psellos: Chronographia,V 31.17,Constantinople: decided to set the armed men in the palace against the attacking mob Constantinople,Konstantinos 64: Constantinople: Specifies presence ,Specifies presence,,,,
Michael,5,248505,Constantinople: Blachernai,,,Psellos: Chronographia,V 31.17,Constantinople: Blachernai: decided to set the armed men in the palace against the mob  attacking Blachernai,Michael 5: Constantinople: Specifies presence ,Specifies presence,,,,
Konstantinos,64,248502,Constantinople,https://pleiades.stoa.org/places/520998,,Psellos: Chronographia,V 31.8,Constantinople: he and his men went like fire through Constantinople,Konstantinos 64: Constantinople: Specifies presence ,Specifies presence,,,,
Konstantinos,64,248535,Constantinople,https://pleiades.stoa.org/places/520998,,Psellos: Chronographia,V 47.5,Constantinople: was to be led through the middle of Constantinople,Konstantinos 64: Constantinople: Specifies presence ,Specifies presence,,,,
Michael,5,248536,Constantinople,https://pleiades.stoa.org/places/520998,,Psellos: Chronographia,V 47.5-9,Constantinople: was to be led through the middle of Constantinople,Michael 5: Constantinople: Specifies presence,Specifies presence,,,,
Leon,61,248573,Constantinople,https://pleiades.stoa.org/places/520998,,Psellos: Chronographia,VI 100.25,Constantinople: was removed from Constantinople,Leon 61: Constantinople: Does not specify presence,Does not specify presence,,,,
Anonymi,7009,248575,Constantinople,https://pleiades.stoa.org/places/520998,,Psellos: Chronographia,VI 102.2,Constantinople: were living in the vicinity of Constantinople,Anonymi 7009: Constantinople: Specifies presence near,Specifies presence near,,,,
Leon,61,248580,Constantinople,https://pleiades.stoa.org/places/520998,,Psellos: Chronographia,VI 104.19,Constantinople: set out directly for Constantinople,Leon 61: Constantinople: Does not specify presence,Does not specify presence,,,,
Leon,61,248582,Constantinople,https://pleiades.stoa.org/places/520998,,Psellos: Chronographia,VI 107.12,Constantinople: encamped a short distance outside the walls of Constantinople,Leon 61: Constantinople: Specifies presence near,Specifies presence near,,,,
Leon,61,248581,Constantinople,https://pleiades.stoa.org/places/520998,,Psellos: Chronographia,VI 107.3,Constantinople: encamped in a spot outside Constantinople,Leon 61: Constantinople: Specifies presence near,Specifies presence near,,,,
Konstantinos,9,248583,Constantinople: Blachernai,,,Psellos: Chronographia,VI 109.4,Constantinople: Blachernai: sat on a balcony of the palace at  Blachernai,Konstantinos 9: Constantinople: Blachernai: Specifies presence ,Specifies presence,,,,
Leon,61,248584,Constantinople,https://pleiades.stoa.org/places/520998,,Psellos: Chronographia,VI 121.1-2,Constantinople: withdrew shamefully from Constantinople,Leon 61: Constantinople: Specifies presence near,Specifies presence near,,,,
Leon,61,248585,Constantinople,https://pleiades.stoa.org/places/520998,,Psellos: Chronographia,VI 123.5-6,Constantinople: arrived with <Ioannes 113> at the walls of Constantinople,Leon 61: Constantinople: Specifies presence near,Specifies presence near,,,,
Ioannes,113,248586,Constantinople,https://pleiades.stoa.org/places/520998,,Psellos: Chronographia,VI 123.5-6,Constantinople: (with <Leon 61>) arrived at the walls of Constantinople,Ioannes 113: Constantinople: Specifies presence near,Specifies presence near,,,,
Konstantinos,112,248542,Constantinople,https://pleiades.stoa.org/places/520998,,Psellos: Chronographia,VI 13.9,Constantinople: was removed by <Michael 4> from Constantinople,Konstantinos 112:  Constantinople:Specifies presence ,Specifies presence,,,,
Konstantinos,9,248546,Constantinople,https://pleiades.stoa.org/places/520998,,Psellos: Chronographia,VI 17.6-7,Constantinople: was driven by <Michael 4> from Constantinople,Konstantinos 9:  Constantinople: Specifies presence ,Specifies presence,,,,
Konstantinos,9,248548,Constantinople,https://pleiades.stoa.org/places/520998,,Psellos: Chronographia,VI 19.1-6,Constantinople: was greeted with great splendour when he came near to Constantinople,Konstantinos 9: Constantinople: Specifies presence near,Specifies presence near,,,,
Ioannes,18,248590,Constantinople,https://pleiades.stoa.org/places/520998,,Psellos: Chronographia,VI 192.3-4,Constantinople: lived in Constantinople,Ioannes 18: Constantinople: Specifies presence ,Specifies presence,,,,
Ioannes,289,248591,Constantinople,https://pleiades.stoa.org/places/520998,,Psellos: Chronographia,VI 192.3-4,Constantinople: lived in Constantinople,Ioannes 289: Constantinople: Specifies presence ,Specifies presence,,,,
Maria,64,248550,Constantinople,https://pleiades.stoa.org/places/520998,,Psellos: Chronographia,VI 50.2,Constantinople: was brought to Constantinople,Maria 64: Constantinople: Specifies presence ,Specifies presence,,,,
Maria,64,248551,Constantinople,https://pleiades.stoa.org/places/520998,,Psellos: Chronographia,VI 53.5-6,Constantinople: was summoned to Constantinople,Maria 64: Constantinople: Specifies presence near,Specifies presence near,,,,
Maria,64,248552,Constantinople,https://pleiades.stoa.org/places/520998,,Psellos: Chronographia,VI 53.9-10,Constantinople: arrived at Constantinople,Maria 64: Constantinople: Specifies presence ,Specifies presence,,,,
Georgios,62,248562,Constantinople,https://pleiades.stoa.org/places/520998,,Psellos: Chronographia,VI 80.5-6,Constantinople: was to be all but driven from by <Konstantinos 9> Constantinople,Georgios 62: Constantinople: Specifies presence ,Specifies presence,,,,
Konstantinos,9,248570,Constantinople,https://pleiades.stoa.org/places/520998,,Psellos: Chronographia,VI 93.10-13,Constantinople: drew up his ships in the harbour on the other (Asiatic) side Constantinople,Konstantinos 9: Constantinople: Specifies presence near,Specifies presence near,,,,
Michael,61,248598,Constantinople,https://pleiades.stoa.org/places/520998,,Psellos: Chronographia,VII 19.7,Constantinople: completed the first stage of the journey from Constantinople,Michael 61: Constantinople: Does not specify presence,Does not specify presence,,,,
Konstantinos,13,248599,Constantinople,https://pleiades.stoa.org/places/520998,,Psellos: Chronographia,VII 19.7,Constantinople: completed the first stage of the journey from Constantinople,Konstantinos 13: Constantinople: Does not specify presence,Does not specify presence,,,,
Theodoros,106,248600,Constantinople,https://pleiades.stoa.org/places/520998,,Psellos: Chronographia,VII 19.7,Constantinople: completed the first stage of the journey from Constantinople,Theodoros 106: Constantinople: Does not specify presence,Does not specify presence,,,,
Michael,61,248601,Constantinople,https://pleiades.stoa.org/places/520998,,Psellos: Chronographia,VII 33.8-9,Constantinople: sailed for and reached palace harbour of Constantinople,Michael 61: Constantinople: Specifies presence ,Specifies presence,,,,
Konstantinos,13,248602,Constantinople,https://pleiades.stoa.org/places/520998,,Psellos: Chronographia,VII 33.8-9,Constantinople: sailed for and reached palace harbour of Constantinople,Konstantinos 13: Constantinople: Specifies presence ,Specifies presence,,,,
Theodoros,106,248603,Constantinople,https://pleiades.stoa.org/places/520998,,Psellos: Chronographia,VII 33.8-9,Constantinople: sailed for and reached palace harbour of Constantinople,Theodoros 106: Constantinople: Specifies presence ,Specifies presence,,,,
Anonymi,7013,248607,Constantinople,https://pleiades.stoa.org/places/520998,,Psellos: Chronographia,VII 36.11,Constantinople: created turmoil in Constantinople,Anonymi 7013: Constantinople: Specifies presence ,Specifies presence,,,,
Anonymus,7026,248606,Constantinople,https://pleiades.stoa.org/places/520998,,Psellos: Chronographia,VII 36.7,Constantinople: was newly arrived (at <Isaakios 1>'s camp) from Constantinople,Anonymus 7026: Constantinople: Does not specify presence,Does not specify presence,,,,
Anonymus,7027,248608,Constantinople,https://pleiades.stoa.org/places/520998,,Psellos: Chronographia,VII 37.11-16,Constantinople: he reported the preparation of Constantinople,Anonymus 7027: Constantinople: Does not specify presence,Does not specify presence,,,,
Isaakios,1,248609,Constantinople,https://pleiades.stoa.org/places/520998,,Psellos: Chronographia,VII 40.10-19,Constantinople: on entering was greeted with celebrations by the entire population of Constantinople,Isaakios 1:  Constantinople: Specifies presence ,Specifies presence,,,,
Isaakios,1,248612,Constantinople,https://pleiades.stoa.org/places/520998,,Psellos: Chronographia,VII 45.1; 45.4,Constantinople: he was afraid his army might cause trouble in Constantinople,Isaakios 1:  Constantinople: Specifies presence ,Specifies presence,,,,
Michael,11,248613,Constantinople,https://pleiades.stoa.org/places/520998,,Psellos: Chronographia,VII 65.6,Constantinople: was expelled by <Isaakios 1> from Constantinople,Michael 11: Constantinople: Specifies presence ,Specifies presence,,,,
Isaakios,1,248595,Constantinople,https://pleiades.stoa.org/places/520998,,Psellos: Chronographia,VII 7.5,Constantinople: cut off all roads to Constantinople,Isaakios 1: Constantinople: Specifies presence near,Specifies presence near,,,,
Isaakios,1,248614,Constantinople,https://pleiades.stoa.org/places/520998,,Psellos: Chronographia,VII 70.24,Constantinople: returned to (after the Pechenegs fled) Constantinople,Isaakios 1:Constantinople: Specifies presence ,Specifies presence,,,,
Isaakios,1,248616,Constantinople: Blachernai,,,Psellos: Chronographia,VII 76.2,Constantinople: Blachernai: put in from the royal trireme at  Blachernai,"Isaakios 1:Constantinople, Blachernai: Specifies presence ",Specifies presence,,,,
Isaakios,1,248596,Constantinople,https://pleiades.stoa.org/places/520998,,Psellos: Chronographia,VII 9.2,Constantinople: came near to Constantinople,Isaakios 1: Constantinople: Specifies presence near,Specifies presence near,,,,
Michael,6,248597,Constantinople,https://pleiades.stoa.org/places/520998,,Psellos: Chronographia,VII 9.2,Constantinople: only had authority over  Constantinople,Michael 6: Constantinople: Specifies presence ,Specifies presence,,,,
Anonymus,7039,248625,Constantinople,https://pleiades.stoa.org/places/520998,,Psellos: Chronographia,VIIb 23.5,Constantinople: announced the terrible news (of Mantzikert) in Constantinople,Anonymus 7039: Constantinople: Specifies presence ,Specifies presence,,,,
Tancred,101,447681,Syracuse,,,Ralph of Caen,43,Syracuse: was left Syracuse when <Richard 4001> went on crusade,Tancred 101: Syracuse: Specifies presence near,Specifies presence near,,,,
Richard,4001,447682,Syracuse,,,Ralph of Caen,43,"Syracuse: when he went on crusade, left Syracuse to his brother <Tancred 101>",Richard 4001: Syracuse:  Does not specify presence ,Does not specify presence,,,,
Raimbold,4002,447887,Chartres,,,Ralph of Caen,119,Chartres: was a nobleman from Chartres,Raimbold 4002: Chartres: Specifies presence near,Specifies presence near,,,,
Tancred,61,447915,Beisan (Skythopolis),,,Ralph of Caen,139,Beisan (Skythopolis): he fortified Beisan,Tancred 61: Beisan (Skythopolis). Specifies presence ,Specifies presence,,,,
Radulf,112,447742,Caen,,,Ralph of Caen,1 tit,Caen: he was originally from Caen,Radulf 112: Caen:Specifies presence near,Specifies presence near,,,,
Michael,20101,417009,Taron (Armenia),,,Seals,,Taron: was anagrapheus of Taron,Dignity,Dignity,,,,
Alexios,11,417027,Constantinople,https://pleiades.stoa.org/places/520998,,Seals,,Constantinople: was patriarch of Constantinople,Dignity,Dignity,,,,For all of the seals we cannot say for absolute certain that the person was present in that place. Examples like the patriarch of constantinople can be categorised more securely as present than an official of the eastern themes.
Alexios,11,417038,Constantinople,https://pleiades.stoa.org/places/520998,,Seals,,Constantinople: was patriarch of Constantinople,Dignity,Dignity,,,,
Michael,11,417044,Constantinople,https://pleiades.stoa.org/places/520998,,Seals,,Constantinople: was patriarch of Constantinople,Dignity,Dignity,,,,
Eustratios,11,417055,Constantinople,https://pleiades.stoa.org/places/520998,,Seals,,Constantinople: was patriarch of Constantinople,Dignity,Dignity,,,,
Leon,11,417057,Constantinople,https://pleiades.stoa.org/places/520998,,Seals,,Constantinople: was patriarch of Constantinople,Dignity,Dignity,,,,
Thomas,20102,417128,Aleppo,https://pleiades.stoa.org/places/658409,,Seals,,Beroe: was ek prosopou of Beroe,Dignity,Dignity,,,,
Thomas,20102,417129,Aleppo,https://pleiades.stoa.org/places/658409,,Seals,,Berroia: was ek prosopou of Berroia,Dignity,Dignity,,,,
Basileios,20112,417130,Aleppo,https://pleiades.stoa.org/places/658409,,Seals,,Berroia: was bishop of Berroia,Dignity,Dignity,,,,
Joseph,20102,417239,Aleppo,https://pleiades.stoa.org/places/658409,,Seals,,Beroe: was strategos of Beroe,Dignity,Dignity,,,,
Michael,11,417332,Constantinople,https://pleiades.stoa.org/places/520998,,Seals,,Constantinople: was patriarch of Constantinople,Dignity,Dignity,,,,
Ioannes,18,417415,Constantinople,https://pleiades.stoa.org/places/520998,,Seals,,Constantinople: was patriarch of Constantinople,Dignity,Dignity,,,,
Loukas,11,417416,Constantinople,https://pleiades.stoa.org/places/520998,,Seals,,Constantinople: was patriarch of Constantinople,Dignity,Dignity,,,,
Nikolaos,20123,417426,Andida,https://pleiades.stoa.org/places/40039,,Seals,,Andida: was bishop of Andida,Dignity,Dignity,,,,
Bardas,20105,417427,Aleppo,https://pleiades.stoa.org/places/658409,,Seals,,Berroia: was tourmarches of Berroia,Dignity,Dignity,,,,
Eustathios,11,417433,Constantinople,https://pleiades.stoa.org/places/520998,,Seals,,Constantinople: was patriarch of Constantinople,Dignity,Dignity,,,,
Konstantinos,13,417434,Constantinople,https://pleiades.stoa.org/places/520998,,Seals,,Constantinople: was patriarch of Constantinople,Dignity,Dignity,,,,
Konstantinos,13,417435,Constantinople,https://pleiades.stoa.org/places/520998,,Seals,,Constantinople: was patriarch of Constantinople,Dignity,Dignity,,,,
Kosmas,11,417436,Constantinople,https://pleiades.stoa.org/places/520998,,Seals,,Constantinople: was patriarch of Constantinople,Dignity,Dignity,,,,
Nikolaos,13,417437,Constantinople,https://pleiades.stoa.org/places/520998,,Seals,,Constantinople: was patriarch of Constantinople,Dignity,Dignity,,,,
Ioannes,19,417438,Constantinople,https://pleiades.stoa.org/places/520998,,Seals,,Constantinople: was patriarch of Constantinople,Dignity,Dignity,,,,
Nikolaos,14,417442,Constantinople,https://pleiades.stoa.org/places/520998,,Seals,,Constantinople: was patriarch of Constantinople,Dignity,Dignity,,,,
Leon,20148,417516,Constantinople,https://pleiades.stoa.org/places/520998,,Seals,,Constantinople: was eparchos of Constantinople,Dignity,Dignity,,,,
Michael,20199,417555,Beroe (Thrace),,,Seals,,Beroe: was tourmarches of (?) Beroe,Dignity,Dignity,,,,
Konstantinos,20186,417584,Tiberioupolis,https://pleiades.stoa.org/places/491742,,Seals,,Tiberioupolis: was metropolitan of Tiberioupolis,Dignity,Dignity,,,,
Michael,20213,417666,Constantinople,https://pleiades.stoa.org/places/520998,,Seals,,Constantinople: Blachernai: was papias of  Blachernai,Dignity,Dignity,,,,
Niketas,20150,417689,Constantinople,https://pleiades.stoa.org/places/520998,,Seals,,Constantinople: was praitor of Constantinople,Dignity,Dignity,,,,
Thomas,20108,417986,Andida,https://pleiades.stoa.org/places/40039,,Seals,,Andida: was bishop of Andida,Dignity,Dignity,,,,
Georgios,185,418239,Antioch (Pisidia),https://pleiades.stoa.org/places/609307,,Seals,,Antioch: was metropolitan of Antioch (Pisidia),Dignity,Dignity,,,,
Theodoros,20225,418259,Constantinople,https://pleiades.stoa.org/places/520998,,Seals,,Constantinople: was praitor of Constantinople,Dignity,Dignity,,,,
Niketas,20206,418260,Constantinople,https://pleiades.stoa.org/places/520998,,Seals,,Constantinople: was praitor of Constantinople,Dignity,Dignity,,,,
Leon,20257,418261,Constantinople,https://pleiades.stoa.org/places/520998,,Seals,,Constantinople: was praitor of Constantinople,Dignity,Dignity,,,,
Gregorios,20145,418504,Taron (Armenia),,,Seals,,Taron: was doux of Taron,Dignity,Dignity,,,,
Elinagos,20101,418505,Taron (Armenia),,,Seals,,Taron: was katepano of Taron,Dignity,Dignity,,,,
Euphemios,20101,418506,Taron (Armenia),,,Seals,,Taron: was kleisourarches of Taron,Dignity,Dignity,,,,
Pankratios,20103,418507,Taron (Armenia),,,Seals,,Taron: was strategos of Taron,Dignity,Dignity,,,,
Kosmas,11,418900,Constantinople,https://pleiades.stoa.org/places/520998,,Seals,,Constantinople: was patriarch of Constantinople,Dignity,Dignity,,,,
Veken,20102,418981,"Baniyas (Valania, near Laodikeia)",https://pleiades.stoa.org/places/668206,,Seals,,"Baniyas (Valania, near Laodikeia): was strategos of Baniyas (Valania, near Laodikeia)",Dignity,Dignity,,,,
Stephanos,20221,419016,Constantinople,https://pleiades.stoa.org/places/520998,,Seals,,Constantinople: was praitor of Constantinople,Dignity,Dignity,,,,
Anonymus,20328,419017,Constantinople,https://pleiades.stoa.org/places/520998,,Seals,,Constantinople: was praitor of Constantinople,Dignity,Dignity,,,,
Anonymus,20359,419154,Taron (Armenia),,,Seals,,Taron: was kourator of Taron,Dignity,Dignity,,,,
Leon,20402,419263,Constantinople,https://pleiades.stoa.org/places/520998,,Seals,,Constantinople: was protopapas of Constantinople,Dignity,Dignity,,,,
Nikolaos,20290,419367,Andida,https://pleiades.stoa.org/places/40039,,Seals,,Andida: was bishop of Andida,Dignity,Dignity,,,,
Ioannes,20784,419520,Constantinople: Blachernai,,,Seals,,Constantinople: Blachernai: was protos tes presbeias of Constantinople: Blachernai,Dignity,Dignity,,,,
Anastasios,20121,419577,"Baalbek (Helioupolis, Malbec)",https://pleiades.stoa.org/places/678179,,Seals,,"Baalbek (Helioupolis, Malbec): was metropolitan of Baalbek (Helioupolis, Malbec)",Dignity,Dignity,,,,
Sergios,20117,419595,Constantinople,https://pleiades.stoa.org/places/520998,,Seals,,Constantinople: was patriarch of Constantinople,Dignity,Dignity,,,,
Leon,114,444937,Constantinople: Hagia Euphemia,,,Semeioma on Leon of Chalcedon,122.18-20,Constantinople: Hagia Euphemia: could worship with his own clergy at Hagia Euphemia (?),"Leon 114: Constantinople, Hagia Euphemia: Specifies presence (dignity)",Dignity,,,,
Anonymus,953,444891,Antioch (Pisidia),https://pleiades.stoa.org/places/609307,,Semeioma on Leon of Chalcedon,"127.6, 9",Antioch (Pisidia): was metropolitan of Antioch (Pisidia),Anonymus 953: Antioch (Pisidia): Specifies presence (dignity),Dignity,,,,
Michael,6,223641,Constantinople,https://pleiades.stoa.org/places/520998,,Skylitzes,480,Constantinople: hailed from Constantinople,Michael 6: Constantinople: Specifies presence  ,Specifies presence,,,,
Nikephoros,105,223061,Constantinople,https://pleiades.stoa.org/places/520998,,Skylitzes,372.68,Constantinople: was recalled and put to trial in Constantinople,Nikephoros 105: Constantinople: Specifies presence ,Specifies presence,,,,
Maria,102,223084,Constantinople,https://pleiades.stoa.org/places/520998,,Skylitzes,376.86,Constantinople: was banished from Constantinople,Maria 102: Constantinople: Specifies presence ,Specifies presence,,,,
Konstantinos,101,223088,Constantinople,https://pleiades.stoa.org/places/520998,,Skylitzes,376.91,Constantinople: was carried in chains and imprisoned in a tower in Constantinople,Konstantinos 101: Constantinople: Specifies presence ,Specifies presence,,,,
Theoktistos,101,223131,Constantinople,https://pleiades.stoa.org/places/520998,,Skylitzes,383.90,Constantinople: returned from his campaign in Syria to Constantinople,Theoktistos 101: Constantinople: Specifies presence ,Specifies presence,J 1030-31 TIQ,Skylitzes,,
Alach,101,223132,Constantinople,https://pleiades.stoa.org/places/520998,,Skylitzes,383.90,Constantinople: accompanied <Theoktistos 101> to Constantinople,Alach 101: Constantinople: Specifies presence ,Specifies presence,J 1030-31 TIQ,Skylitzes,,
Pinzarach,101,223133,Constantinople,https://pleiades.stoa.org/places/520998,,Skylitzes,383.90,Constantinople: arrived and was received by the emperor (<Romanos 3>) at Constantinople,Pinzarach 101: Constantinople: Specifies presence ,Specifies presence,,,,
Niketas,102,223135,Constantinople,https://pleiades.stoa.org/places/520998,,Skylitzes,383.90,Constantinople: returned with <Pinzarach 101> to Constantinople,Niketas 102: Constantinople: Specifies presence ,Specifies presence,,,,
Konstantinos,101,223157,Constantinople: Blachernai,,,Skylitzes,385.46,Constantinople: Blachernai: was tortured in the palace of  Blachernai,"Konstantinos 101: Constantinople, Blachernai: Specifies presence ",Specifies presence," J 1031, September",Skylitzes,,
Ioannes,68,223158,Constantinople: Blachernai,,,Skylitzes,385.46,Constantinople: Blachernai: tortured <Konstantinos 101> Diogenes in the palace of  Blachernai,"Ioannes 68: Constantinople, Blachernai: Specifies presence ",Specifies presence," J 1031, September",Skylitzes,,
Basileios,103,223179,Constantinople,https://pleiades.stoa.org/places/520998,,Skylitzes,388.24,Constantinople: was banished from Constantinople,Basileios 103: Constantinople: Specifies presence ,Specifies presence,J 1033,Skylitzes,,
Poulcheria,101,223180,Constantinople,https://pleiades.stoa.org/places/520998,,Skylitzes,388.24,Constantinople: was banished from Constantinople,Poulcheria 101: Constantinople: Specifies presence ,Specifies presence,J 1033,Skylitzes,,
Pinzarach,101,223182,Constantinople,https://pleiades.stoa.org/places/520998,,Skylitzes,388.27,Constantinople: fled to Constantinople,Pinzarach 101: Constantinople: Specifies presence ,Specifies presence,J 1033,Skylitzes,,
Anonymus,151,223192,Constantinople,https://pleiades.stoa.org/places/520998,,Skylitzes,388.39,Constantinople: was sent by his father <Aleim 101> to the emperor (<Romanos 3>) at Constantinople,Anonymus 151: Constantinople:  Specifies presence ,Specifies presence,J 1033,Skylitzes,,
Konstantinos,63,223208,Constantinople,https://pleiades.stoa.org/places/520998,,Skylitzes,394.67,Constantinople: returned with <Konstantinos 106> to Constantinople,Konstantinos 63: Constantinople: Specifies presence ,Specifies presence,J 1033,Skylitzes,,
Konstantinos,106,223209,Constantinople,https://pleiades.stoa.org/places/520998,,Skylitzes,394.67,Constantinople: returned with <Konstantinos 63> to Constantinople,Konstantinos 106: Constantinople: Specifies presence ,Specifies presence,J 1033,Skylitzes,,
Elpidios,101,223216,Constantinople,https://pleiades.stoa.org/places/520998,,Skylitzes,395.16,Constantinople: was sent in chains to Constantinople,Elpidios 101: Constantinople: Specifies presence ,Specifies presence,J 1033,Skylitzes,,
Symeon,101,223223,Constantinople,https://pleiades.stoa.org/places/520998,,Skylitzes,396.31,Constantinople: was driven out of Constantinople,Symeon 101: Constantinople: Specifies presence ,Specifies presence,"J 1034, August",Skylitzes,,
Georgios,107,223233,Constantinople,https://pleiades.stoa.org/places/520998,,Skylitzes,398.82,Constantinople: returned from Sicily to Constantinople,Georgios 107: Constantinople:  Specifies presence ,Specifies presence,"J 1035, May ",Skylitzes,,
Anonymus,160,223235,Constantinople,https://pleiades.stoa.org/places/520998,,Skylitzes,398.82,Was brought by <Georgios 107> back to Constantinople,Anonymus 160: Constantinople:  Specifies presence ,Specifies presence,"J 1035, May ",Skylitzes,,
Ioannes,68,223252,Constantinople: Blachernai,,,Skylitzes,400.43-44,Constantinople: Blachernai: walked in procession from the Great Palace to  Blachernai,"Ioannes 68: Constantinople, Blachernai:  Specifies presence ",Specifies presence,,,,
Konstantinos,64,223253,Constantinople,https://pleiades.stoa.org/places/520998,,Skylitzes,400.43-44,Constantinople: walked in procession from the Great Palace to  Blachernai,"Konstantinos 64: Constantinople, Blachernai:  Specifies presence ",Specifies presence,,,,
Georgios,106,223254,Constantinople: Blachernai,,,Skylitzes,400.43-44,Constantinople: Blachernai: walked in procession from the Great Palace to  Blachernai,"Georgios 106: Constantinople, Blachernai:  Specifies presence ",Specifies presence,,,,
Konstantinos,109,223269,Constantinople,https://pleiades.stoa.org/places/520998,,Skylitzes,403.20,Constantinople: was banished from Constantinople,Konstantinos 109: Constantinople: Specifies presence ,Specifies presence,J 1037,Skylitzes,,
Georgios,62,223275,Constantinople,https://pleiades.stoa.org/places/520998,,Skylitzes,406.4,Constantinople: was carried in chains to Constantinople,Georgios 62: Constantinople: Specifies presence ,Specifies presence,"J 1040, February ",Skylitzes,,
Maria,104,223283,Constantinople,https://pleiades.stoa.org/places/520998,,Skylitzes,408.67,Cut her pilgrimage short and returned to Constantinople,Maria 104: Constantinople: Specifies presence ,Specifies presence,"J 1040, May",Skylitzes,,
Voislav,101,223284,Constantinople,https://pleiades.stoa.org/places/520998,,Skylitzes,408.74,Constantinople: escaped to the land of the Serbs from Constantinople,Voislav 101: Constantinople: Specifies presence near,Specifies presence near,J 1040,Skylitzes,,
Anonymus,171,223286,Constantinople,https://pleiades.stoa.org/places/520998,,Skylitzes,409.90,Constantinople: lived in Constantinople,Anonymus 171: Constantinople: Specifies presence ,Specifies presence,J 1040,Skylitzes,,
Petros,102,223287,Constantinople,https://pleiades.stoa.org/places/520998,,Skylitzes,409.90,Constantinople: escaped from (his master at) Constantinople,Petros 102: Constantinople: Specifies presence near,Specifies presence near,J 1040,Skylitzes,,
Petros,102,223290,Belegrada,https://pleiades.stoa.org/places/207443,https://www.geonames.org/792680,Skylitzes,409.91,Belegrada: reached Morabos and Belegrada,Petros 102: Belegrada: Specifies presence ,Specifies presence,J 1040,Skylitzes,,
Michael,4,223302,Constantinople,https://pleiades.stoa.org/places/520998,,Skylitzes,411.39,Constantinople: returned hastily from Thessalonike to Constantinople,Michael 4: Constantinople: Specfies presence ,Specifies presence,J 1040,Skylitzes,,
Ioannes,111,223309,Constantinople,https://pleiades.stoa.org/places/520998,,Skylitzes,411.58-59,Constantinople: hailed from Constantinople,Ionnnes 111: Constantinople: Specifies presence near,Specifies presence near,J 1040,Skylitzes,,
Alousianos,101,223327,Constantinople,https://pleiades.stoa.org/places/520998,,Skylitzes,414.36,Constantinople: was sent by the emperor (<Michael 4>) to the orphanotrophos (<Ioannes 68>) at Constantinople,Alousianos 101: Constantinople: Specfies presence ,Specifies presence,J 1040,Skylitzes,,
Manuel,102,223332,Constantinople,https://pleiades.stoa.org/places/520998,,Skylitzes,414.46,Constantinople: was taken by the emperor (<Michael 4>) to Constantinople,Manuel 102: Constantinople: Specfies presence ,Specifies presence,J 1040,Skylitzes,,
Petros,102,223333,Constantinople,https://pleiades.stoa.org/places/520998,,Skylitzes,414.46,Constantinople: was taken by the emperor (<Michael 4>) to Constantinople,Petros 102: Constantinople: Specfies presence ,Specifies presence,J 1040,Skylitzes,,
Michael,4,223334,Constantinople,https://pleiades.stoa.org/places/520998,,Skylitzes,414.46,"Constantinople: returned with his captives Deljan and Ibatzes (<Petros 102>, <Manuel 102>) to Constantinople",Michael 4: Constantinople: Specfies presence ,Specifies presence,J 1040,Skylitzes,,
Anastasios,101,223344,Constantinople,https://pleiades.stoa.org/places/520998,,Skylitzes,418.18,Constantinople: served as eparch (prefect) of Constantinople,Anastasios 101: Constantinople: Specfies presence (dignity),Dignity,J 1041,Skylitzes,,
Anonymus,178,223393,Constantinople,https://pleiades.stoa.org/places/520998,,Skylitzes,428.72,Constantinople: hailed from Constantinople,Anonymus 178: Constantinople: Specifies presence near,Specifies presence near,,,,
Anonymus,180,223406,Constantinople,https://pleiades.stoa.org/places/520998,,Skylitzes,430.39,Constantinople: was murdered while in Constantinople,Anonymus 180: Constantinople: Specfies presence ,Specifies presence,J 1043,Skylitzes,,
Jaroslav,102,223407,Constantinople,https://pleiades.stoa.org/places/520998,,Skylitzes,430.47,"Constantinople: sailed with 100,000 men against Constantinople",Jaroslav 102: Specify presence near,Specifies presence near,J 1043,Skylitzes,,
Konstantinos,9,223409,Constantinople,https://pleiades.stoa.org/places/520998,,Skylitzes,432.95,Constantinople: after his victory over the Scythians returned to Constantinople,Konstantinos 9: Constantinople: Specfies presence ,Specifies presence,J 1043,Skylitzes,,
Gagik,101,223432,Constantinople,https://pleiades.stoa.org/places/520998,,Skylitzes,437.27,Constantinople: went up to the emperor at Constantinople,Gagik 101: Constantinople: Specfies presence ,Specifies presence,J 1045,Skylitzes,,
Leon,61,223463,Constantinople,https://pleiades.stoa.org/places/520998,,Skylitzes,439.12,Constantinople: reached and hoped to capture Constantinople,Leon 61: Constantinople: Specfies presence near,Specifies presence near,J 1047,Skylitzes,,
Konstantinos,115,223462,Constantinople,https://pleiades.stoa.org/places/520998,,Skylitzes,439.4,Constantinople: hurried with his army back to Constantinople,Konstantinos 115: Constantinople: Specfies presence ,Specifies presence,J 1047,Skylitzes,,
Leon,61,223457,Constantinople,https://pleiades.stoa.org/places/520998,,Skylitzes,439.81,Constantinople: was brought to Constantinople,Leon 61: Constantinople: Specfies presence near,Specifies presence near,J 1047,Skylitzes,,
Leon,61,223459,Constantinople,https://pleiades.stoa.org/places/520998,,Skylitzes,439.89,Constantinople: marched on Constantinople,Leon 61: Constantinople: Specfies presence near,Specifies presence near,J 1047,Skylitzes,,
Leon,61,223464,Constantinople: Blachernai,,,Skylitzes,440.14,Constantinople: Blachernai: encamped opposite  Blachernai,Leon 61: Constantinople Blachernai: Specfies presence near,Specifies presence near,J 1047,Skylitzes,,
Konstantinos,9,223466,Constantinople: Blachernai,,,Skylitzes,440.21,Constantinople: Blachernai: took his soldiers outside the walls through the gate of  Blachernai,Konstantinos 9: Constantinople Blachernai: Specfies presence near,Specifies presence near,J 1047,Skylitzes,,
Bagrat,101,223513,Constantinople,https://pleiades.stoa.org/places/520998,,Skylitzes,448.38,Constantinople: paid a visit to the emperor (<Konstantinos 9>) at Constantinople,Bagrat 101: Constantinople: Specfies presence ,Specifies presence,,,,
Anonymus,192,223537,Constantinople,https://pleiades.stoa.org/places/520998,,Skylitzes,454.24,Constantinople: arrived on an embassy to Constantinople,Anonymus 192: Constantinople: Specfies presence ,Specifies presence,J 1048,Skylitzes,,
Kegen,101,223541,Constantinople,https://pleiades.stoa.org/places/520998,,Skylitzes,456.4,Constantinople: reached Constantinople,Kegen 101: Constantinople: Specfies presence ,Specifies presence,J 1048,Skylitzes,,
Soultzous,101,223560,Constantinople,https://pleiades.stoa.org/places/520998,,Skylitzes,460.92,Constantinople: was among the Pechenegs of Constantinople,Soultzous 101: Constantinople: Specfies presence ,Specifies presence,J 1048,Skylitzes,,
Selte,101,223561,Constantinople,https://pleiades.stoa.org/places/520998,,Skylitzes,460.92,Constantinople: was among the Pechenegs of Constantinople,Selte 101:Constantinople: Specfies presence ,Specifies presence,J 1048,Skylitzes,,
Karamas,101,223562,Constantinople,https://pleiades.stoa.org/places/520998,,Skylitzes,460.92,Constantinople: was among the Pechenegs of Constantinople,Karamas 101: Constantinople: Specfies presence ,Specifies presence,J 1048,Skylitzes,,
Kataleim,101,223563,Constantinople,https://pleiades.stoa.org/places/520998,,Skylitzes,460.92,Constantinople: was among the Pechenegs of Constantinople,Kataleim 101: Constantinople: Specfies presence ,Specifies presence,J 1048,Skylitzes,,
Nikephoros,108,223583,Constantinople,https://pleiades.stoa.org/places/520998,,Skylitzes,464.28,Constantinople: returned with his hostage (<Artaseiras 101>) to Constantinople,Nikephoros 108: Constantinople: Specfies presence ,Specifies presence,J 1048,Skylitzes,,
Artaseiras,101,223584,Constantinople,https://pleiades.stoa.org/places/520998,,Skylitzes,464.28,Constantinople: was taken as a hostage by <Nikephoros 108> to Constantinople,Artaseiras 101: Constantinople: Specfies presence ,Specifies presence,J 1048,Skylitzes,,
Kegen,101,223586,Constantinople,https://pleiades.stoa.org/places/520998,,Skylitzes,465.35,Constantinople: was summoned by the emperor to Constantinople,Kegen 101: Constantinople: Specfies presence ,Specifies presence,J 1048,Skylitzes,,
Tyrach,101,223601,Constantinople,https://pleiades.stoa.org/places/520998,,Skylitzes,468.19-20,Constantinople: was allowed (by <Konstantinos 9>) to leave Constantinople,Tyrach 101: Constantinople: Specfies presence ,Specifies presence,J 1048,Skylitzes,,
Katakalon,101,223689,Nikopolis (?),https://pleiades.stoa.org/places/609295,,Skylitzes,491.30,Nikopolis (?): ordered his forces to gather in the plain of Nikopolis (?),Katakalon 101: Nikopolis (?): Specfies presence (near?),Specifies presence / Specifies presence near,J 1057,Skylitzes,,
Michael,11,231637,Constantinople: Blachernai,,,Skylitzes Continuatus,105.13,Constantinople: Blachernai: was taken on a mule to the shore at  Blachernai,"Michael 11: Constantinople, Blachernai shore: Specifies presence",Specifies presence,J 1058,Skylitzes,,
Konstantinos,120,442958,Constantinople: Blachernai,,,Skylitzes Continuatus,105.13,Constantinople: Blachernai: was arrested and taken to the shore at Blachernai,Konstantinos 120: Constantinople shore: Specifies presence,Specifies presence,J 1058,Skylitzes,,
Nikephoros,111,442959,Constantinople: Blachernai,,,Skylitzes Continuatus,105.13,Constantinople: Blachernai: was arrested and taken to the shore at Blachernai,Nikephoros 111: Constantinople shore: Specifies presence,Specifies presence,J 1058,Skylitzes,,
Michael,11,231636,Constantinople,https://pleiades.stoa.org/places/520998,,Skylitzes Continuatus,105.8,Constantinople: was arrested at the monastery he had founded outside Constantinople,Michael 11: Constantinople : Specifies presence near,Specifies presence near,J 1058,Skylitzes,,
Isaakios,1,231646,Constantinople: Blachernai,,,Skylitzes Continuatus,107.28-108.1,Constantinople: Blachernai: built a beautiful church dedicated to St Thekla in the palace of  Blachernai,"Isaakios 1: Constantinople, Blachernai: Does not Specify presence",Does not specify presence,,,,
Isaakios,1,231645,Constantinople,https://pleiades.stoa.org/places/520998,,Skylitzes Continuatus,108.1,Constantinople: returned after his campaign against the Pechenegs to Constantinople,Isaakios 1: Constantinople: Specifies presence ,Specifies presence,,,,
Romanos,4,231680,Constantinople,https://pleiades.stoa.org/places/520998,,Skylitzes Continuatus,122.23,Constantinople: was recalled from Cappadocia and returned to Constantinople,Romanos 4: Constantinople: Specifies presence ,Specifies presence,J 1067,Skylitzes,,
Romanos,4,231675,Constantinople,https://pleiades.stoa.org/places/520998,,Skylitzes Continuatus,122.4,Constantinople: was captured and taken in chains to Constantinople,Romanos 4: Constantinople: Specifies presence ,Specifies presence,J 1067,Skylitzes,,
Romanos,4,231676,Constantinople,https://pleiades.stoa.org/places/520998,,Skylitzes Continuatus,122.6,Constantinople: was banished from Constantinople,Romanos 4: Constantinople: Specifies presence ,Specifies presence,J 1067,Skylitzes,,
Romanos,4,231724,Constantinople,https://pleiades.stoa.org/places/520998,,Skylitzes Continuatus,133.16,Constantinople: returned from his campaign in Syria to Constantinople,Romanos 4: Constantinople: Specifies presence ,Specifies presence,J 1069 ,Skylitzes,,
Romanos,4,231728,Constantinople,https://pleiades.stoa.org/places/520998,,Skylitzes Continuatus,133.21,Constantinople: spent some time  in the city and then sailed away from Constantinople,Romanos 4: Constantinople: Specifies presence ,Specifies presence,J 1069 ,Skylitzes,,
Romanos,4,231748,Constantinople,https://pleiades.stoa.org/places/520998,,Skylitzes Continuatus,138.25,Constantinople: despaired at the situation in Cilicia and returned to Constantinople,Romanos 4: Constantinople: Specifies presence ,Specifies presence,J 1069 ,Skylitzes,,
Romanos,4,231749,Constantinople,https://pleiades.stoa.org/places/520998,,Skylitzes Continuatus,139.8-9,Constantinople: decided to remain in Constantinople,Romanos 4: Constantinople: Specifies presence ,Specifies presence,J 1070,Skylitzes,,
Paulos,101,231783,Constantinople,https://pleiades.stoa.org/places/520998,,Skylitzes Continuatus,152.16,Constantinople: left <Romanos 4> at Melissopetrion and reached Constantinople,Paulos 101:  Constantinople: Specifies presence ,Specifies presence,J 1071,Skylitzes,,
Konstantinos,61,231793,Constantinople,https://pleiades.stoa.org/places/520998,,Skylitzes Continuatus,153.21,Constantinople: after his victory over the army of <Romanos 4> returned to Constantinople,Konstantinos 61: Constantinople: Specifies presence ,Specifies presence,J 1071,Skylitzes,,
Theophilos,101,231798,Koloneia (?),,,Skylitzes Continuatus,154.11-12,Koloneia (?): was bishop of Koloneia (?),Theophilos 101: Koloneia: Specifies presence (dignity),Dignity,,,,
Roussel,61,231821,Constantinople,https://pleiades.stoa.org/places/520998,,Skylitzes Continuatus,158.19,Constantinople: marched against Constantinople,Roussel 61: Constantinople:Specifies presence near,Specifies presence near,,,,
Nestor,101,231863,Constantinople,https://pleiades.stoa.org/places/520998,,Skylitzes Continuatus,166.18,Constantinople: marched against Constantinople,Nestor 101:Constantinople:Specifies presence near,Specifies presence near,,,,
Tatous,101,231864,Constantinople,https://pleiades.stoa.org/places/520998,,Skylitzes Continuatus,166.18,Constantinople: marched against Constantinople,Tatous 101: Constantinople: Specifies presence near,Specifies presence near,,,,
Nestor,101,231865,Constantinople,https://pleiades.stoa.org/places/520998,,Skylitzes Continuatus,166.24,Constantinople: took his army away from Constantinople,Nestor 101: Constantinople: Specifies presence near,Specifies presence near,,,,
Ioannes,61,231911,Constantinople,https://pleiades.stoa.org/places/520998,,Skylitzes Continuatus,174.19,Constantinople: was sent with an army against Constantinople,Ioannes 61:Constantinople: Specifies presence near ,Specifies presence near,J 1078,Skylitzes,,
Kosmas,11,231919,Constantinople,https://pleiades.stoa.org/places/520998,,Skylitzes Continuatus,176.6,Constantinople: was appointed to succeed <Ioannes 18> Xiphilinos as patriarch of Constantinople,Kosmas 11: Constantinople: Specifies presence (dignity),Dignity,J 1075,Skylitzes,,
Nikephoros,3,231934,Constantinople,https://pleiades.stoa.org/places/520998,,Skylitzes Continuatus,178.18,Constantinople: marched on Constantinople,Nikephoros 3: Constantinople: Does not specify presence ,Does not specify presence,J1078,Skylitzes,,
Michael,7,231930,Constantinople: Blachernai,,,Skylitzes Continuatus,178.9,Constantinople: Blachernai: was deposed and fled to the palace at  Blachernai,"Michael 7: Constantinople, Blachernai: Specifies presence ",Specifies presence,J 1078,Skylitzes,,
Maria,61,231931,Constantinople: Blachernai,,,Skylitzes Continuatus,178.9,Constantinople: Blachernai: accompanied <Michael 7> when he fled to the palace at  Blachernai,"Maria 61: Constantinople, Blachernai: Specifies presence",Specifies presence,J 1078,Skylitzes,,
Konstantinos,62,231932,Constantinople: Blachernai,,,Skylitzes Continuatus,178.9,Constantinople: Blachernai: accompanied <Michael 7> when he fled to the palace at  Blachernai,"Konstantinos 62: Constantinople, Blachernai: Specifies presence ",Specifies presence,J 1078,Skylitzes,,
Anonyma,106,231969,Constantinople,https://pleiades.stoa.org/places/520998,,Skylitzes Continuatus,185.25,Constantinople: returned after the death of her husband (<Anonymus 137>) to Constantinople,Anonymous 106: Constantinople: Specifies presence ,Specifies presence,,,,
Stephanos,140,224830,Antioch (?),,,Synod of 1072,57.19,Antioch (?): was metropolitan of Antioch (?),Stephanos 140: Antioch: Does not specify presence ,Does not specify presence,,,,
Basileios,114,225234,Constantinople: Blachernai,,,Synod of 1094,218,Constantinople: Blachernai: was papias of the  Blachernai,"Basileios 114: Constantinople, Blachernai: Specifies presence (dignity)",Dignity,,,,
Euthymios,103,225235,Constantinople: Blachernai,,,Synod of 1094,218,Constantinople: Blachernai: took part in a council convened in the newly built great triklinos of  Blachernai,"Euthymios 103: Constantinople, great triklinos of Blachernai: Specifies presence",Specifies presence,J 1094,Synod of 1094,,
Michael,126,225236,Constantinople: Blachernai,,,Synod of 1094,218,Constantinople: Blachernai: took part in a council convened in the newly built great triklinos of  Blachernai,"Michael 126: Constantinople, great triklinos of Blachernai: Specifies presence",Specifies presence,J 1094,Synod of 1094,,
Michael,127,225237,Constantinople: Blachernai,,,Synod of 1094,218,Constantinople: Blachernai: took part in a council convened in the newly built great triklinos of  Blachernai,"Michael 127: Constantinople, great triklinos of Blachernai: Specifies presence",Specifies presence,J 1094,Synod of 1094,,
Michael,128,225238,Constantinople: Blachernai,,,Synod of 1094,218,Constantinople: Blachernai: took part in a council convened in the newly built great triklinos of  Blachernai,"Michael 128: Constantinople, great triklinos of Blachernai: Specifies presence",Specifies presence,J 1094,Synod of 1094,,
Michael,129,225239,Constantinople: Blachernai,,,Synod of 1094,218,Constantinople: Blachernai: took part in a council convened in the newly built great triklinos of  Blachernai,"Michael 129: Constantinople, great triklinos of Blachernai: Specifies presence",Specifies presence,J 1094,Synod of 1094,,
Konstantinos,125,225240,Constantinople: Blachernai,,,Synod of 1094,218,Constantinople: Blachernai: took part in a council convened in the newly built great triklinos of  Blachernai,"Konstantinos 125: Constantinople, great triklinos of Blachernai: Specifies presence",Specifies presence,J 1094,Synod of 1094,,
Konstantinos,126,225241,Constantinople: Blachernai,,,Synod of 1094,218,Constantinople: Blachernai: took part in a council convened in the newly built great triklinos of  Blachernai,"Konstantinos 126: Constantinople, great triklinos of Blachernai: Specifies presence",Specifies presence,J 1094,Synod of 1094,,
Konstantinos,127,225242,Constantinople: Blachernai,,,Synod of 1094,218,Constantinople: Blachernai: took part in a council convened in the newly built great triklinos of  Blachernai,"Konstantinos 127: Constantinople, great triklinos of Blachernai: Specifies presence",Specifies presence,J 1094,Synod of 1094,,
Tatikios,61,225243,Constantinople: Blachernai,,,Synod of 1094,218,Constantinople: Blachernai: took part in a council convened in the newly built great triklinos of  Blachernai,"Tatikios 61: Constantinople, great triklinos of Blachernai: Specifies presence",Specifies presence,J 1094,Synod of 1094,,
Katakalon,61,225244,Constantinople: Blachernai,,,Synod of 1094,218,Constantinople: Blachernai: took part in a council convened in the newly built great triklinos of  Blachernai,"Katakalon 61: Constantinople, great triklinos of Blachernai: Specifies presence",Specifies presence,J 1094,Synod of 1094,,
Theodoros,109,225245,Constantinople: Blachernai,,,Synod of 1094,218,Constantinople: Blachernai: took part in a council convened in the newly built great triklinos of  Blachernai,"Theodoros 109: Constantinople, great triklinos of Blachernai: Specifies presence",Specifies presence,J 1094,Synod of 1094,,
Theodoros,110,225246,Constantinople: Blachernai,,,Synod of 1094,218,Constantinople: Blachernai: took part in a council convened in the newly built great triklinos of  Blachernai,"Theodoros 110: Constantinople, great triklinos of Blachernai: Specifies presence",Specifies presence,J 1094,Synod of 1094,,
Georgios,110,225247,Constantinople: Blachernai,,,Synod of 1094,218,Constantinople: Blachernai: took part in a council convened in the newly built great triklinos of  Blachernai,"Georgios 110: Constantinople, great triklinos of Blachernai: Specifies presence",Specifies presence,J 1094,Synod of 1094,,
Georgios,111,225248,Constantinople: Blachernai,,,Synod of 1094,218,Constantinople: Blachernai: took part in a council convened in the newly built great triklinos of  Blachernai,"Georgios 111: Constantinople, great triklinos of Blachernai: Specifies presence",Specifies presence,J 1094,Synod of 1094,,
Georgios,112,225249,Constantinople: Blachernai,,,Synod of 1094,218,Constantinople: Blachernai: took part in a council convened in the newly built great triklinos of  Blachernai,"Georgios 112: Constantinople, great triklinos of Blachernai: Specifies presence",Specifies presence,J 1094,Synod of 1094,,
Niketas,108,225250,Constantinople: Blachernai,,,Synod of 1094,218,Constantinople: Blachernai: took part in a council convened in the newly built great triklinos of  Blachernai,"Niketas 108: Constantinople, great triklinos of Blachernai: Specifies presence",Specifies presence,J 1094,Synod of 1094,,
Basileios,113,225251,Constantinople: Blachernai,,,Synod of 1094,218,Constantinople: Blachernai: took part in a council convened in the newly built great triklinos of  Blachernai,"Basileios 113: Constantinople, great triklinos of Blachernai: Specifies presence",Specifies presence,J 1094,Synod of 1094,,
Basileios,114,225252,Constantinople: Blachernai,,,Synod of 1094,218,Constantinople: Blachernai: took part in a council convened in the newly built great triklinos of  Blachernai,"Basileios 114: Constantinople, great triklinos of Blachernai: Specifies presence",Specifies presence,J 1094,Synod of 1094,,
Gregorios,103,225253,Constantinople: Blachernai,,,Synod of 1094,218,Constantinople: Blachernai: took part in a council convened in the newly built great triklinos of  Blachernai,"Gregorios 103: Constantinople, great triklinos of Blachernai: Specifies presence",Specifies presence,J 1094,Synod of 1094,,
Eustathios,102,225254,Constantinople: Blachernai,,,Synod of 1094,218,Constantinople: Blachernai: took part in a council convened in the newly built great triklinos of  Blachernai,"Eustathios 102: Constantinople, great triklinos of Blachernai: Specifies presence",Specifies presence,J 1094,Synod of 1094,,
Leon,115,225255,Constantinople: Blachernai,,,Synod of 1094,218,Constantinople: Blachernai: took part in a council convened in the newly built great triklinos of  Blachernai,"Leon 115: Constantinople, great triklinos of Blachernai: Specifies presence",Specifies presence,J 1094,Synod of 1094,,
Ioannes,120,225256,Constantinople: Blachernai,,,Synod of 1094,218,Constantinople: Blachernai: took part in a council convened in the newly built great triklinos of  Blachernai,"Ioannes 120: Constantinople, great triklinos of Blachernai: Specifies presence",Specifies presence,J 1094,Synod of 1094,,
Ioannes,121,225257,Constantinople: Blachernai,,,Synod of 1094,218,Constantinople: Blachernai: took part in a council convened in the newly built great triklinos of  Blachernai,"Ioannes 121: Constantinople, great triklinos of Blachernai: Specifies presence",Specifies presence,J 1094,Synod of 1094,,
Kosmas,102,225271,Constantinople: Blachernai,,,Synod of 1094,218,Constantinople: Blachernai: took part in a council convened in the newly built great triklinos of  Blachernai,"Kosmas 102: Constantinople, great triklinos of Blachernai: Specifies presence",Specifies presence,J 1094,Synod of 1094,,
Konstantinos,128,225272,Constantinople: Blachernai,,,Synod of 1094,218,Constantinople: Blachernai: took part in a council convened in the newly built great triklinos of  Blachernai,"Konstantinos 128: Constantinople, great triklinos of Blachernai: Specifies presence",Specifies presence,J 1094,Synod of 1094,,
Konstantinos,129,225273,Constantinople: Blachernai,,,Synod of 1094,218,Constantinople: Blachernai: took part in a council convened in the newly built great triklinos of  Blachernai,"Konstantinos 129: Constantinople, great triklinos of Blachernai: Specifies presence",Specifies presence,J 1094,Synod of 1094,,
Ioannes,102,225274,Constantinople: Blachernai,,,Synod of 1094,218,Constantinople: Blachernai: took part in a council convened in the newly built great triklinos of  Blachernai,"Ioannes 102: Constantinople, great triklinos of Blachernai: Specifies presence",Specifies presence,J 1094,Synod of 1094,,
Nikephoros,112,225275,Constantinople: Blachernai,,,Synod of 1094,218,Constantinople: Blachernai: took part in a council convened in the newly built great triklinos of  Blachernai,"Nikephoros 112: Constantinople, great triklinos of Blachernai: Specifies presence",Specifies presence,J 1094,Synod of 1094,,
Theodoulos,103,225276,Constantinople: Blachernai,,,Synod of 1094,218,Constantinople: Blachernai: took part in a council convened in the newly built great triklinos of  Blachernai,"Theodoulos 103: Constantinople, great triklinos of Blachernai: Specifies presence",Specifies presence,J 1094,Synod of 1094,,
Ioannes,122,225277,Constantinople: Blachernai,,,Synod of 1094,218,Constantinople: Blachernai: took part in a council convened in the newly built great triklinos of  Blachernai,"Ioannes 122: Constantinople, great triklinos of Blachernai: Specifies presence",Specifies presence,J 1094,Synod of 1094,,
Gregorios,104,225278,Constantinople: Blachernai,,,Synod of 1094,218,Constantinople: Blachernai: took part in a council convened in the newly built great triklinos of  Blachernai,"Gregorios 104: Constantinople, great triklinos of Blachernai: Specifies presence",Specifies presence,J 1094,Synod of 1094,,
Michael,130,225279,Constantinople: Blachernai,,,Synod of 1094,218,Constantinople: Blachernai: took part in a council convened in the newly built great triklinos of  Blachernai,"Michael 130: Constantinople, great triklinos of Blachernai: Specifies presence",Specifies presence,J 1094,Synod of 1094,,
Eustathios,103,225280,Constantinople: Blachernai,,,Synod of 1094,218,Constantinople: Blachernai: took part in a council convened in the newly built great triklinos of  Blachernai,"Eustathios 103: Constantinople, great triklinos of Blachernai: Specifies presence",Specifies presence,J 1094,Synod of 1094,,
Niketas,109,225281,Constantinople: Blachernai,,,Synod of 1094,218,Constantinople: Blachernai: took part in a council convened in the newly built great triklinos of  Blachernai,"Niketas 109: Constantinople, great triklinos of Blachernai: Specifies presence",Specifies presence,J 1094,Synod of 1094,,
Niketas,110,225282,Constantinople: Blachernai,,,Synod of 1094,218,Constantinople: Blachernai: took part in a council convened in the newly built great triklinos of  Blachernai,"Niketas 110: Constantinople, great triklinos of Blachernai: Specifies presence",Specifies presence,J 1094,Synod of 1094,,
Sergios,101,225283,Constantinople: Blachernai,,,Synod of 1094,218,Constantinople: Blachernai: took part in a council convened in the newly built great triklinos of  Blachernai,"Sergios 101: Constantinople, great triklinos of Blachernai: Specifies presence",Specifies presence,J 1094,Synod of 1094,,
Petros,104,225284,Constantinople: Blachernai,,,Synod of 1094,219,Constantinople: Blachernai: took part in a council convened in the newly built great triklinos of  Blachernai,"Petros 104: Constantinople, great triklinos of Blachernai: Specifies presence",Specifies presence,J 1094,Synod of 1094,,
Basileios,115,225285,Constantinople: Blachernai,,,Synod of 1094,219,Constantinople: Blachernai: took part in a council convened in the newly built great triklinos of  Blachernai,"Basileios 115: Constantinople, great triklinos of Blachernai: Specifies presence",Specifies presence,J 1094,Synod of 1094,,
Basileios,116,225286,Constantinople: Blachernai,,,Synod of 1094,219,Constantinople: Blachernai: took part in a council convened in the newly built great triklinos of  Blachernai,"Basileios 116: Constantinople, great triklinos of Blachernai: Specifies presence",Specifies presence,J 1094,Synod of 1094,,
Niketas,111,225287,Constantinople: Blachernai,,,Synod of 1094,219,Constantinople: Blachernai: took part in a council convened in the newly built great triklinos of  Blachernai,"Niketas 111: Constantinople, great triklinos of Blachernai: Specifies presence",Specifies presence,J 1094,Synod of 1094,,
Michael,131,225288,Constantinople: Blachernai,,,Synod of 1094,219,Constantinople: Blachernai: took part in a council convened in the newly built great triklinos of  Blachernai,"Michael 131: Constantinople, great triklinos of Blachernai: Specifies presence",Specifies presence,J 1094,Synod of 1094,,
Michael,132,225289,Constantinople: Blachernai,,,Synod of 1094,219,Constantinople: Blachernai: took part in a council convened in the newly built great triklinos of  Blachernai,"Michael 132: Constantinople, great triklinos of Blachernai: Specifies presence",Specifies presence,J 1094,Synod of 1094,,
Nikolaos,105,225290,Constantinople: Blachernai,,,Synod of 1094,219,Constantinople: Blachernai: took part in a council convened in the newly built great triklinos of  Blachernai,"Nikolaos 105: Constantinople, great triklinos of Blachernai: Specifies presence",Specifies presence,J 1094,Synod of 1094,,
Anonymus,208,225291,Constantinople: Blachernai,,,Synod of 1094,219,Constantinople: Blachernai: took part in a council convened in the newly built great triklinos of  Blachernai,"Anonymus 208: Constantinople, great triklinos of Blachernai: Specifies presence",Specifies presence,J 1094,Synod of 1094,,
Anonymi,123,225292,Constantinople: Blachernai,,,Synod of 1094,219,Constantinople: Blachernai: took part in a council convened in the newly built great triklinos of  Blachernai,"Anonymus 123: Constantinople, great triklinos of Blachernai: Specifies presence",Specifies presence,J 1094,Synod of 1094,,
Anonymi,124,225293,Constantinople: Blachernai,,,Synod of 1094,219,Constantinople: Blachernai: took part in a council convened in the newly built great triklinos of  Blachernai,"Anonymus 124: Constantinople, great triklinos of Blachernai: Specifies presence",Specifies presence,J 1094,Synod of 1094,,
Leon,116,225294,Constantinople: Blachernai,,,Synod of 1094,219,Constantinople: Blachernai: took part in a council convened in the newly built great triklinos of  Blachernai,"Leon 116: Constantinople, great triklinos of Blachernai: Specifies presence",Specifies presence,J 1094,Synod of 1094,,
Ioannes,123,225295,Constantinople: Blachernai,,,Synod of 1094,219,Constantinople: Blachernai: took part in a council convened in the newly built great triklinos of  Blachernai,"Ioannes 123: Constantinople, great triklinos of Blachernai: Specifies presence",Specifies presence,J 1094,Synod of 1094,,
Theodoros,111,225296,Constantinople: Blachernai,,,Synod of 1094,219,Constantinople: Blachernai: took part in a council convened in the newly built great triklinos of  Blachernai,"Theodoros 111: Constantinople, great triklinos of Blachernai: Specifies presence",Specifies presence,J 1094,Synod of 1094,,
Nikephoros,113,225308,Constantinople: Blachernai,,,Synod of 1094,219,Constantinople: Blachernai: took part in a council convened in the newly built great triklinos of  Blachernai,"Nikephoros 113: Constantinople, great triklinos of Blachernai: Specifies presence",Specifies presence,J 1094,Synod of 1094,,
Nikephoros,114,225309,Constantinople: Blachernai,,,Synod of 1094,219,Constantinople: Blachernai: took part in a council convened in the newly built great triklinos of  Blachernai,"Nikephoros 114: Constantinople, great triklinos of Blachernai: Specifies presence",Specifies presence,J 1094,Synod of 1094,,
Petros,105,225310,Constantinople: Blachernai,,,Synod of 1094,219,Constantinople: Blachernai: took part in a council convened in the newly built great triklinos of  Blachernai,"Petros 105: Constantinople, great triklinos of Blachernai: Specifies presence",Specifies presence,J 1094,Synod of 1094,,
Niketas,112,225311,Constantinople: Blachernai,,,Synod of 1094,219,Constantinople: Blachernai: took part in a council convened in the newly built great triklinos of  Blachernai,"Niketas 112: Constantinople, great triklinos of Blachernai: Specifies presence",Specifies presence,J 1094,Synod of 1094,,
Niketas,113,225312,Constantinople: Blachernai,,,Synod of 1094,219,Constantinople: Blachernai: took part in a council convened in the newly built great triklinos of  Blachernai,"Niketas 113: Constantinople, great triklinos of Blachernai: Specifies presence",Specifies presence,J 1094,Synod of 1094,,
Niketas,114,225313,Constantinople: Blachernai,,,Synod of 1094,219,Constantinople: Blachernai: took part in a council convened in the newly built great triklinos of  Blachernai,"Niketas 114: Constantinople, great triklinos of Blachernai: Specifies presence",Specifies presence,J 1094,Synod of 1094,,
Basileios,117,225314,Constantinople: Blachernai,,,Synod of 1094,219,Constantinople: Blachernai: took part in a council convened in the newly built great triklinos of  Blachernai,"Basileios 117: Constantinople, great triklinos of Blachernai: Specifies presence",Specifies presence,J 1094,Synod of 1094,,
Eustathios,104,225315,Constantinople: Blachernai,,,Synod of 1094,219,Constantinople: Blachernai: took part in a council convened in the newly built great triklinos of  Blachernai,"Eustathios 104: Constantinople, great triklinos of Blachernai: Specifies presence",Specifies presence,J 1094,Synod of 1094,,
Ioannes,124,225316,Constantinople: Blachernai,,,Synod of 1094,219,Constantinople: Blachernai: took part in a council convened in the newly built great triklinos of  Blachernai,"Ioannes 124: Constantinople, great triklinos of Blachernai: Specifies presence",Specifies presence,J 1094,Synod of 1094,,
Euphemianos,101,225317,Constantinople: Blachernai,,,Synod of 1094,219,Constantinople: Blachernai: took part in a council convened in the newly built great triklinos of  Blachernai,"Euphemianos 101: Constantinople, great triklinos of Blachernai: Specifies presence",Specifies presence,J 1094,Synod of 1094,,
Theophanes,102,225318,Constantinople: Blachernai,,,Synod of 1094,219,Constantinople: Blachernai: took part in a council convened in the newly built great triklinos of  Blachernai,"Theophanes 102: Constantinople, great triklinos of Blachernai: Specifies presence",Specifies presence,J 1094,Synod of 1094,,
Leon,117,225319,Constantinople: Blachernai,,,Synod of 1094,219,Constantinople: Blachernai: took part in a council convened in the newly built great triklinos of  Blachernai,"Leon 117: Constantinople, great triklinos of Blachernai: Specifies presence",Specifies presence,J 1094,Synod of 1094,,
Ioannes,125,225320,Constantinople: Blachernai,,,Synod of 1094,219,Constantinople: Blachernai: took part in a council convened in the newly built great triklinos of  Blachernai,"Ioannes 125: Constantinople, great triklinos of Blachernai: Specifies presence",Specifies presence,J 1094,Synod of 1094,,
Athanasios,101,225321,Constantinople: Blachernai,,,Synod of 1094,219,Constantinople: Blachernai: took part in a council convened in the newly built great triklinos of  Blachernai,"Athanasios 101: Constantinople, great triklinos of Blachernai: Specifies presence",Specifies presence,J 1094,Synod of 1094,,
Ioannes,126,225322,Constantinople: Blachernai,,,Synod of 1094,219,Constantinople: Blachernai: took part in a council convened in the newly built great triklinos of  Blachernai,"Ioannes 126: Constantinople, great triklinos of Blachernai: Specifies presence",Specifies presence,J 1094,Synod of 1094,,
Georgios,113,225323,Constantinople: Blachernai,,,Synod of 1094,219,Constantinople: Blachernai: took part in a council convened in the newly built great triklinos of  Blachernai,"Georgios 113: Constantinople, great triklinos of Blachernai: Specifies presence",Specifies presence,J 1094,Synod of 1094,,
Alexios,1,225208,Constantinople: Blachernai,,,Synod of 1094,220,Constantinople: Blachernai: presided over the council he convened in the newly built great triklinos of  Blachernai,"Alexios 1: Constantinople, great triklinos of Blachernai: Specifies presence",Specifies presence,J 1094,Synod of 1094,,
Adrianos,102,225209,Constantinople: Blachernai,,,Synod of 1094,220,Constantinople: Blachernai: took part in a council convened in the newly built great triklinos of  Blachernai,"Adrianos 102: Constantinople, great triklinos of Blachernai: Specifies presence",Specifies presence,J 1094,Synod of 1094,,
Ioannes,65,225210,Constantinople: Blachernai,,,Synod of 1094,220,Constantinople: Blachernai: took part in a council convened in the newly built great triklinos of  Blachernai,"Ioannes 65: Constantinople, great triklinos of Blachernai: Specifies presence",Specifies presence,J 1094,Synod of 1094,,
Michael,121,225211,Constantinople: Blachernai,,,Synod of 1094,220,Constantinople: Blachernai: took part in a council convened in the newly built great triklinos of  Blachernai,"Michael 121: Constantinople, great triklinos of Blachernai: Specifies presence",Specifies presence,J 1094,Synod of 1094,,
Georgios,61,225212,Constantinople: Blachernai,,,Synod of 1094,220,Constantinople: Blachernai: took part in a council convened in the newly built great triklinos of  Blachernai,"Georgios 61: Constantinople, great triklinos of Blachernai: Specifies presence",Specifies presence,J 1094,Synod of 1094,,
Leon,114,225213,Constantinople: Blachernai,,,Synod of 1094,220,Constantinople: Blachernai: was summoned to a council convened in the newly built great triklinos of  Blachernai,"Leon 114: Constantinople, great triklinos of Blachernai: Specifies presence",Specifies presence,J 1094,Synod of 1094,,
Ioannes,117,225214,Constantinople: Blachernai,,,Synod of 1094,220,Constantinople: Blachernai: took part in a council convened in the newly built great triklinos of  Blachernai,"Ioannes 117: Constantinople, great triklinos of Blachernai: Specifies presence",Specifies presence,J 1094,Synod of 1094,,
Michael,122,225215,Constantinople: Blachernai,,,Synod of 1094,220,Constantinople: Blachernai: took part in a council convened in the newly built great triklinos of  Blachernai,"Michael 122: Constantinople, great triklinos of Blachernai: Specifies presence",Specifies presence,J 1094,Synod of 1094,,
Konstantinos,121,225216,Constantinople: Blachernai,,,Synod of 1094,220,Constantinople: Blachernai: took part in a council convened in the newly built great triklinos of  Blachernai,"Konstantinos 121: Constantinople, great triklinos of Blachernai: Specifies presence",Specifies presence,J 1094,Synod of 1094,,
Marinos,101,225217,Constantinople: Blachernai,,,Synod of 1094,220,Constantinople: Blachernai: took part in a council convened in the newly built great triklinos of  Blachernai,"Marinos 101: Constantinople, great triklinos of Blachernai: Specifies presence",Specifies presence,J 1094,Synod of 1094,,
Konstantinos,122,225218,Constantinople: Blachernai,,,Synod of 1094,220,Constantinople: Blachernai: took part in a council convened in the newly built great triklinos of  Blachernai,"Konstantinos 122: Constantinople, great triklinos of Blachernai: Specifies presence",Specifies presence,J 1094,Synod of 1094,,
Manuel,104,225219,Constantinople: Blachernai,,,Synod of 1094,220,Constantinople: Blachernai: took part in a council convened in the newly built great triklinos of  Blachernai,"Manuel 104: Constantinople, great triklinos of Blachernai: Specifies presence",Specifies presence,J 1094,Synod of 1094,,
Michael,123,225220,Constantinople: Blachernai,,,Synod of 1094,220,Constantinople: Blachernai: took part in a council convened in the newly built great triklinos of  Blachernai,"Michael 123: Constantinople, great triklinos of Blachernai: Specifies presence",Specifies presence,J 1094,Synod of 1094,,
Andronikos,102,225221,Constantinople: Blachernai,,,Synod of 1094,220,Constantinople: Blachernai: took part in a council convened in the newly built great triklinos of  Blachernai,"Andronikos 102: Constantinople, great triklinos of Blachernai: Specifies presence",Specifies presence,J 1094,Synod of 1094,,
Isaakios,101,225222,Constantinople: Blachernai,,,Synod of 1094,220,Constantinople: Blachernai: took part in a council convened in the newly built great triklinos of  Blachernai,"Isaakios 101: Constantinople, great triklinos of Blachernai: Specifies presence",Specifies presence,J 1094,Synod of 1094,,
Stephanos,105,225223,Constantinople: Blachernai,,,Synod of 1094,220,Constantinople: Blachernai: took part in a council convened in the newly built great triklinos of  Blachernai,"Stephanos 105: Constantinople, great triklinos of Blachernai: Specifies presence",Specifies presence,J 1094,Synod of 1094,,
Georgios,109,225224,Constantinople: Blachernai,,,Synod of 1094,220,Constantinople: Blachernai: took part in a council convened in the newly built great triklinos of  Blachernai,"Georgios 109: Constantinople, great triklinos of Blachernai: Specifies presence",Specifies presence,J 1094,Synod of 1094,,
Bardas,105,225225,Constantinople: Blachernai,,,Synod of 1094,220,Constantinople: Blachernai: took part in a council convened in the newly built great triklinos of  Blachernai,"Bardas 105: Constantinople, great triklinos of Blachernai: Specifies presence",Specifies presence,J 1094,Synod of 1094,,
Michael,124,225226,Constantinople: Blachernai,,,Synod of 1094,220,Constantinople: Blachernai: took part in a council convened in the newly built great triklinos of  Blachernai,"Michael 124: Constantinople, great triklinos of Blachernai: Specifies presence",Specifies presence,J 1094,Synod of 1094,,
Ioannes,118,225227,Constantinople: Blachernai,,,Synod of 1094,220,Constantinople: Blachernai: took part in a council convened in the newly built great triklinos of  Blachernai,"Ioannes 118: Constantinople, great triklinos of Blachernai: Specifies presence",Specifies presence,J 1094,Synod of 1094,,
Michael,125,225228,Constantinople: Blachernai,,,Synod of 1094,220,Constantinople: Blachernai: took part in a council convened in the newly built great triklinos of  Blachernai,"Michael 125: Constantinople, great triklinos of Blachernai: Specifies presence",Specifies presence,J 1094,Synod of 1094,,
Konstantinos,123,225229,Constantinople: Blachernai,,,Synod of 1094,220,Constantinople: Blachernai: took part in a council convened in the newly built great triklinos of  Blachernai,"Konstantinos 123: Constantinople, great triklinos of Blachernai: Specifies presence",Specifies presence,J 1094,Synod of 1094,,
Nikolaos,104,225230,Constantinople: Blachernai,,,Synod of 1094,220,Constantinople: Blachernai: took part in a council convened in the newly built great triklinos of  Blachernai,"Nikolaos 104: Constantinople, great triklinos of Blachernai: Specifies presence",Specifies presence,J 1094,Synod of 1094,,
Romanos,105,225231,Constantinople: Blachernai,,,Synod of 1094,220,Constantinople: Blachernai: took part in a council convened in the newly built great triklinos of  Blachernai,"Romanos 105: Constantinople, great triklinos of Blachernai: Specifies presence",Specifies presence,J 1094,Synod of 1094,,
Ioannes,119,225232,Constantinople: Blachernai,,,Synod of 1094,220,Constantinople: Blachernai: took part in a council convened in the newly built great triklinos of  Blachernai,"Ioannes 119: Constantinople, great triklinos of Blachernai: Specifies presence",Specifies presence,J 1094,Synod of 1094,,
Konstantinos,124,225233,Constantinople: Blachernai,,,Synod of 1094,220,Constantinople: Blachernai: took part in a council convened in the newly built great triklinos of  Blachernai,"Konstantinos 124: Constantinople, great triklinos of Blachernai: Specifies presence",Specifies presence,J 1094,Synod of 1094,,
Ioannes,127,225328,Constantinople: Blachernai,,,Synod of 1094,220,Constantinople: Blachernai: took part in a council convened in the newly built great triklinos of  Blachernai,"Ioannes 127: Constantinople, great triklinos of Blachernai: Specifies presence",Specifies presence,J 1094,Synod of 1094,,
Anonymus,209,225329,Constantinople: Blachernai,,,Synod of 1094,220,Constantinople: Blachernai: took part in a council convened in the newly built great triklinos of  Blachernai,"Anonymus 209: Constantinople, great triklinos of Blachernai: Specifies presence",Specifies presence,J 1094,Synod of 1094,,
Anonymus,210,225330,Constantinople: Blachernai,,,Synod of 1094,220,Constantinople: Blachernai: took part in a council convened in the newly built great triklinos of  Blachernai,"Anonymus 210: Constantinople, great triklinos of Blachernai: Specifies presence",Specifies presence,J 1094,Synod of 1094,,
Anonymus,211,225331,Constantinople: Blachernai,,,Synod of 1094,220,Constantinople: Blachernai: took part in a council convened in the newly built great triklinos of  Blachernai,"Anonymus 211: Constantinople, great triklinos of Blachernai: Specifies presence",Specifies presence,J 1094,Synod of 1094,,
Anonymus,212,225332,Constantinople: Blachernai,,,Synod of 1094,220,Constantinople: Blachernai: took part in a council convened in the newly built great triklinos of  Blachernai,"Anonymus 212: Constantinople, great triklinos of Blachernai: Specifies presence",Specifies presence,J 1094,Synod of 1094,,
Anonymus,213,225333,Constantinople: Blachernai,,,Synod of 1094,220,Constantinople: Blachernai: took part in a council convened in the newly built great triklinos of  Blachernai,"Anonymus 213: Constantinople, great triklinos of Blachernai: Specifies presence",Specifies presence,J 1094,Synod of 1094,,
Anonymus,214,225334,Constantinople: Blachernai,,,Synod of 1094,220,Constantinople: Blachernai: took part in a council convened in the newly built great triklinos of  Blachernai,"Anonymus 214: Constantinople, great triklinos of Blachernai: Specifies presence",Specifies presence,J 1094,Synod of 1094,,
Symeon,103,225335,Constantinople: Blachernai,,,Synod of 1094,220,Constantinople: Blachernai: took part in a council convened in the newly built great triklinos of  Blachernai,"Symeon 103: Constantinople, great triklinos of Blachernai: Specifies presence",Specifies presence,J 1094,Synod of 1094,,
Kyrillos,101,225336,Constantinople: Blachernai,,,Synod of 1094,220,Constantinople: Blachernai: took part in a council convened in the newly built great triklinos of  Blachernai,"Kyrillos 101: Constantinople, great triklinos of Blachernai: Specifies presence",Specifies presence,J 1094,Synod of 1094,,
Ioannikios,101,225337,Constantinople: Blachernai,,,Synod of 1094,220,Constantinople: Blachernai: took part in a council convened in the newly built great triklinos of  Blachernai,"Ioannikios 101: Constantinople, great triklinos of Blachernai: Specifies presence",Specifies presence,J 1094,Synod of 1094,,
Loukas,101,225338,Constantinople: Blachernai,,,Synod of 1094,220,Constantinople: Blachernai: took part in a council convened in the newly built great triklinos of  Blachernai,"Loukas 101: Constantinople, great triklinos of Blachernai: Specifies presence",Specifies presence,J 1094,Synod of 1094,,
Anonymi,125,225339,Constantinople: Blachernai,,,Synod of 1094,220,Constantinople: Blachernai: took part in a council convened in the newly built great triklinos of  Blachernai,"Anonymous 125: Constantinople, great triklinos of Blachernai: Specifies presence",Specifies presence,J 1094,Synod of 1094,,
Isaakios,61,225351,Constantinople: Blachernai,,,Synod of 1094,220,Constantinople: Blachernai: presided over the council convened in the newly built great triklinos of  Blachernai,"Isaakios 61: Constantinople, great triklinos of Blachernai: Specifies presence",Specifies presence,J 1094,Synod of 1094,,
Nikolaos,13,225352,Constantinople,https://pleiades.stoa.org/places/520998,,Synod of 1094,220,Constantinople: presided over the council convened in the newly built great triklinos of  Blachernai,"Nikolaos 13: Constantinople, great triklinos of Blachernai: Specifies presence",Specifies presence,J 1094,Synod of 1094,,
Symeon,104,225353,Constantinople: Blachernai,,,Synod of 1094,220,Constantinople: Blachernai: presided over the council convened in the newly built great triklinos of  Blachernai,"Symeon 104: Constantinople, great triklinos of Blachernai: Specifies presence",Specifies presence,J 1094,Synod of 1094,,
Nikolaos,13,225354,Constantinople,https://pleiades.stoa.org/places/520998,,Synod of 1094,220,Constantinople: was patriarch of Constantinople,Nikolaos 13: Constantinople: Specifies presence (dignity),Dignity,J 1094,Synod of 1094,,
Marinos,101,443560,Naples (Italy),,,Synod of 1094,220,Naples (Italy): came from Naples,Marinos 101: Naples: Specifies presence ,Specifies presence,J 1094,Synod of 1094,,
Theophylaktos,105,232947,Constantinople,https://pleiades.stoa.org/places/520998,,Synod of 1094,137.4-5,Constantinople: travelled from Ohrid and stayed in Constantinople,Theophylaktos 105: Constantinople: Specifies presence,Specifies presence,J 1094,Synod of 1094,,
Theophylaktos,105,232949,Constantinople,https://pleiades.stoa.org/places/520998,,Synod of 1094,139.27-28,Constantinople: returned from Nikomedeia to Constantinople,Theophylaktos 105: Constantinople: Specifies presence,Specifies presence,J 1094,Synod of 1094,,
Michael,11,434858,"Constantinople: Hagia Sophia, Catechumen area",,,Synodal edict (1054),156.1,"Constantinople: Hagia Sophia, Catechumen area: held a synod on the right side of the Catechumen area",Michael 11: Constantinople: Hagia Sophia: Specifies presence,Specifies presence,J 1054,Synodal edict (1054),,
Frederick,101,434900,"Constantinople: Hagia Sophia, altar",,,Synodal edict (1054),157.22-23,"Constantinople: Hagia Sophia, altar: placed a bull of excommunication on the altar",Frederick 101: Constantinople: Hagia Sophia: Specifies presence,Specifies presence,J 1054,Synodal edict (1054),,
Petros,148,434907,"Constantinople: Hagia Sophia, altar",,,Synodal edict (1054),157.22-23,"Constantinople: Hagia Sophia, altar: placed a bull of excommunication on the altar",Petros 148: Constantinople: Hagia Sophia:  Specifies presence,Specifies presence,J 1054,Synodal edict (1054),,
Humbert,101,434908,"Constantinople: Hagia Sophia, altar",,,Synodal edict (1054),157.22-23,"Constantinople: Hagia Sophia, altar: placed a bull of excommunication on the altar",Humbert 101: Constantinople: Hagia Sophia: Specifies presence,Specifies presence,J 1054,Synodal edict (1054),,
Leon,206,434756,Kotradia,,,Synodal edict (1054),168.16,Kotradia: was archbishop of Kotradia,Leon 206: Kotradia:  Specifies presence (dignity),Dignity,J 1054,Synodal edict (1054),,
Anonymus ,932,444625,Tiberioupolis,https://pleiades.stoa.org/places/491742,,Synodal protocol (1089),l. 17,Tiberioupolis: was metropolitan of Tiberioupolis,Anonymus  932: Tiberioupolis:  Specifies presence (dignity),Dignity,J 1089,Synodal protocol (1089),,
Alexios,1,233036,Constantinople,https://pleiades.stoa.org/places/520998,,"Theophylaktos of Ohrid, Letters",579120,Constantinople: left on a military campaign and abandoned the comfort of Constantinople,Alexios 1: Constantinople: Specifies presence,Specifies presence,,,,
Theophylaktos,105,232952,Constantinople,https://pleiades.stoa.org/places/520998,,"Theophylaktos of Ohrid, Letters",141.58-59,Constantinople: was a native of Constantinople,Theophylaktos 105: Constantinople: Specifies presence near,Specifies presence near,,,,
Theophylaktos,105,232955,Constantinople,https://pleiades.stoa.org/places/520998,,"Theophylaktos of Ohrid, Letters",147.3,Constantinople: reached Ohrid but already missed Constantinople,Theophylaktos 105: Constantinople: Does not specify presence,Does not specify presence,,,,
Anonymus,215,232956,Constantinople,https://pleiades.stoa.org/places/520998,,"Theophylaktos of Ohrid, Letters",147.3,Constantinople: resided at Constantinople,Anonymus 215: Constantinople: Specifies presence,Specifies presence,,,,
Anonymus,226,232972,Constantinople,https://pleiades.stoa.org/places/520998,,"Theophylaktos of Ohrid, Letters",193.23,Constantinople: distinguished himself while at Constantinople,Anonymus 226: Constantinople: Specifies presence,Specifies presence,,,,
Anonymus,227,232973,Constantinople,https://pleiades.stoa.org/places/520998,,"Theophylaktos of Ohrid, Letters",193.23,Constantinople: distinguished himself while at Constantinople,Anonymus 227: Constantinople:  Specifies presence,Specifies presence,,,,
Anonymus,227,232968,Belegrada,https://pleiades.stoa.org/places/207443,https://www.geonames.org/792680,"Theophylaktos of Ohrid, Letters",193.24,Belegrada: was bishop of Belegrada,Anonymus 227: Belegrada: Specifies presence (dignity),Dignity,,,,
Nikolaos,13,233011,Constantinople,https://pleiades.stoa.org/places/520998,,"Theophylaktos of Ohrid, Letters",437.32,Constantinople: was patriarch of Constantinople,Nikolaos 13: Constantinople: Specifies presence (dignity),Dignity,,,,
Gregorios,106,233016,Constantinople,https://pleiades.stoa.org/places/520998,,"Theophylaktos of Ohrid, Letters",473.5,Constantinople: left the Pontos and returned to Constantinople,Gregorios 106: Constantinople: Specifies presence,Specifies presence,,,,
Georgios,25002,437707,Ephesos: basilica of Hagios Ioannes,,,"Tornikes, Georgios",153.15-154.10,Ephesos: basilica of Hagios Ioannes: lamented the ruinous state of the basilica of Hagios Ioannes,Georgios 25002: Ephesos: basilica of Hagios Ioannes: Specifies presence,Specifies presence,,,,
Georgios,25002,437708,Ephesos: tomb of Hagios Ioannes,,,"Tornikes, Georgios",154.18-20,Ephesos: tomb of Hagios Ioannes: was partially consoled by the (non-existence of the) tomb of Hagios Ioannes,Georgios 25002: tomb of Hagios Ioannes: Specifies presence,Specifies presence,,,,
Georgios,25002,437727,Ephesos: basilica of Hagios Ioannes,,,"Tornikes, Georgios",158.2-11,Ephesos: basilica of Hagios Ioannes: lamented the state of the basilica of Hagios Ioannes,Georgios 25002: Ephesos: basilica of Hagios Ioannes: Specifies presence,Specifies presence,,,,
Georgios,25002,437733,Ephesos: basilica of Hagios Ioannes,,,"Tornikes, Georgios",160.5-10,Ephesos: basilica of Hagios Ioannes: complained of falling masonry in the basilica of Hagios Ioannes,Georgios 25002: Ephesos: basilica of Hagios Ioannes: Specifies presence,Specifies presence,,,,
Anonymus,1035,449303,Constantinople,https://pleiades.stoa.org/places/520998,,"Tzetzes, Historiai",V 622,Constantinople: He was born in Constantinople,Anonymus 1035: Constantinople: Does not specify presence,Does not specify presence,,,,
Anonymus,1035,449304,Constantinople: Hagia Euphrosyne (convent),,,"Tzetzes, Historiai",V 624,Constantinople: Hagia Euphrosyne (convent): he was buried in the convent of Hagia Euphrosyne,"Anonymus 1035: Constantinople, Hagia Euphrosyne (convent):  Specifies presence",Specifies presence,,,,
Leon,211,438232,Klokotinitza,,,"Tzetzes, Letters","34, tit",Klokotinitza: was bishop of Klokotinitza,Leon 211: Klokotinitza: Specifies presence (dignity),Dignity,,,,
Anonymus,786,440599,Constantinople: Mosele monastery,,,"Tzetzes, Letters",76.13,Constantinople: Mosele monastery: drove <Anonymus 784> out of the Mosele monastery,Anonymus 786: Constantinople: Mosele monastery: Specifies presence,Specifies presence,,,,
Ilghazi,4001,441568,Balat,,,Usama,41,"al-Balat: massacred <Roger 4002> and his entire army at al-Balat, a narrow gorge between two mountains north of al-Atharib",Ilghazi 4001:  al-Balat: Specifies presence,Specifies presence,"J 1119, 14th August ",Usama,,
Roger,4002,442179,Balat,,,Usama,41,Balat: was killed by <Ilghazi 4001> at al-Balat,Roger 4002: al-Balat: Specifies presence,Specifies presence,"J 1119, 14th August ",Usama,,
Sultan ,101,442205,Tall Milh (hill near Shayzar),,,Usama,57,"Tall Milh (hill near Shayzar): to thwart a Frankish ambush, sent two horsemen to Tall Milh",Sultan  101: Tall Milh (hill near Shayzar):  Specifies presence near,Specifies presence near,,,,
Tancred,61,442247,Zalin (village near Shayzar),,,Usama,70,Zalin (village near Shayzar): camped near Zalin,Tancred 61: Zalin (village near Shayzar):  Specifies presence,Specifies presence,,,,
Joscelin,4001,441094,Raqqa,,,Usama,90,al-Raqqa: raided al-Raqqa,Joscelin 4001: al-Raqqa:  Specifies presence,Specifies presence,,,,
Joscelin,4001,441583,Qal'at Ja'bar,,,Usama,90,Qal´at al-Ja´bar: had raided Qal´at al-Ja´bar,Joscelin 4001: Qal´at al-Ja´bar: Specifies presence,Specifies presence,,,,
Tughtigin,4001,442265,Shayzar: Castle of the Bridge (Hisn al-Jisr),,,Usama,90,Antioch: had attacked the Castle of the Bridge,Tughtigin 4001: Antioch: specifies presence ,Specifies presence,J 1115,Usama,,
Mahmud,105,441109,Aleppo,https://pleiades.stoa.org/places/658409,,Usama,93,Aleppo: was lord of Aleppo,Mahmud 105: Aleppo: Specifies presence (dignity),Dignity,,,,
Sultan ,101,442209,Asfouna,,,Usama,95,Asfouna: fought against <Khalaf 101> at Asfouna,Sultan  101: Asfouna:  Does not specify presence,Does not specify presence,,,,
Sultan ,101,442211,Munaytira,,,Usama,132,Munaytira: sent <Thabit 101> to al-Munaytira,Sultan  101: Munaytira:  Specifies presence,Specifies presence,,,,
Roupen,101,441697,Antartus,https://pleiades.stoa.org/places/668190,,Usama,202,Antartus: was lord of Antartus,Roupen 101: Specifies presence (dignity),Dignity,,,,
Roupen,101,441698,Durub (the Passes),,,Usama,202,Durub (the Passes): was lord of Durub (the Passes),Roupen 101: Specifies presence (dignity),Dignity,,,,
Roupen,101,442185,Massisa,,,Usama,202,Massisa: was lord of Massisa,Roupen 101: Specifies presence (dignity),Dignity,,,,
Toros,101,442255,Antartus,https://pleiades.stoa.org/places/668190,,Usama,202,Antartus: was lord of Antartus,Toros 101: Specifies presence (dignity),Dignity,,,,
Toros,101,442257,Massisa,,,Usama,202,Massisa: was lord of Massissa,Toros 101:  Specifies presence (dignity),Dignity,,,,
Toros,101,442258,Durub (the Passes),,,Usama,202,Durub (the Passes): Durub,Toros 101:  Specifies presence (dignity),Dignity,,,,
Anonymus,834,441376,Toledo,,,Usama,208,Toledo: was originally from Toledo,Anonymus 834: Toledo:  Does not specify presence,Does not specify presence,,,,
Iakobos,114,376418,Constantinople,https://pleiades.stoa.org/places/520998,,Vatopedi,101.31,Constantinople: failed to appear before the hegoumenoi and protos of Athos since at the time he was in Constantinople,Iakobos 114: Constantinople: Specifies presence ,Specifies presence,,,,
Roger,4002,441762,Antioch: St Mary the Virgin (church),https://pleiades.stoa.org/places/658381,,Walter the Chancellor,1.2,Antioch: prayed in the church of St Mary the Virgin,Roger 4002: Antioch: Specifies presence,Specifies presence,J 1115,Walter the Chancellor,,
Roger,4002,441763,Antioch: St Peter and St Paul (church),https://pleiades.stoa.org/places/658381,,Walter the Chancellor,1.2,Antioch: prayed in the church of St Peter and St Paul,Roger 4002: Antioch: Specifies presence,Specifies presence,J 1115,Walter the Chancellor,,
Bursuq,4001,441789,Salamyah,,,Walter the Chancellor,1.2,Salamyah: he was predicted to be marching to Shayzar via Salamyah,Bursuq 4001: Salamyah: Does not specify presence,Does not specify presence,,,,
Baldwin,51,441819,Gistrum,,,Walter the Chancellor,1.4,Gistrum: led a Frankish assault on Gistrum (unknown),Baldwin 51: Gistrum: Specifies presence,Specifies presence,J 1115,Walter the Chancellor,,
Roger,4002,441833,Rugia,,,Walter the Chancellor,1.4,Rugia: called his army to gather at Rugia,Roger 4002: Rugia: Specifies presence,Specifies presence,J 1115,Walter the Chancellor,,
Bernard,4001,441834,Rugia,,,Walter the Chancellor,1.4,Rugia: was asked by <Roger 4001> to bless the mustering of his army at Rugia,Bernard 4001: Rugia: Specifies presence,Specifies presence,J 1115,Walter the Chancellor,,
Roger,4002,441843,Sarmin,,,Walter the Chancellor,1.5,Sarmin: was told by <Thierry 20101> that <Bursuq 4001> was camping at Sarmin (valley),Roger 4002: Sarmin: Does not specify presence,Does not specify presence,,,,
Ilghazi,4001,442027,Imm,,,Walter the Chancellor,2.10,"Imm: concentrated his attack on al-Atharib, not ´Imm",Ilghazi 4001: Imm: Does not specify presence,Does not specify presence,,,,
Baldwin,52,442034,Rugia,,,Walter the Chancellor,2.11,Rugia: marched to the second battle of Tall Danith via Rugia,Baldwin 52: Rugia: Specifies presence,Specifies presence,J 1119,Walter the Chancellor,,
Arnulf,101,442098,Aleppo,https://pleiades.stoa.org/places/658409,,Walter the Chancellor,2.15,Aleppo: was martyred as a captive at Aleppo,Arnulf 101: Aleppo: Specifies presence,Specifies presence,J 1119,Walter the Chancellor,,
Sanson,101,442092,Aleppo,https://pleiades.stoa.org/places/658409,,Walter the Chancellor,2.16,Aleppo: was martyred in captivity at Aleppo,Sanson 101: Aleppo: Specifies presence,Specifies presence,J 1119,Walter the Chancellor,,
Anonymus,856,442133,Aleppo,https://pleiades.stoa.org/places/658409,,Walter the Chancellor,2.16,Aleppo:  was martyred and his body miraculously transported in captivity at Aleppo,Anonymus 856: Aleppo: Specifies presence,Specifies presence,J 1119,Walter the Chancellor,,
Ilghazi,4001,442144,Mardin,,,Walter the Chancellor,2.16,Mardin: returned to his home castle of Mardin,Ilghazi 4001: Mardin: Specifies presence,Specifies presence,J 1119,Walter the Chancellor,,
Ilghazi,4001,441981,Artah: tower of the bishop,,,Walter the Chancellor,2.8,"Artah: tower of the bishop: received the surrender of the tower of the bishop, on condition that the defenders be allowed to go to Antioch",Ilghazi 4001: Artah: tower of the bishop: Specifies presence,Specifies presence,J 1119,Walter the Chancellor,,
Anonymus,842,441983,Artah: tower of the bishop,,,Walter the Chancellor,2.8,"Artah: tower of the bishop: he agreed, for a guarantee of safety, to surrender the bishop's tower of Artah",Anonymus 842: Artah: tower of the bishop: Specifies presence,Specifies presence,J 1119,Walter the Chancellor,,
Ilghazi,4001,442001,"Palerius (Mt, near Antioch)",,,Walter the Chancellor,2.9,"Palerius (Mt, near Antioch): sent troops to ambush <Baldwin 51> on the uplands of Mt. Palerius","Ilghazi 4001: Palerius (Mt, near Antioch): Does not specify presence",Does not specify presence,,,,
Baldwin,52,442002,"Hingro (Mt, near Antioch)",,,Walter the Chancellor,2.9,"Hingro (Mt, near Antioch): met and defeated <Ilghazi 4001>'s ambushers at Mt Hingro","Baldwin 52: Hingro (Mt, near Antioch): Specifies presence",Specifies presence,J 1119,Walter the Chancellor,,
Baldwin,52,442004,Laitor (near Antioch),,,Walter the Chancellor,2.9,"Laitor (near Antioch): On his way to save Antioch, camped at Laitor",Baldwin 52: Laitor (near Antioch): Specifies presence,Specifies presence,J 1119,Walter the Chancellor,,
Baldwin,52,442006,Casabella (north of Laodikeia),,,Walter the Chancellor,2.9,"Casabella (north of Laodikeia): on his way to save Antioch, camped at Casabella",Baldwin 52: Casabella (north of Laodikeia): Specifies presence,Specifies presence,J 1119,Walter the Chancellor,,
Pons,4002,442007,Casabella (north of Laodikeia),,,Walter the Chancellor,2.9,Casabella (north of Laodikeia): told <Baldwin 52> of a defeat in camp at Casabella,Pons 4002: Casabella (north of Laodikeia): Specifies presence,Specifies presence,J 1119,Walter the Chancellor,,
Walter,4001,370954,Constantinople,https://pleiades.stoa.org/places/520998,,William of Tyre,"bk. 1, 18.62-64",Constantinople: was given an imperial audience at Constantinople,Walter 4001: Constantinople:Specifies presence,Specifies presence,J 1096,William of Tyre,,
Belfeth,4001,370938,Constantinople,https://pleiades.stoa.org/places/520998,,William of Tyre,"bk. 1, 9.62",Constantinople: if he had had a fleet he would have taken Constantinople,Belfeth 4001:Constantinople: Does not specify presence ,Does not specify presence,,,,
William,4014,371217,Constantinople,https://pleiades.stoa.org/places/520998,,William of Tyre,"bk. 10, 11(12).27-32",Constantinople: was well received by <Alexios 1> and <Raymond 61> in Constantinople,William 4014: Constantinople: Specifies presence,Specifies presence,J 1101,William of Tyre,,
Hugh,4001,371218,Constantinople,https://pleiades.stoa.org/places/520998,,William of Tyre,"bk. 10, 11(12).27-32",Constantinople: in 1101 was well received by <Alexios 1> and <Raymond 61> in Constantinople,Hugh 4001: Constantinople: Specifies presence,Specifies presence,J 1101,William of Tyre,,
Stephanos,4001,371219,Constantinople,https://pleiades.stoa.org/places/520998,,William of Tyre,"bk. 10, 11(12).27-32",Constantinople: in 1101 was well received by <Alexios 1> and <Raymond 61> in Constantinople,Stephanos 4001: Constantinople: Specifies presence,Specifies presence,J 1101,William of Tyre,,
Stephanos,4003,371220,Constantinople,https://pleiades.stoa.org/places/520998,,William of Tyre,"bk. 10, 11(12).27-32",Constantinople: was well received by <Alexios 1> and <Raymond 61> in Constantinople,Stephanos 4003: Constantinople: Specifies presence,Specifies presence,J 1101,William of Tyre,,
Anonyma,4005,371271,Constantinople,https://pleiades.stoa.org/places/520998,,William of Tyre,"bk. 11, 1.48-58",Constantinople: visited her relatives and became a prostitute at Constantinople,Anonyma 4005: Constantinople:Specifies presence,Specifies presence,,,,
Gormond,4001,371324,Nablus,,,William of Tyre,"bk. 12, 13.1-35","Nablus: held a council, to raise moral standards, in Nablus",Gormond 4001: Nablus: Specifies presence,Specifies presence,,,,
Bernard,108,452409,Nazareth,,,William of Tyre,"bk. 12, 13.28",Nazareth: he was bishop of Nazareth,Bernard 108: Nazareth: Specifies presence (dignity),Dignity,,,,
Ilghazi,4001,371313,Aleppo,https://pleiades.stoa.org/places/658409,,William of Tyre,"bk. 12, 9.6",Aleppo: before the massacre of the Field of Blood camped at Aleppo,Ilghazi 4001: Aleppo: Specifies presence,Specifies presence,J 1119,William of Tyre,,
Baldwin,52,371338,Aleppo,https://pleiades.stoa.org/places/658409,,William of Tyre,"bk. 13, 15.1-41",Aleppo: tried in vain to raise his own ransom by capturing Aleppo,Baldwin 52: Aleppo: Specifies presence near,Specifies presence near,J 1124-1125 TIQ,William of Tyre,,
Zengi,4001,446527,Mosul,,,William of Tyre,"bk. 16, 4.5",Mosul: was lord of Mosul,Zengi 4001: Mosul: Specifies presence (dignity),Dignity,,,,
Bohemond,61,371017,Constantinople,https://pleiades.stoa.org/places/520998,,William of Tyre,"bk. 2, 15.1-27","Constantinople: became, it seems, the emperor's man at Constantinople",Bohemond 61: Constantinople: Specifies presence,Specifies presence,J 1097,William of Tyre,,
Robert,62,371034,Constantinople,https://pleiades.stoa.org/places/520998,,William of Tyre,"bk. 2, 16.18-21",Constantinople: had several interviews with <Alexios 1> in Constantinople,Robert 62: Constantinople: Specifies presence,Specifies presence,J 1097,William of Tyre,,
Raymond,61,371035,Constantinople,https://pleiades.stoa.org/places/520998,,William of Tyre,"bk. 2, 19.4-12",Constantinople: refused cooperation with <Alexios 1> in Constantinople,Raymond 61: Constantinople: Specifies presence,Specifies presence,J 1097,William of Tyre,,
Godfrey,51,370990,Constantinople,https://pleiades.stoa.org/places/520998,,William of Tyre,"bk. 2, 5.24-25",Constantinople: camped outside Constantinople,Godfrey 51: Constantinople: Specifies presence near,Specifies presence near,J 1096,William of Tyre,,
Hugh,4001,370991,Constantinople,https://pleiades.stoa.org/places/520998,,William of Tyre,"bk. 2, 5.26-28",Constantinople: was set free from Constantinople,Hugh 4001: Constantinople: Specifies presence,Specifies presence,J 1096,William of Tyre,,
Drogo,4001,370992,Constantinople,https://pleiades.stoa.org/places/520998,,William of Tyre,"bk. 2, 5.27",Constantinople: was set free from Constantinople,Drogo 4001: Constantinople: Specifies presence,Specifies presence,J 1096,William of Tyre,,
William,4006,370993,Constantinople,https://pleiades.stoa.org/places/520998,,William of Tyre,"bk. 2, 5.27",Constantinople: was set free from Constantinople,William 4006: Constantinople:  Specifies presence,Specifies presence,J 1096,William of Tyre,,
Clarembald,4001,370994,Constantinople,https://pleiades.stoa.org/places/520998,,William of Tyre,"bk. 2, 5.27-28",Constantinople: was set free from Constantinople,Clarembald 4001: Constantinople: Specifies presence,Specifies presence,J 1096,William of Tyre,,
Godfrey,51,370995,Constantinople,https://pleiades.stoa.org/places/520998,,William of Tyre,"bk. 2, 6.19-20",Constantinople: Blachernai: crossed bridge near the palace of  Blachernai,Godfrey 51:Constantinople: Blachernai:Specifies presence,Specifies presence,J 1096,William of Tyre,,
Godfrey,51,370999,Constantinople,https://pleiades.stoa.org/places/520998,,William of Tyre,"bk. 2, 8.27-34",Constantinople: Blachernai: fought a battle with Byzantines between the Kosmas and Damianos Monastery and the palace of  Blachernai,Godfrey 51: Constantinople: Blachernai:Specifies presence,Specifies presence,J 1096,William of Tyre,,
Baldwin,51,371060,Antioch (Pisidia),https://pleiades.stoa.org/places/609307,,William of Tyre,"bk. 3, 17(16).47-18(17).1",Antioch (Pisidia): split from the main army at Antioch (Pisidia),Baldwin 51: Antioch (Pisidia): Specifies presence,Specifies presence,J 1097,William of Tyre,,
Tancred,61,371061,Antioch (Pisidia),https://pleiades.stoa.org/places/609307,,William of Tyre,"bk. 3, 17(16).47-18(17).1",Antioch (Pisidia): split from the main army at Antioch (Pisidia),Tancred 61: Antioch (Pisidia): Specifies presence,Specifies presence,J 1097,William of Tyre,,
Godfrey,51,371068,Antioch (Pisidia),https://pleiades.stoa.org/places/609307,,William of Tyre,"bk. 3, 17(16).47-18(17).54",Antioch (Pisidia): was badly wounded by a bear at Antioch (Pisidia),Godfrey 51: Antioch (Pisidia): Specifies presence,Specifies presence,J 1097,William of Tyre,,
Aksungur,4001,371093,Aleppo,https://pleiades.stoa.org/places/658409,,William of Tyre,"bk. 4, 11.19-21","Aleppo: in distribution of conquests of <Belfeth 4001>, was given Aleppo",Aksungur 4001: Aleppo: Specifies presence,Specifies presence,,,,
Sven,4001,371099,Constantinople,https://pleiades.stoa.org/places/520998,,William of Tyre,"bk. 4, 20.14-15",Constantinople: was well received by <Alexios 1> in Constantinople,Sven 4001: Constantinople: Specifies presence,Specifies presence,,,,
Hugh,4001,371125,Constantinople,https://pleiades.stoa.org/places/520998,,William of Tyre,"bk. 7, 1.1-10",Constantinople: returned as envoy to Constantinople,Hugh 4001: Constantinople:  Specifies presence,Specifies presence,,,,
Robert,62,371183,Constantinople,https://pleiades.stoa.org/places/520998,,William of Tyre,"bk. 9, 13.1-7",Constantinople: went home from First Crusade via Constantinople,Robert 62: Constantinople:  Specifies presence,Specifies presence,J 1099,,,
Robert,63,371184,Constantinople,https://pleiades.stoa.org/places/520998,,William of Tyre,"bk. 9, 13.1-7",Constantinople: went home from First Crusade via Constantinople,Robert 63: Constantinople:  Specifies presence,Specifies presence,J 1099,,,
Raymond,61,371187,Constantinople,https://pleiades.stoa.org/places/520998,,William of Tyre,"bk. 9, 13.32-38","Constantinople: after First Crusade, spent some time with great honour at Constantinople",Raymond 61: Constantinople:  Specifies presence,Specifies presence,J 1099,,,
Anonymus,4029,442734,Ariano (Apulia),https://pleiades.stoa.org/places/442452,,William of Tyre,"bk. 9, 14.31-32",Ariano (Apulia): was bishop of Ariano (Apulia),Anonymus 4029: Ariano (Apulia):  Specifies presence (dignity),Dignity,,,,
Symeon,130,376067,Constantinople,https://pleiades.stoa.org/places/520998,,Xenophontos,70.19,Constantinople: hailed from Constantinople,Symeon 130: Constantinople: Specifies presence ,Specifies presence,,,,
Joseph,112,395462,Constantinople,https://pleiades.stoa.org/places/520998,,Xeropotamou,57.4,Constantinople: visited on the occasion of the recent accession of <Michael 6> as part of a delegation (of Athonite monks) Constantinople,Joseph 112: Constantinople: specifies presence ,Specifies presence,,,,
Nikolaos,192,432719,Constantinople,https://pleiades.stoa.org/places/520998,,Yahya al-Antaki,470,Constantinople: was consecrated patriarch of Antioch in Constantinople,Nikolaos 192: Constantinople: specifies presence ,Specifies presence,"J 1025, February",Yahya al-Antaki,,HJ 415/16
Konstantinos,63,432725,Aleppo,https://pleiades.stoa.org/places/658409,,Yahya al-Antaki,470,Aleppo: sent troops to help capture Aleppo,Konstantinos 63: Aleppo: Does not specify presence ,Does not specify presence,,,,
Abu Usama,101,434354,Aleppo,https://pleiades.stoa.org/places/658409,,Yahya al-Antaki,478,Aleppo: was the cadi of Aleppo,Abu Usama 101: Aleppo: Specifies presence  (dignity),Dignity,J 1025,Yahya al-Antaki,,HJ 415/16
Anonymus,563,353894,Constantinople,https://pleiades.stoa.org/places/520998,,Yahya al-Antaki,488,Constantinople: went with <Maria 103> to Constantinople,Anonymus 563: Constantinople: Specifies presence ,Specifies presence,"J 1028, November",Yahya al-Antaki,,Hj 419
Maria,103,353895,Constantinople,https://pleiades.stoa.org/places/520998,,Yahya al-Antaki,488,Constantinople: went with the katholikos (<Anonymus 564>) to Constantinople,Maria 101: Constantinople: Specifies presence ,Specifies presence,"J 1028, 12 Novemebr ",Yahya al-Antaki,,Hj 419
Nikolaos,192,353898,Constantinople,https://pleiades.stoa.org/places/520998,,Yahya al-Antaki,490,Constantinople: was at the time of the synod convened to investigate <Ioannes 273> in Constantinople,Nikolaos 192: Constantinople: Specifies presence ,Specifies presence,J 1028,Yahya al-Antaki,,Hj 419
Nasr,101,353906,Aleppo,https://pleiades.stoa.org/places/658409,,Yahya al-Antaki,492,Berroia: became lord of Aleppo,Nasr 101: Berroia: Specifies presence (dignity),Dignity,,,,
Thimal,101,353907,Aleppo,https://pleiades.stoa.org/places/658409,,Yahya al-Antaki,492,Aleppo: became lord of Aleppo,Thimal 101: Aleppo: Specifies presence (dignity),Dignity,,,,
Michael,108,353910,Aleppo,https://pleiades.stoa.org/places/658409,,Yahya al-Antaki,492,Berroia: marched out of Antioch in order to attack Berroia,Michael 108: Berroia: Specifes presence ,Specifies presence,"J 1029, 14 July",Yahya al-Antaki,,
Anonymus,564,353916,Aleppo,https://pleiades.stoa.org/places/658409,,Yahya al-Antaki,494,Berroia: arrived and delivered his message to <Nasr 101> and <Thimal 101> at Aleppo,Anonymus 564: Berroia: Specifies presence ,Specifies presence,J 1029,Yahya al-Antaki,,
Nasr,101,353919,Aleppo,https://pleiades.stoa.org/places/658409,,Yahya al-Antaki,496,Aleppo: sent the womenfolk and his valuables out of Aleppo,Nasr 101: Aleppo: Specifies presence,Specifies presence,J 1030,Yahya al-Antaki,,
Thimal,101,353920,Aleppo,https://pleiades.stoa.org/places/658409,,Yahya al-Antaki,496,Aleppo: sent the womenfold and his valuables out of Aleppo,Thimal 101: Aleppo: Specifies presence ,Specifies presence,J 1030,Yahya al-Antaki,,
Nasr,101,353923,Aleppo,https://pleiades.stoa.org/places/658409,,Yahya al-Antaki,500,Aleppo: threw his brother <Thimal 101> out and occupied the citadel of Aleppo,Nasr 101: Aleppo: Specifies presence,Specifies presence,,,,
Anonymus,564,353948,Aleppo,https://pleiades.stoa.org/places/658409,,Yahya al-Antaki,508,Berroia: was detained but then released at Aleppo,Anonymus 564: Berroia: Specifies presence ,Specifies presence,,,,
Pinzarach,101,353958,Aleppo,https://pleiades.stoa.org/places/658409,,Yahya al-Antaki,510,"Berroia: reached with 20,000 people Berroia",Pinzarach 101: Berroia: Specifies presence,Specifies presence,J 1031,Yahya al-Antaki,,
Rafi,101,353959,Aleppo,https://pleiades.stoa.org/places/658409,,Yahya al-Antaki,510,"Aleppo: reached with 20,000 people Aleppo",Rafi 101: Aleppo: Specifies presence,Specifies presence,J 1031,Yahya al-Antaki,,
Salamanes,101,353970,Constantinople,https://pleiades.stoa.org/places/520998,,Yahya al-Antaki,514,Constantinople: went to see <Romanos 3> in Constantinople,Salamanes 101: Constantinople: Specifies presence ,Specifies presence,"J 1031, 18 November ",Yahya al-Antaki,,HJ 422
Elias,103,353975,Constantinople,https://pleiades.stoa.org/places/520998,,Yahya al-Antaki,520,Constantinople: was consecrated patriarch of Antioch in Constantinople,Elias 103: Constantinople: Specifies presence (dignity),Dignity,"J 1032, 30 march ",Yahya al-Antaki,,HJ 423
Pinzarach,101,353995,Constantinople,https://pleiades.stoa.org/places/520998,,Yahya al-Antaki,530,Constantinople: arrived at Constantinople,Pinzarach 101: Constantintople: Specifies presence,Specifies presence,,,,
Rafi,101,353996,Constantinople,https://pleiades.stoa.org/places/520998,,Yahya al-Antaki,530,Constantinople: arrived at Constantinople,Rafi 101: Constantinople: Specifies presence ,Specifies presence,,,,
Theodoros,185,354002,Constantinople,https://pleiades.stoa.org/places/520998,,Yahya al-Antaki,536,Constantinople: was consecrated patriarch of Antioch in Constantinople,Theodoros 185: Constantinople: Specifies presence (dignity),Dignity,"J 1034, 1st March",Yahya al-Antaki,,"HJ 425, 7 rabi II"
Alexios,11,353879,Constantinople,https://pleiades.stoa.org/places/520998,,Yahya al-Antaki,"480, 486",Constantinople: was appointed patriarch of Constantinople,Alexios 11: Constantinople: Specifies presence (dignity),Dignity,"J 1025, 12 December ",Yahya al-Antaki,,HJ 416
Salih,101,432921,Aleppo,https://pleiades.stoa.org/places/658409,,Yahya al-Antaki,474,Aleppo: made the first entry into Aleppo ,Salih 101: Aleppo: Specifies presence,Specifies presence,"J 1025, 16 January",Yahya al-Antaki,,HJ 415
Salih,101,432922,Aleppo: Palace,https://pleiades.stoa.org/places/658409,,Yahya al-Antaki,474,Aleppo: Palace: undermined and captured the palace,Salih 101: Aleppo: Specifies presence,Specifies presence,"J 1025, 16 January",Yahya al-Antaki,,HJ 415
Anonymus,972,445033,Zetounion,,,Zetounion,336 tit,Zetounion: was bishop of Zetounion,Anonymus 972: Zetounion: Specifies presence (dignity),Dignity,,,,
Aaron,101,374924,Vaspurakan,,,Aristakes,80.10 (68),Vaspurakan: held the territory of Vaspurakan,Aaron 101: Vaspurakan: Specifies presence ,Specifies presence,J 1048,Aristakes,,
Alkan,101,374952,Mantzikert,,https://www.geonames.org/304916,Aristakes,92.16-18 (86),Mantzikert: attempted to enter through a breach in the walls but was seized with an iron hook and carried into Mantzikert,Alkan 101: Mantzikert: Specifies presence ,Specifies presence,J 1054,Aristakes,,AE 503
Alp Arslan,51,374997,Ani,https://pleiades.stoa.org/places/874322,,Aristakes,135.8 (121),"Ani: encamped at, besieged and finally captured Ani",Alp Arslan 51: Ani: Specifies presence ,Specifies presence,J 1064,Aristakes,,AE 513
Alp Arslan,51,374998,Persia,,,Aristakes,137.14 (125),Persia: was king (sultan) of Persia,Alp Arslan 51: Persia: Does not specfy presence (dignity),Dignity,,,,
Alp Arslan,51,375002,Mantzikert,,https://www.geonames.org/304916,Aristakes,138.18-19 (126),Mantzikert: pitched his camp at Mantzikert,Alp Arslan 51: Mantzikert:  Specifies presence ,Specifies presence,J 1071,Aristakes,,
Aplesphares,101,374905,Dvin (Armenia),https://pleiades.stoa.org/places/863780,,Aristakes,63.17 (56),Dvin (Armenia): was ruler of Dvin (Armenia),Aplesphares 101:  Dvin (Armenia):  Specifies presence (dignity),Dignity,J 1044-45,Aristakes,,AE 493
Aplesphares,101,374906,Dvin (Armenia),https://pleiades.stoa.org/places/863780,,Aristakes,63.14 (56),Dvin (Armenia): defeated Asit (<Michael 111> Iasites) beneath the walls of Dvin (Armenia),Aplesphares 101: Dvin (Armenia):  Specifies presence ,Specifies presence,J 1044-45,Aristakes,,AE 493
Aplesphares,101,374958,Dvin (Armenia),https://pleiades.stoa.org/places/863780,,Aristakes,96.10 (89),Dvin (Armenia): ruled Dvin (Armenia),Aplesphares 101: Dvin (Armenia):  Specifies presence (dignity),Dignity,J 1055,Aristakes,,
Bagrat,101,374901,Abchasia,,https://www.geonames.org/6643410,Aristakes,62.22 (52),Abchasia: was king of Abchasia,Bagrat 101:Abchasia: Specifies presence (dignity),Dignity,J 1045,Aristakes,,AE 494
Basileios,101,374950,Mantzikert,,https://www.geonames.org/304916,Aristakes,90.7-8 (82),Mantzikert: had responsibility for the governance of Mantzikert,Basileios 101: Mantzikert: Specifies presence,Specifies presence,J 1054,Aristakes,,AE 503
Gagik,101,374877,Ani,https://pleiades.stoa.org/places/874322,,Aristakes,58.4 (46),Ani: was brought by <Vahram 101> into Ani,Gagik 101: Ani:Specifies presence,Specifies presence,J 1044- 1045,Aristakes,,
Gagik,101,374882,Ani,https://pleiades.stoa.org/places/874322,,Aristakes,58.13-14 (47),Ani: returned after capturing <Sergios 103> to Ani,Gagik 101: AniSpecifies presence,Specifies presence,J 1044-1045,Aristakes,,
Gagik,101,374884,Ani,https://pleiades.stoa.org/places/874322,,Aristakes,62.1 (50),Ani: handed to <Petros 128> the keys of Ani,Gagik 101: Ani:Specifies presence,Specifies presence,J 1045,Aristakes,,AE 494
Gagik,101,374886,Armenia,https://pleiades.stoa.org/places/874350,,Aristakes,62.3 (50),Armenia: entrusted <Petros 128> with the administration of Armenia,Gagik 101: Armenia: Specifies presence ,Specifies presence,J 1045,Aristakes,,AE 494
Gagik,101,374887,Ani,https://pleiades.stoa.org/places/874322,,Aristakes,62.5-6 (51),Ani: was persuaded by <Sergios 103> to leave Ani,Gagik 101: Ani: Specifies presence,Specifies presence,J 1045,Aristakes,,AE 494
Gagik,101,374890,Ani,https://pleiades.stoa.org/places/874322,,Aristakes,62.9 (51),Ani: refused to surrender to <Konstantinos 9> Ani,Gagik 101: Ani: Specifies presence,Specifies presence,J 1045,Aristakes,,AE 494
Gagik,101,374893,Melitene,https://pleiades.stoa.org/places/629039,,Aristakes,62.9 (51),Melitene: was offered by <Konstantinos 9> in exchange for Ani the city and region of Melitene,Gagik 101:Melitene: Does not specify presence,Does not specify presence,,,,
Gagik,101,374899,Armenia,https://pleiades.stoa.org/places/874350,,Aristakes,62.14 (51),Armenia: was not allowed to return to Armenia,Gagik 101: Armenia:  Does not specify presence,Does not specify presence,,,,
Georgios,62,374848,Samosata (on Euphrates),,,Aristakes,44.22 (30),Samosata (on Euphrates): held office with residence at Samosata (on Euphrates),Georgios 62: Samosata: Specifies presence,Specifies presence,J 1030,Aristakes,,
Ioannes,68,374856,Constantinople: Great Palace,,,Aristakes,47.9 (34),Constantinople: Great Palace: was entrusted with court affairs in the  Great Palace,Ioannes 68:  Constantinople: Great Palace:  Specifies presence,Specifies presence,,,,
Ioannes,106,374872,Armenia,https://pleiades.stoa.org/places/874350,,Aristakes,55.9-10 (44),Armenia: was king of Armenia,Ioannes 106: Armenia:  Specifies presence (dignity),Dignity,J 1044,Aristakes,,
Katakalon,101,374911,Armenia,https://pleiades.stoa.org/places/874350,,Aristakes,63.21 (56),Armenia: replaced Asit (<Michael 111> Iasites) at the government of Armenia,Katakalon 101: Armenia: Specifies presence,Specifies presence,J 1044-1045,Aristakes,,AE 493
Katakalon,101,374912,Armenia,https://pleiades.stoa.org/places/874350,,Aristakes,63.23-24 (56),Armenia: arrived (to take up his new post) in Armenia,Katakalon 101: Ani: Specifies presence,Specifies presence,J 1044-1045,Aristakes,,AE 493
Katakalon,101,374914,Ani,https://pleiades.stoa.org/places/874322,,Aristakes,63.24-25 (56),Ani: forced the patriarch (<Petros 128>) out of Ani,Katakalon 101: Ani: Specifies presence,Specifies presence,J 1044-1045,Aristakes,,AE 493
Katakalon,101,374923,Armenia,https://pleiades.stoa.org/places/874350,,Aristakes,80.10 (68),Armenia: was governor of Armenia,Katakalon 101: Armenia: Specifies presence (dignity),Dignity,J 1044-1045,Aristakes,,AE 493
Konstantinos,9,374891,Ani,https://pleiades.stoa.org/places/874322,,Aristakes,62.9 (51),Ani: demanded from <Gagik 101> the surrender of Ani,Konstantinos 9: Ani: Does not specify presence,Does not specify presence,,,,
Konstantinos,9,374892,Melitene,https://pleiades.stoa.org/places/629039,,Aristakes,62.9 (51),Melitene: offered to <Gagik 101> in exchange for Ani the city and region of Melitene,Konstantinos 9:Melitene: Does not specify presence,Does not specify presence,,,,
Konstantinos,9,374897,Mesopotamia,https://pleiades.stoa.org/places/874602,,Aristakes,62.17 (51),Mesopotamia (theme): granted Grigor (<Gregorios 127>) villages and towns in Mesopotamia (theme),Konstantinos 9: Mesopotamia (theme):  Does not specify presence,Does not specify presence,,,,
Konstantinos,9,374934,Armenia,https://pleiades.stoa.org/places/874350,,Aristakes,83.12 (74),Armenia: confirmed by chrysobull the properties of <Xachik 101> in Armenia,Konstantinos 9: Armenia:  Does not specify presence (ownership),Ownership,,,,
Konstantinos,64,374851,Antioch (on the Orontes),https://pleiades.stoa.org/places/658381,,Aristakes,47.5 (34),Antioch: was perhaps the brother whom <Michael 4> sent to Antioch,"Konstantinos 64: Antioch:  Specifies presence (This is loose though as noone is named, so logically could be him or Niketas 104)",Unclear,,,,
Konstantinos,64,374854,Syria,,,Aristakes,47.5 (34),Syria: was perhaps the brother whom <Michael 4> entrusted with the affairs of Syria,"Konstantinos 64: Syria: Specifies presence (This is loose though as noone is named, so logically could be him or Niketas 104)",Unclear,,,,
Michael,4,374857,Thessalonike,https://pleiades.stoa.org/places/491741,,Aristakes,47.22 (35),Thessalonike: visited a sorceress (<Anonyma 157>) at Thessalonike,Michael 4: Thessalonike: Specifies presence,Specifies presence,,,,
Michael,4,374864,Berkri (near lake Van),,,Aristakes,49.1-2 (37),Berkri (near lake Van): sent troops to capture Berkri (near lake Van),Michael 4: Berkri: Does not specify presence,Does not specify presence,,,,
Michael,6,374964,Constantinople: Great Palace,,,Aristakes,103.7 (94),Constantinople: Great Palace: had held office in the past in the  Great Palace,Michael 6: Constantinople: Great Palace: Specifies presence (dignity),Dignity,,,,
Michael,111,374904,Dvin (Armenia),https://pleiades.stoa.org/places/863780,,Aristakes,63.17 (56),Dvin (Armenia): marched against but was defeated beneath the walls of Dvin (Armenia),Michael 111: Dvin (Armenia):  Specifies presence,Specifies presence,J 1044-45,Aristakes,,AE 493
Michael,111,374910,Armenia,https://pleiades.stoa.org/places/874350,,Aristakes,63.21 (56),Armenia: was removed from the government of Armenia,Michael 111: Armenia: Specifies presence,Specifies presence,J 1044-45,Aristakes,,AE 493
Nikephoros,105,374835,Vaspurakan,,,Aristakes,40.24 (26),Vaspurakan: served as governor of Vaspurakan,Nikephoros 105: Vaspurakan: Specifies presence. (dignity),Dignity,J 1026,Aristakes,,AE 493
Niketas,101,374837,Iberia (theme),,,Aristakes,41.17 (27),Iberia (theme): was appointed governor (doux) of Iberia (theme),Niketas 101: Iberia (theme): Specifies presence (dignity),Dignity,J 1027,Aristakes,,AE 475
Niketas,101,374838,Iberia (theme),,,Aristakes,41.17 (27),Iberia (theme): arrived and deceived the nobility of Iberia (theme),Niketas 101: Iberia (theme): Specifies presence,Specifies presence,J 1027,Aristakes,,
Niketas,104,374852,Antioch (on the Orontes),https://pleiades.stoa.org/places/658381,,Aristakes,47.5 (34),Antioch: was perhaps the brother whom <Michael 4> sent to Antioch,"Niketas 104: Antioch: Specifies presence (This is loose though as noone is named, so logically could be him or Konstantin 64)",Unclear,,,,
Niketas,104,374853,Syria,,,Aristakes,47.5 (34),Syria: was perhaps the brother whom <Michael 4> entrusted with the affairs of Syria,"Niketas 104: Syria: Specifies presence (This is loose though as noone is named, so logically could be him or konstantin 64)",Unclear,,,,
Romanos,4,374999,Bithynia,,,Aristakes,137.20 (125),Bithynia: crossed the sea to Bithynia,Romanos 4: Bithynia: Specifies presence,Specifies presence,J 1071,Aristakes,,
Romanos,4,375000,Theodosioupolis (Erzerum),https://pleiades.stoa.org/places/874373,,Aristakes,138.8 (125),Theodosioupolis (Erzerum): reached with his army the great city of Theodosioupolis (Erzerum),Romanos 4: Theodosioupolis (Erzerum): Specifies presence,Specifies presence,J 1071,Aristakes,,
Romanos,4,375001,Mantzikert,,https://www.geonames.org/304916,Aristakes,138.18-19 (126),Mantzikert: advanced and encamped in the district of Mantzikert,Romanos 4: Mantzikert:  Specifies presence,Specifies presence,J 1071,Aristakes,,
Salamanes,101,374847,"Edessa (Rohas, Mesopotamia)",https://pleiades.stoa.org/places/658457,,Aristakes,44.17 (30),Edessa: was appointed lord of the city of Edessa,Salamanes 101: Edessa: Specifies presence (dignity),Dignity,J 1031,Aristakes,,
Symeon,101,374839,Iberia (theme),,,Aristakes,42.1 (27),Iberia (theme): arrived but as soon as he learnt of the emperor's death he left Iberia (theme),Symeon 101: Iberia (theme): Specifies presence,Specifies presence,J 1028,Aristakes,,
Tughrul Beg,51,374937,Berkri (near lake Van),,,Aristakes,84.22 (75),Berkri (near lake Van): marched past Berkri (near lake Van),Tughrul Beg 51: Berkri (near lake Van): Specifies presence,Specifies presence,J 1054,Aristakes,,AE 503
Tughrul Beg,51,374938,Mantzikert,,https://www.geonames.org/304916,Aristakes,84.23 (75),Mantzikert: encamped near Mantzikert,Tughrul Beg 51: Mantzikert: Specifies presence,Specifies presence,J 1054,Aristakes,,AE 503
Tughrul Beg,51,374939,Abchasia,,https://www.geonames.org/6643410,Aristakes,85.1 (76),Abchasia: sent troops to raid the forts of Abchasia,Tughrul Beg 51: Abchasia: Specifies presence,Specifies presence,J 1054,Aristakes,,AE 503
Tughrul Beg,51,374943,Mantzikert,,https://www.geonames.org/304916,Aristakes,89.17 (81),Mantzikert: besieged but failed to capture Mantzikert,Tughrul Beg 51: Mantzikert: Specifies presence,Specifies presence,J 1054,Aristakes,,AE 503
Tughrul Beg,51,374947,Mantzikert,,https://www.geonames.org/304916,Aristakes,90.7 (82),Mantzikert: besieged for a second time Mantzikert,Tughrul Beg 51: Mantzikert: Specifies presence,Specifies presence,J 1054,Aristakes,,AE 503
Tughrul Beg,51,374949,Theodosioupolis (Erzerum),https://pleiades.stoa.org/places/874373,,Aristakes,90.1 (82),Theodosioupolis (Erzerum): inspected the defences from a distance and decided to leave Theodosioupolis (Erzerum),Tughrul Beg 51: Theodosioupolis (Erzerum): Specifies presence near,Specifies presence near,J 1054,Aristakes,,AE 503
Tughrul Beg,51,374954,Mantzikert,,https://www.geonames.org/304916,Aristakes,94.16 (87),Mantzikert: lifted the (second) siege of Mantzikert,Tughrul Beg 51: Mantzikert: Specifies presence,Specifies presence,J 1054,Aristakes,,AE 503
Tughrul Beg,51,374956,Baghdad,https://pleiades.stoa.org/places/893952,,Aristakes,96.7 (89),"Baghdad: left with the envoy (of Theodora, <Anonymus 406>)  for Baghdad",Tughrul Beg 51: Baghdad: Specifies presence,Specifies presence,J 1055,Aristakes,,AE 504
Tughrul Beg,51,374960,Armenia,https://pleiades.stoa.org/places/874350,,Aristakes,96.11 (89),Armenia: sent an army into Armenia,Tughrul Beg 51: Armenia: Does not specify presence,Does not specify presence,,,,
Tughrul Beg,51,374962,Baghdad,https://pleiades.stoa.org/places/893952,,Aristakes,101.21 (93),Baghdad: started a campaign against Baghdad,Tughrul Beg 51: Baghdad: Specifies presence,Specifies presence,J 1055,Aristakes,,AE 504
Zoe,1,374869,Princes' Islands,,https://www.geonames.org/743077,Aristakes,50.14-15 (39),Princes' Islands: was banished by <Michael 5> to the remote islands,Zoe 1: Princes' Islands: Specifies presence,Specifies presence,J 1041-1042 TIQ,Aristakes,,
