Name,Code,Factoid ID,Location,Pleiades,Geonames,Source,Source loc,Description in PBW,RELEVEN location type,Date,Dating authority,Outside source,Notes
Aaron,101,226477,Mesopotamia,https://pleiades.stoa.org/places/874602,,Boilas,39,Mesopotamia: served as doux of Mesopotamia,Dignity,,,,
Aaron,101,417558,Vaspurakan,,,Seals,,Vaspurakan: was katepano of Vaspurakan,Dignity,,,,
Aaron,101,418494,Ani and Iberia,,,Seals,,Ani and Iberia: was doux of Ani and Iberia,Dignity,,,,
Aaron,101,418495,Ani,https://pleiades.stoa.org/places/874322,,Seals,,Ani: was doux of Ani,Dignity,,,,
Aaron,101,418496,Iberia (theme),,,Seals,,Iberia: was doux of Iberia,Dignity,,,,
Aaron,101,247012,Hades (near Nicaea),https://pleiades.stoa.org/places/554174,,Zonaras,"18.2.19, 18.2.21",Hades (near Nicaea): joined battle at Hades (near Nicaea),Specifies presence,,,,
Abramios,103,225993,Aromaine,,,Alexios Stoudites,27.22,Aromaine: was bishop of Aroma ne,Dignity,,,,
Adrianos,102,372902,Constantinople: Boukoleon,,,Anna Komnene,89.66,Constantinople: Boukoleon: came to live in the palace of  Boukoleon,Specifies presence,,,,
Adrianos,102,372903,Choirenoi,,,Anna Komnene,243.23,Choirenoi: was charged with the crossing of the infantry and cavalry over the pontoon bridge at Choirenoi,Specifies presence,,,,
Adrianos,102,372904,Serres (Macedonia),https://pleiades.stoa.org/places/501616,,Anna Komnene,273.83,Serres: was ordered to meet <Nikephoros 64> in his tent at Serres,Specifies presence / Specifies presence near,"J 1094, February",Editor,,"Both the Greek and English translation write: ""So he encamped near Serres, where the Emperor was also."" I'm not sure whether this means that the emperor (and therefore Adrianos) was in Serres or 'there' refers to 'near Serres'."
Adrianos,103,226476,Antioch (on the Orontes),https://pleiades.stoa.org/places/658381,,Boilas,39,Antioch (on the Orontes): served as doux of Antioch (on the Orontes),Dignity,,,,
Adrianos,102,339753,Kassandra (Chalkidike),,,Lavra,250.12,Kassandra (Chalkidike): was granted by his brother <Alexios 1> the revenues of the peninsula of Kassandra (Chalkidike),Does not specify presence,,,,
Adrianos,102,417078,West (whole),,,Seals,,West (whole): was megas domestikos of the West (whole),Dignity,,,,
Adrianos,102,417079,West (whole),,,Seals,,West (whole): was megas domestikos of the West (whole),Dignity,,,,
Adrianos,102,417754,West (whole),,,Seals,,West (whole): was megas domestikos of the West (whole),Dignity,,,,
Adrianos,102,418569,West (whole),,,Seals,,West (whole): was megas domestikos of the West (whole),Dignity,,,,
Agapetos,101,225934,Adrianople (Thrace),https://pleiades.stoa.org/places/5014275,,Alexios Stoudites,"20.1, Rhalles-Potles 5.24, 5.32",Adrianople: was metropolitan of Adrianople,Dignity,,,,
Agapetos,102,225960,Antioch (Pisidia?),,,Alexios Stoudites,26.17,Antioch (Pisidia?): was metropolitan of Antioch (Pisidia?),Dignity,,,,
Agapetos,103,279477,Berboulidion (Meander valley),,,Patmos: Acts,2.12.163,Berboulidion (Meander valley): was a paroikos at the proasteion of Berboulidion (Meander valley),Dignity,,,,
Aikaterine,101,227391,Constantinople: Myrelaion,,,Glykas,604.2,Constantinople: Myrelaion: led an ascetic life at the monastery of  Myrelaion,Specifies presence,,,,
Aimilianos,61,234830,Antioch (on the Orontes),https://pleiades.stoa.org/places/658381,,Attaleiates: History,270.7 / 193.21,Antioch (on the Orontes): was patriarch of Antioch (on the Orontes),Dignity,,,,
Aimilianos,61,379896,Thaumatourgos,,,Psellos,"Letters (K - D) 138, 164.14-166.9",Thaumatourgos: had cowed the monks of the monastery of Thaumatourgos,Does not specify presence,J 1064-68,Other,"Jeffreys, 2017",
Aimilianos,61,379711,Antioch (on the Orontes),https://pleiades.stoa.org/places/658381,,Psellos,Letters (Sathas) 42.275,Antioch (on the Orontes): was patriarch of Antioch (on the Orontes),Dignity,,,,
Aimilianos,61,,,,,Zonaras,18.18.10,Constantinople: led meeting which proclaimed <Nikephoros 3> in Constantinople,Specifies presence,,,,
Aimilianos,61,247122,Antioch (on the Orontes),https://pleiades.stoa.org/places/658381,,Zonaras,"18.18.10, 18.19.25",Antioch (on the Orontes): was patriarch of Antioch (on the Orontes),Dignity,,,,
Alexios,1,431596,Nicaea: lake,,,Albert of Aachen,II.32,Nicaea: lake: gave the crusaders boats which were dragged to the  lake,Does not specify presence,,,,"Albert says that Alexios sent boats and troops to the lake near Nicaea, but it si not specified whether Alexios went to the lake with the troops or he stayed in Constantinople."
Alexios,1,431676,Philomelion (Asia Minor),https://pleiades.stoa.org/places/609501,,Albert of Aachen,IV.40,Philomelion: turned back from the crusade at Philomelion,Specifies presence,,,,
Alexios,1,431816,Ankyra,https://pleiades.stoa.org/places/619103,,Albert of Aachen,VIII.8,"Ankyra: after its capture by the crusade of 1101, duly received Ankyra",Specifies presence,,,,"June 23, 1101, p. 596, n. 30, suggested by the editor."
Alexios,1,372909,Amaseia,https://pleiades.stoa.org/places/857018,,Anna Komnene,14.1-4,Amaseia: appealed for money to the citizens of Amaseia,Specifies presence,,,,
Alexios,1,372910,Kastamon (Paphlagonia),https://pleiades.stoa.org/places/844974,,Anna Komnene,17.78,Kastamon: stopped to rest the troops at Kastamon,Specifies presence,,,,
Alexios,1,372912,Thrace,,,Anna Komnene,19.54,Thrace: set up camp in Thrace,Specifies presence,,,,
Alexios,1,372913,Halmyros (Thrace),,,Anna Komnene,19.54,Halmyros (Thrace): set up camp in Thrace near the river Halmyros (Thrace),Specifies presence near,,,,
Alexios,1,372914,Vardar,https://pleiades.stoa.org/places/491534,,Anna Komnene,28.33,Vardar: came to the the river Vardar,Specifies presence,,,,
Alexios,1,372915,Berroia (Macedonia),,,Anna Komnene,28.36,Berroia: came to the Vardar river where it split in two in the region of Berroia,Specifies presence,,,,
Alexios,1,372916,Thessalonike,https://pleiades.stoa.org/places/491741,,Anna Komnene,28.36,Thessalonike: came to the Vardar river where it split in two in the region of Thessalonike,Specifies presence,,,,
Alexios,1,372917,Philippi (Macedonia),https://pleiades.stoa.org/places/501564,,Anna Komnene,34.90,Philippi: was met by imperial emmissaries between Amphipolis and Philippi,Specifies presence near,,,,
Alexios,1,372918,Amphipolis (Macedonia),https://pleiades.stoa.org/places/501347,,Anna Komnene,34.90,Amphipolis: was met by imperial emmissaries between Philppi and Amphipolis,Specifies presence near,,,,
Alexios,1,372919,Constantinople: Pege monastery and palace,,,Anna Komnene,52.76,Constantinople: Pege monastery and palace: met <Georgios 15002> at the Pege Monastery,Specifies presence near,,,,Anna clearly says that the meeting took place περι - near the monastery.
Alexios,1,372921,Constantinople: Kosmidion,,,Anna Komnene,69.29,Constantinople: Kosmidion: left Constantinople and took his followers to  Sts Kosmas and Damianos at Paulinou,Specifies presence,,,,
Alexios,1,372922,Tzouroulos,,,Anna Komnene,70.60,Tzouroulos: met up with <Georgios 61> and the troops at Tzouroulos,Specifies presence,,,,
Alexios,1,372923,Adrianople (Thrace),https://pleiades.stoa.org/places/5014275,,Anna Komnene,72.32,Adrianople: was not acclaimed by the citizens of Adrianople,?,,,,I do not see that Anna mentions Adrianople at all in this section.
Alexios,1,372924,Schiza (Thrace),,,Anna Komnene,72.35,Schiza (Thrace): camped at the village of Schiza (Thrace),Specifies presence,,,,
Alexios,1,372925,Athyras (Thrace),https://pleiades.stoa.org/places/511172,,Anna Komnene,72.34,Athyras (Thrace): on his way to Constantinople moved through Athyras (Thrace),Specifies presence,,,,
Alexios,1,372926,Aretai,,,Anna Komnene,77.75,Aretai: made his base for the attack of Constantinople at Aretai,Specifies presence,,,,
Alexios,1,372927,Constantinople: Boukoleon,,,Anna Komnene,89.66,Constantinople: Boukoleon: moved with his brothers and mother to the palace of  Boukoleon,Specifies presence,,,,
Alexios,1,372928,Thessalonike,https://pleiades.stoa.org/places/491741,,Anna Komnene,127.42,Thessalonike: received at Thessalonike a message that things were going badly for <Georgios 61>,Specifies presence / Specifies presence near,,,,"""Reaching Thessaloniki"" doesn't mean that Alexios entered the city."
Alexios,1,372929,Charzanes,,,Anna Komnene,129.83-84,Charzanes: set up camp near the river Charzanes,Specifies presence near,"J 1081, October 15",,,
Alexios,1,372931,"Baba Gora (Mt, between Dyrrachion and Bitola)",,,Anna Komnene,140.23,"Baba Gora (Mt, between Dyrrachion and Bitola): retired to Ohrid after spending a time in the Baba Gora (Mt, between Dyrrachion and Bitola) (mountainous area)",Specifies presence,,,,
Alexios,1,372932,Ohrid,https://pleiades.stoa.org/places/481900,,Anna Komnene,140.21,Ohrid: after spending a time in the Babagora retired to Ohrid,Specifies presence,,,,
Alexios,1,372933,Ohrid,https://pleiades.stoa.org/places/481900,,Anna Komnene,142.42,Ohrid: rested at Ohrid,Specifies presence,,,,
Alexios,1,372936,Ioannina,,,Anna Komnene,149.66,Ioannina: faced the army of <Bohemond 61> at Ioannina,Specifies presence,"J 1082, May",Aleksandar,,
Alexios,1,372937,Ohrid,https://pleiades.stoa.org/places/481900,,Anna Komnene,151.12,"Ohrid: fled from the battle-site at Ioannina, arriving in Ohrid",Specifies presence,,,,
Alexios,1,372938,Strougai,,,Anna Komnene,151.12,Strougai: travelled from Ioannina to Ohrid via Strougai,Specifies presence / Specifies presence near,,,,"""going via"" might be both through the city or nearby, through the region."
Alexios,1,372939,Vardar,https://pleiades.stoa.org/places/491534,,Anna Komnene,151.14,Vardar: collected troops for a new attack against <Bohemond 61> at the river Vardar,Specifies presence,,,,
Alexios,1,372942,Larissa (Thessaly),https://pleiades.stoa.org/places/540905,,Anna Komnene,154.21,Larissa: advanced through the region of Larissa,Specifies presence,"J 1083, April",Aleksandar,,"""on the festival of St. George the Martyr"""
Alexios,1,372943,"Kellia, Mount",,,Anna Komnene,154.22,"Kellia, Mount: took his army to Larissa going over Kellia, Mount",Specifies presence,"J 1083, April",Aleksandar,,"""on the festival of St. George the Martyr"""
Alexios,1,372944,Exebas,,,Anna Komnene,154.23-24,Exebas: took his army to Larissa via the Vlach village of Exebas,Specifies presence / Specifies presence near,"J 1083, April",Aleksandar,,"""going via"" might be both through the city or nearby, through the region."
Alexios,1,372945,Plabitza,,,Anna Komnene,154.25,"Plabitza: on the way to Larissa, made camp at Plabitza",Specifies presence,"J 1083, April",Aleksandar,,"""on the festival of St. George the Martyr"""
Alexios,1,372946,Trikala,,,Anna Komnene,155.29,Trikala: visited the gardens of Delphinas and reached Trikala,Specifies presence,,,,
Alexios,1,372947,Larissa (Thessaly),https://pleiades.stoa.org/places/540905,,Anna Komnene,160.11,"Larissa: finally victorious against <Bohemond 61>, left Larissa",Specifies presence,,,,
Alexios,1,372948,Thessalonike,https://pleiades.stoa.org/places/491741,,Anna Komnene,160.11,Thessalonike: moved from Larissa to Thessalonike,Specifies presence,,,,
Alexios,1,372950,Mosynopolis (Thrace),https://pleiades.stoa.org/places/501574,,Anna Komnene,170.83,Mosynopolis: met and imprisoned the Manichaeans at Mosynopolis,Specifies presence,,,,
Alexios,1,372953,Raidestos (Thrace),https://pleiades.stoa.org/places/511187,,Anna Komnene,182.36,Raidestos: exiled <Symeon 118> to Raidestos,Does not specify presence,,,,
Alexios,1,372955,Sinope,https://pleiades.stoa.org/places/857321,,Anna Komnene,188.35,Sinope: sent <Siaous 15001> and <Konstantinos 15019> to recapture Sinope,Does not specify presence,,,,
Alexios,1,372956,Nikomedeia,https://pleiades.stoa.org/places/511337,,Anna Komnene,191.48-49,Nikomedeia: had a fortification built to counter the Turkish occupation of Nikomedeia,Does not specify presence,,,,
Alexios,1,372958,Adrianople (Thrace),https://pleiades.stoa.org/places/5014275,,Anna Komnene,204.45,Adrianople: could tolerate the Pecheneg invasions no longer and so gathered his troops and moved to Adrianople,Specifies presence / Specifies presence near,1087,Aleksandar,,"""marched to"" doesn't mean Alexios actually was in the city."
Alexios,1,372959,Lardeas,,,Anna Komnene,204.45,Lardeas: in countering the Pecheneg incursions moved from Adrianople to Lardeas,Specifies presence,,,,
Alexios,1,372960,Lardeas,,,Anna Komnene,204.45,Lardeas: made <Georgios 8109> a general and ordered him to Dristra by sea whilst at Lardeas,Specifies presence,,,,
Alexios,1,372961,Dristra,https://pleiades.stoa.org/places/216800,,Anna Komnene,204.47,Dristra: sent <Georgios 8109> to Dristra,Does not specify presence,,,,
Alexios,1,372962,Sidera (Haimos),,https://www.geonames.org/734313,Anna Komnene,208.68,Sidera: was eager to attack the Pechenegs and so moved his troops across the Sidera,Specifies presence,,,,
Alexios,1,372963,Bitzina,,,Anna Komnene,208.69,Bitzina: was eager to attack the Pechenegs and so set up camp near the river Bitzina,Specifies presence near,,,,
Alexios,1,372964,Pliskova,,,Anna Komnene,209.73,Pliskova: moved the army from the Bitzina river to Pliskova,Specifies presence,,,,
Alexios,1,372965,Dristra,https://pleiades.stoa.org/places/216800,,Anna Komnene,209.77,Dristra: set up camp but was attacked by Pechenegs near Dristra,Specifies presence near,,,,
Alexios,1,372966,Dristra,https://pleiades.stoa.org/places/216800,,Anna Komnene,209.88-89,Dristra: besieged and took the town of Dristra,Specifies presence,,,,
Alexios,1,372967,Dristra,https://pleiades.stoa.org/places/216800,,Anna Komnene,209.92,Dristra: captured the town but gave up upon the siege of the twin citadels of Dristra,Specifies presence,,,,
Alexios,1,372968,Betrinon,,,Anna Komnene,211.39,Betrinon: sent his baggage train on to Betrinon,Does not specify presence,,,,
Alexios,1,372970,Goloe,,,Anna Komnene,214.53,Goloe: moved on to Beroe after the battle against the Pechenegs at Goloe,Specifies presence,,,,
Alexios,1,372973,Ozolimne (Chalkidike),,,Anna Komnene,217.26,Ozolimne (Chalkidike): settled many Huns (Uzes) in a certain area and this area became known consequently as Ozolimne (Chalkidike),Does not specify presence,,,,
Alexios,1,372975,Adrianople (Thrace),https://pleiades.stoa.org/places/5014275,,Anna Komnene,218.57,Adrianople: moved his troops on from Beroe to Adrianople,Specifies presence,,,,
Alexios,1,372976,Markella (between Goloe and Diampolis),,,Anna Komnene,218.59,Markella (between Goloe and Diampolis): sent <Synesios 15001> to negotiate with the Pechenegs who were encamped at Markella (between Goloe and Diampolis),Does not specify presence,,,,
Alexios,1,372977,Philippopolis,https://pleiades.stoa.org/places/216927,,Anna Komnene,219.85,Philippopolis: opposed the Pechenegs with ambushes rather than with a direct military assault when they had taken Philippopolis,Does not specify presence,,,,
Alexios,1,372978,Kypsella (Thrace),https://pleiades.stoa.org/places/501489,,Anna Komnene,219.1,Kypsella: arrived at the same time as the Pechenegs at Kypsella,Does not specify presence,,,,
Alexios,1,372979,Boulgarophygon,,https://www.geonames.org/751371,Anna Komnene,220.22,Boulgarophygon: sent a detachment of young men to Charioupolis whilst in Boulgarophygon,Specifies presence,J 1090,Source,,
Alexios,1,372980,Charioupolis,https://pleiades.stoa.org/places/511206,,Anna Komnene,220.21,Charioupolis: sent his Archontopouloi to attack the Pechenegs at Charioupolis,Does not specify presence,,,,
Alexios,1,372981,Apros,https://pleiades.stoa.org/places/507367,,Anna Komnene,221.45,Apros: occupied the city himself to forestall a Pecheneg capture of Apros,Specifies presence,,,,
Alexios,1,372982,Nikomedeia,https://pleiades.stoa.org/places/511337,,Anna Komnene,222.66,Nikomedeia: sent the Flemish knights he had received from the count of Flanders (<Robert 62>) to Nikomedeia,Does not specify presence,,,,
Alexios,1,372983,Methymna (Lesbos),https://pleiades.stoa.org/places/550738,,Anna Komnene,222.83,Methymna: sent vessels with a large force to defend Methymna,Does not specify presence,,,,
Alexios,1,372984,Chios,https://pleiades.stoa.org/places/550497,,Anna Komnene,223.1,"Chios: sent first <Niketas 108>, and on his defeat <Konstantinos 15019>, to attack <Tzachas 61> who had taken Chios",Does not specify presence,,,,
Alexios,1,372985,Dyrrachion,https://pleiades.stoa.org/places/573193,,Anna Komnene,225.2,Dyrrachion: sent <Ioannes 65> to defend Dyrrachion,Does not specify presence,,,,
Alexios,1,372987,Rousion (Thrace),,,Anna Komnene,227.37,Rousion (Thrace): heard that the Pechenegs were encamped at Polybotos and immediately left Constantinople for Rousion (Thrace),Specifies presence,,,,
Alexios,1,372988,Polybotos,,,Anna Komnene,227.37-38,Polybotos: immediately left Constantinople for Rousion on hearing that the Pechenegs were encamped at Polybotos,Does not specify presence,,,,
Alexios,1,372989,Rousion (Thrace),,,Anna Komnene,227.45,Rousion (Thrace): engaged the Pechenegs but was defeated by them at Rousion (Thrace),Specifies presence,,,,
Alexios,1,396876,Preslav (Great),,,Anna Komnene,210.18,Preslav (Great): was advised to secure a base for guerilla warfare at Preslav (Great),Does not specify presence,,,,
Alexios,1,396878,Ozolimne (Chalkidike),,,Anna Komnene,217.20-218.49,"Ozolimne: after his defeat by the Pechenegs, the Cumans blockaded them at Ozolimne",Does not specify presence,,,,
Alexios,1,433011,Constantinople: Hagios Georgios Sykeotes,,,Anna Komnene,84.90,Constantinople: Hagios Georgios Sykeotes: Constantinople: Hagios Georgios Sykeotes: stopped in indecision at the square of Hagios Georgios Sykeotes,Specifies presence,,,,
Alexios,1,433322,Devol,,https://www.geonames.org/791497,Anna Komnene,142.43,Devol: to raise the morale of his defeated troops went to Devol,Specifies presence,,,,
Alexios,1,433444,Thessalonike: Hagios Demetrios,,https://www.geonames.org/6779078,Anna Komnene,155.58,"Thessalonike: Hagios Demetrios: dreamed of a prophecy of victory and promised, if true, a pilgrimage to the church of Hagios Demetrios",Does not specify presence,,,,
Alexios,1,433503,Constantinople: Antiphonetes,,,Anna Komnene,173.64-65,"Constantinople: Antiphonetes: After taking gold and silver decorations from the tomb of <Zoe 1>, he arranged for restitution to be made to the Antiphonetes",Does not specify presence,,,,
Alexios,1,433504,Constantinople: Chalkoprateia,,,Anna Komnene,173.68,Constantinople: Chalkoprateia: arranged for compensation to be made for gold decoration taken from the Chalkoprateia,Does not specify presence,,,,
Alexios,1,433596,Dyrrachion,https://pleiades.stoa.org/places/573193,,Anna Komnene,179.35,"Dyrrachion: among many cities in which concessions were made to the Venetians, included Dyrrachion",Does not specify presence,,,,
Alexios,1,433871,Boulgarophygon,,https://www.geonames.org/751371,Anna Komnene,220.22,"Boulgarophygon: in spring, he was at Boulgarophygon",Specifies presence,J 1090,,,
Alexios,1,433984,Tzouroulos,,,Anna Komnene,232.19,Tzouroulos: defeated Pechenegs twice near Tzouroulos,Specifies presence near,,,,
Alexios,1,433998,Dimylia,,,Anna Komnene,239.91,"Dimylia: met <Georgios 61>, with some of his troops disguised as Pechenegs, at the plain of Dimylia",Specifies presence,J 1091,Editor,,
Alexios,1,434016,Ainos,https://pleiades.stoa.org/places/501337,,Anna Komnene,242.5,Ainos: gathered his army at Ainos,Specifies presence near,,,,
Alexios,1,434018,Choirenoi,,,Anna Komnene,242.17,Choirenoi: fortified a camp at Choirenoi,Specifies presence near,,,,
Alexios,1,434046,Lebounion,,,Anna Komnene,245.6,Lebounion: pitched his camp on the top of Mt Lebounion,Specifies presence,,,,
Alexios,1,434071,Lebounion,,,Anna Komnene,247.57,"Lebounion: with Cuman help, destroyed the whole race of Pechenegs at Lebounion",Specifies presence near,,,,
Alexios,1,434099,Philippopolis,https://pleiades.stoa.org/places/216927,,Anna Komnene,252.15,"Philippopolis: at rumours of an invasion by <Konstantinos 102>, he went to Philippopolis",Specifies presence,,,,
Alexios,1,434281,Skopje (Macedonia),https://pleiades.stoa.org/places/481987,,Anna Komnene,266.63,"Skopje (Macedonia): en route for Lipenion, stopped at Skopje",Specifies presence,1093,Editor,,
Alexios,1,434489,Anchialos,https://pleiades.stoa.org/places/216702,,Anna Komnene,286.43,Anchialos: organised the war against the Cumans from Anchialos,Specifies presence,,,,
Alexios,1,434589,Mikra Nikaia,,,Anna Komnene,293.71,Mikra Nikaia: He redistributed booty back to its owners at Mikra Nikaia,Does not specify presence,,,,
Alexios,1,434601,Sidera (Haimos),,https://www.geonames.org/734313,Anna Komnene,295.46,Sidera (Haimos): He killed and captured Cuman fugitives at the Sidera,Specifies presence near,,,,Anna clearly says περἰ which is 'near'
Alexios,1,434606,Goloe,,,Anna Komnene,295.50,Goloe: celebrated his victory in a day at Goloe,Specifies presence,,,,
Alexios,1,434613,Dyrrachion,https://pleiades.stoa.org/places/573193,,Anna Komnene,298.64,Dyrrachion: sent leaders with translators to meet the crusaders near,Does not specify presence,,,,
Alexios,1,434614,Avlon (Albania),,,Anna Komnene,298.64,Avlon (Albania): sent leaders with translators to meet the crusaders near Avlon,Does not specify presence,,,,
Alexios,1,434641,Athyras (Thrace),https://pleiades.stoa.org/places/511172,,Anna Komnene,309.74,Athyras (Thrace): ordered mercenaries to be stationed on the line from Philea to Athras,Does not specify presence,,,,
Alexios,1,434642,Philea (Thrace),https://pleiades.stoa.org/places/511361,,Anna Komnene,309.74,Philea (Thrace): ordered mercenaries to be stationed on the line from Athyras to Philea (a village on the Black Sea),Does not specify presence,,,,
Alexios,1,434652,Hieron,,,Anna Komnene,315.63,"Hieron: housed the crusaders far up the Bosporos, even at Hieron",Specifies presence / Specifies presence near,,,,"""right up to Hieron"" might be in Hieron but also near that place."
Alexios,1,434672,Pelekanos,,,Anna Komnene,321.44,"Pelekanos: to observe all sides in the siege of Nicaea, he took up position at Pelekanos",Does not specify presence,,,,"Here Anna does not say that Alexios was in Pelekanos, but that he thought it would be a wise idea to go there."
Alexios,1,435280,Kios (Bithynia),https://pleiades.stoa.org/places/511385,,Anna Komnene,325.20,Kios (Bithynia): had boats dragged to the lake of Nicaea from Kios,Does not specify presence,,,,
Alexios,1,435397,Maraqiyya,,,Anna Komnene,343.85,Maraqiyya: told <Raymond 61> to negotiate with <Eumathios 102> over Maraqiyya,Does not specify presence,"J 1099, February",Editor,,
Alexios,1,435403,Laodikeia (Syria),https://pleiades.stoa.org/places/668290,,Anna Komnene,343.84,Laodikeia (Syria): told <Raymond 61> to put <Andronikos 15004> in charge of Laodikeia,Does not specify presence,"J 1099, February",Editor,,
Alexios,1,435479,Cilicia,https://pleiades.stoa.org/places/981514,,Anna Komnene,349.59-61,Cilicia: ordered <Manuel 62> to attack Cilicia,Does not specify presence,,,,
Alexios,1,435480,Antioch (on the Orontes),https://pleiades.stoa.org/places/658381,,Anna Komnene,349.61,Antioch (on the Orontes): ordered an attack on Cilicia to prepare the way for an advance on Antioch,Does not specify presence,,,,
Alexios,1,435617,Pisa,,,Anna Komnene,359.21,"Pisa: wrote letters to places where <Bohemond 61> had gone to make propaganda against him, especially Pisa",Does not specify presence,,,,
Alexios,1,435618,Venice,https://pleiades.stoa.org/places/818739154,,Anna Komnene,359.21,"Venice: wrote letters to places where <Bohemond 61> had gone to make propaganda against him, especially Venice",Does not specify presence,,,,
Alexios,1,435648,Sthlanitza (Macedonia),,,Anna Komnene,364.70,Sthlanitza (Macedonia): ordered his western commanders to travel immediately to Sthlanitza,Does not specify presence,,,,
Alexios,1,435666,Stroumitza (Macedonia),,https://www.geonames.org/785380,Anna Komnene,369.33,"Stroumitza (Macedonia): in preparing to fight <Bohemond 61>, he went from Thessalonike to Stroumitsa",Specifies presence / Specifies presence near,,,,
Alexios,1,443412,Kyklades,https://pleiades.stoa.org/places/560353,,Anna Komnene,369.25,"Kyklades: he had a fleet raised against <Bohemond 61>, mainly from the Kyklades Islands",Does not specify presence,,,,
Alexios,1,443413,Dyrrachion,https://pleiades.stoa.org/places/573193,,Anna Komnene,369.23,Dyrrachion: He had fortifications prepared against <Bohemond 61> at Dyrrachion,Does not specify presence,,,,"I leave ""NO PRESENCE"" because it's not specified whether the emperor was in the town or strengthened it from distance."
Alexios,1,443817,Chersonesos (Thrace),https://pleiades.stoa.org/places/501386,,Anna Komnene,435.35,Chersonesos (Thrace): built a temporary base at the Chersonesos,Specifies presence,J 1111,Editor,,
Alexios,1,443818,Adramyttion,https://pleiades.stoa.org/places/550403,,Anna Komnene,435.37,Adramyttion: stationed a defensive force at Adramyttion,Does not specify presence,J 1111,Editor,,
Alexios,1,443819,Thrakesion,,,Anna Komnene,435.37,Thrakesion: stationed a defensive force in Thrakesion,Does not specify presence,J 1111,Editor,,
Alexios,1,443821,Madyta,,https://www.geonames.org/747728,Anna Komnene,435.48,Madyta: stationed a naval force at Madyta to patrol the straits,Does not specify presence,,,,
Alexios,1,443922,Malagina,,,Anna Komnene,446.73,"Malagina: overtook a Turkish army, taking a short cut via Malagina",Specifies presence / Specifies presence near,,,,
Alexios,1,443955,Philippopolis,https://pleiades.stoa.org/places/216927,,Anna Komnene,454.20,"Philippopolis: to defend against the Cumans, stationed troops at Philippopolis",Does not specify presence,"J 1114, November",Source,,"""the eighth Indiction in the month of November in the beginning of autumn"""
Alexios,1,443957,Petritzos,,https://www.geonames.org/733550,Anna Komnene,454.20-21,"Petritzos: to defend against the Cumans, stationed troops at Petritzos",Does not specify presence,"J 1114, November",Source,,"""the eighth Indiction in the month of November in the beginning of autumn"""
Alexios,1,443958,"Triaditza (Serdica, Bulgaria)",https://pleiades.stoa.org/places/207439,,Anna Komnene,454.21,"Triaditza (Serdica, Bulgaria): to defend against the Cumans, stationed troops at Triaditza (Serdica, Bulgaria)",Does not specify presence,"J 1114, November",Source,,"""the eighth Indiction in the month of November in the beginning of autumn"""
Alexios,1,443959,Nis (Naissus),,,Anna Komnene,454.21,"Nis (Naissus): to defend against the Cumans, stationed troops in the theme of Nis",Does not specify presence,"J 1114, November",Source,,"""the eighth Indiction in the month of November in the beginning of autumn"""
Alexios,1,443960,Branicevo,,,Anna Komnene,454.22,"Branicevo: to defend against the Cumans, even stationed troops at Branicevo",Does not specify presence,"J 1114, November",Source,,"""the eighth Indiction in the month of November in the beginning of autumn"""
Alexios,1,444007,Ikonion,https://pleiades.stoa.org/places/648647,,Anna Komnene,461.8,Ikonion: planned to meet <Melikshah 101> by marching to Ikonion,Does not specify presence,,,,
Alexios,1,444011,Lopadion (Bithynia),,https://www.geonames.org/738449,Anna Komnene,462.39,Lopadion (Bithynia): He gathered his army and was based for several months at Lopadion,Specifies presence,,,,
Alexios,1,444044,Helenopolis (Bithynia),https://pleiades.stoa.org/places/511240,,Anna Komnene,465.43,Helenopolis (Bithynia): saw <Eirene 61> again and reassured her at Helenoupolis,Specifies presence,,,,
Alexios,1,444056,Nicaea,https://pleiades.stoa.org/places/511268,,Anna Komnene,465.48,"Nicaea: in countering the scouts of <Monolykos 101>, he moved rapidly in the area around Nicaea",Specifies presence near,,,,
Alexios,1,444057,Kios (Bithynia),https://pleiades.stoa.org/places/511385,,Anna Komnene,465.51,"Kios (Bithynia): in trying to counter small Turkish incursions, he visited Kios",Specifies presence,,,,
Alexios,1,444062,Nikomedeia,https://pleiades.stoa.org/places/511337,,Anna Komnene,466.77,Nikomedeia: withdrew to rest and feed his men and animals around Nikomedeia,Specifies presence near,,,,
Alexios,1,444063,Nicaea,https://pleiades.stoa.org/places/511268,,Anna Komnene,469.68,Nicaea: advanced again from Nikomedeia to Nicaea,Specifies presence / Specifies presence near,J 1116,Editor,,"""the sun was now returning from its large circuits, and as the autumn equinox was passed"""
Alexios,1,444065,Ikonion,https://pleiades.stoa.org/places/648647,,Anna Komnene,469.67,Ikonion: began an attempt with all his forces on Ikonion,Specifies presence / Specifies presence near,J 1116,Editor,,"""the sun was now returning from its large circuits, and as the autumn equinox was passed"""
Alexios,1,444066,Pithekas (Asia Minor),,,Anna Komnene,469.76,Pithekas (Asia Minor):  crossed the bridge near Pithekas,Specifies presence,J 1116,Editor,,"it is not ""near"" Pithekas but on the bridge OVER the river Pithekas, so specifies presence."
Alexios,1,444067,Dorylaion,https://pleiades.stoa.org/places/609367,,Anna Komnene,469.78,Dorylaion: advanced via Armenokastron and Leukai to Dorylaion,Specifies presence,J 1116,Editor,,"""the sun was now returning from its large circuits, and as the autumn equinox was passed"""
Alexios,1,444076,Polybotos,,,Anna Komnene,471.46,"Polybotos: wanted to go on to Ikonion, via Polybotos",Does not specify presence,,,,
Alexios,1,444099,Ikonion,https://pleiades.stoa.org/places/648647,,Anna Komnene,471.57,"Ikonion: asked God to choose the goal of his campaign, between Philomelion and Ikonion",Does not specify presence,,,,
Alexios,1,444100,Philomelion (Asia Minor),https://pleiades.stoa.org/places/609501,,Anna Komnene,471.57,"Philomelion (Asia Minor): asked God to choose the goal of his campaign, between Ikonion and Philomelion",Does not specify presence,,,,
Alexios,1,444121,Mesanakta (Phrygia),,,Anna Komnene,473.22,Mesanakta (Phrygia): took Mesanakta (just before capturing Philomelion),Specifies presence,,,,
Alexios,1,444122,Philomelion (Asia Minor),https://pleiades.stoa.org/places/609501,,Anna Komnene,473.23,Philomelion (Asia Minor): stormed Philomelion,Specifies presence,,,,
Alexios,1,444183,Philomelion (Asia Minor),https://pleiades.stoa.org/places/609501,,Anna Komnene,481.92,Philomelion (Asia Minor): conducted his army and many non-combatants past Philomelion,Specifies presence,,,,
Alexios,1,444184,Damalis,https://pleiades.stoa.org/places/521001,,Anna Komnene,481.18,Damalis: kept his arrival at Damalis free from all ceremonies,Specifies presence,,,,
Alexios,1,444188,Constantinople: Hagios Paulos,,,Anna Komnene,482.33,Constantinople: Hagios Paulos: built the Orphanotropheion near Hagios Paulos,Specifies presence,,,,
Alexios,1,444240,Constantinople: Hippodrome,https://pleiades.stoa.org/places/773739435,,Anna Komnene,491.30,Constantinople: Hippodrome: burned <Basileios 179> on a pyre built in a huge trench in the hippodrome,Does not specify presence,,,,It is not clear whether the emperor attended the burning pile.
Alexios,11,234430,Constantinople: Hagia Sophia,https://pleiades.stoa.org/places/307220778,,Attaleiates: History,15.20-21 / 12.24-25,Constantinople: Hagia Sophia: was brought out by the crowds (protesting against <Zoe 1>'s banishment) from  Hagia Sophia,Specifies presence,,,,
Alexios,1,234754,Amaseia,https://pleiades.stoa.org/places/857018,,Attaleiates: History,199.14 / 147.3,Amaseia: arrived and awaited further developments at Amaseia,Specifies presence,J 1075-1076,Other,"K&K, n. 242.",
Alexios,1,234759,Amaseia,https://pleiades.stoa.org/places/857018,,Attaleiates: History,206.13 / 151.23,Amaseia: strived to purchase <Roussel 61> from the Turks while at the kastron of Amaseia,Specifies presence,,,,"K&K suggest that Alexios was 18 years old here and that therefore this happened in 1075 or 1076, n. 242."
Alexios,1,234792,Sely(m)bria (Thrace),https://pleiades.stoa.org/places/511414,,Attaleiates: History,250.20 / 181.5,Sely(m)bria (Thrace): retreated hastily to Constantinople with his troops from Sely(m)bria (Thrace),Specifies presence,,,,"Actually PBW is wrong, Selymbria is not mentioned here in the context of Alexios' troups, but as a place where Alexios was *present at* the moment when he decided to move to Constantinople."
Alexios,1,234847,Armeniakon,,,Attaleiates: History,288.23 / 206.24,Armeniakon: captured <Roussel 61> in the theme of Armeniakon,Specifies presence,,,,
Alexios,1,234848,Kalabrye (Thrace),,https://www.geonames.org/737444,Attaleiates: History,289.9 / 207.4,Kalabrye (Thrace): was informed of <Nikephoros 62>'s approach while resting at a place called Kalabrye (Thrace),Specifies presence,,,,
Alexios,1,234856,Thessalonike,https://pleiades.stoa.org/places/491741,,Attaleiates: History,299.13-14 / 214.9,"Thessalonike: pitched his camp on the other side of the river Vardar, at a distance from Thessalonike",Specifies presence near,,,,
Alexios,1,234857,Vardar,https://pleiades.stoa.org/places/491534,,Attaleiates: History,299.15-16 / 214.10,"Vardar: pitched his camp at a distance from Thessalonike, on the other side of the river called  Vardar",Specifies presence near,,,,
Alexios,1,234854,Thessalonike,https://pleiades.stoa.org/places/491741,,Attaleiates: History,299.8 / 214.4,Thessalonike: was sent against <Nikephoros 61> and marched towards Thessalonike,Does not specify presence,,,,
Alexios,1,234855,Peritheorion (Thrace),https://pleiades.stoa.org/places/501348,,Attaleiates: History,299.8-9 / 214.5,Peritheorion (Thrace): captured the garrison of Basilakes (<Nikephoros 61>) at Peritheorion (Thrace),Specifies presence,,,,
Alexios,1,234859,Thessalonike: Acropolis,https://pleiades.stoa.org/places/491741,,Attaleiates: History,300.7 / 214.21,Thessalonike: Acropolis: ordered his men to capture the  Acropolis,Does not specify presence,,,,
Alexios,1,376226,Athos: Docheiariou,https://pleiades.stoa.org/places/501365,https://www.geonames.org/736414,Docheiariou,58.8,"Athos, Mount: Docheiariou: confirmed its estates to the monastery of  Docheiariou",Does not specify presence,,,,
Alexios,1,376248,Bryai (Chalkidike),,,Docheiariou,83.9,Bryai (Chalkidike): confirmed the donation by <Nikephoros 115> to <Samuel 109> of the proasteion of Rouseou at Bryai (Chalkidike),Does not specify presence,,,,
Alexios,1,253983,Kristobitza (Macedonia),,,Eleousa: Acts,27.14-15,Kristobitza (Macedonia): granted 500 modioi of land to the monastery of the Theotokos Eleousa at Kristobitza (Macedonia),Does not specify presence,,,,
Alexios,1,253984,Veljusa (Macedonia),,https://www.geonames.org/784505,Eleousa: Acts,26.10,Veljusa (Macedonia): granted a chrysobull to the monastery of the Theotokos at Veljusa (Macedonia),Does not specify presence,,,,
Alexios,1,253988,Veljusa (Macedonia),,https://www.geonames.org/784505,Eleousa: Acts,34.20-21,Veljusa (Macedonia): stopped to pray at the monastery of the Theotokos at Veljusa (Macedonia),Does not specify presence,,,,
Alexios,1,253989,Stroumitza (Macedonia),,https://www.geonames.org/785380,Eleousa: Acts,34.18,Stroumitza (Macedonia): campaigned against the Serbs and marched through the theme of Stroumitza (Macedonia),Specifies presence,,,,
Alexios,1,227427,Thessalonike,https://pleiades.stoa.org/places/491741,,Glykas,617.12,Thessalonike: engaged in battle with Basilakes (<Nikephoros 61>) near Thessalonike,Specifies presence near,,,,
Alexios,1,227433,Dyrrachion,https://pleiades.stoa.org/places/573193,,Glykas,619.13,Dyrrachion: campaigned against <Robert 61> and was vanquished at Dyrrachion,Specifies presence / Specifies presence near,,,,
Alexios,1,227439,Nicaea,https://pleiades.stoa.org/places/511268,,Glykas,621.12,Nicaea: was handed back by the Franks (Crusaders) Nicaea,Does not specify presence,,,,
Alexios,1,227441,Constantinople: Hagios Paulos,,,Glykas,621.19,Constantinople: Hagios Paulos: restored the orphanage of  Hagios Paulos,Does not specify presence,,,,
Alexios,1,227445,Philippopolis,https://pleiades.stoa.org/places/216927,,Glykas,623.15,Philippopolis: spent the whole of spring and summer dealing with the Paulicians at Philippopolis,Specifies presence,,,,
Alexios,1,227446,Constantinople: Mangana,,,Glykas,625.19,Constantinople: Mangana: was moved but died at the palace of  Mangana,Specifies presence,,,,
Alexios,1,355775,Constantinople: Embolos,,,Kinnamos,281.3,Constantinople: Embolos: in return for services rendered gave to the Venetians the  Embolon,Specifies presence,,,,
Alexios,1,228429,Lakedaimonia,,,Kleinchroniken,227.2,Lakedaimonia: elevated to metropolitan status the bishop of Lakedaimonia,Dignity,,,,
Alexios,1,228441,Constantinople: Great Palace,,,Kleinchroniken,171.1,Constantinople: Great Palace: entered and was proclaimed in the  Great Palace,Specifies presence,,,,
Alexios,11,228408,Constantinople: Hagia Sophia,https://pleiades.stoa.org/places/307220778,,Kleinchroniken,166.12,Constantinople: Hagia Sophia: sought refuge from the angry mob in the sanctuary of  Hagia Sophia,Specifies presence,,,,
Alexios,11,228409,Constantinople: Hagia Sophia,https://pleiades.stoa.org/places/307220778,,Kleinchroniken,166.12,Constantinople: Hagia Sophia: crowned <Theodora 1> in  Hagia Sophia,Specifies presence,,,,
Alexios,1,255165,Constantinople: Great Palace,,,Kyrillos Phileotes,232,Constantinople: Great Palace: returned from the monastery of <Kyrillos 106> to the  Great Palace,Specifies presence,,,,
Alexios,1,255170,Derkos (Thrace): Christ Saviour,,,Kyrillos Phileotes,232,Derkos (Thrace): Christ Saviour: granted a chrysobull and one pound of gold to the monastery of  Christ Saviour,Does not specify presence,,,,
Alexios,1,255172,Derkos (Thrace): Christ Saviour,,,Kyrillos Phileotes,244,Derkos (Thrace): Christ Saviour: ordered the rebuilding of the delapidated church at the monastery of  Christ Saviour,Does not specify presence,,,,
Alexios,1,339739,Athos: Amalphenon,https://pleiades.stoa.org/places/501365,,Lavra,239.38,Athos: Amalphenon: issued a chrysobull for the monastery of  Amalphenon,Does not specify presence,,,,
Alexios,1,339742,Mesolimna (near Thessalonike),,,Lavra,"246.7, 262.38",Mesolimna (near Thessalonike): granted to <Leon 177> the proasteion of Mesolimna (near Thessalonike),Does not specify presence,,,,
Alexios,1,339750,Mesolimna (near Thessalonike),,,Lavra,"247.28, 262.38",Mesolimna (near Thessalonike): confirmed to <Leon 177> in a chrysobull full possession of the estate of Mesolimna (near Thessalonike),Does not specify presence,,,,
Alexios,1,339752,Kassandra (Chalkidike),,,Lavra,250.12,Kassandra (Chalkidike): granted to his brother <Adrianos 102> the revenues of the peninsula of Kassandra (Chalkidike),Does not specify presence,,,,
Alexios,1,339769,Chostiane (Moglena),,,Lavra,"258.14, 262.28",Chostiane (Moglena): confirmed to <Leon 177> in a chrysobull the chorion of Chostiane (Moglena),Does not specify presence,,,,
Alexios,1,339771,Ano (Macedonia),,,Lavra,262.20,Ano (Macedonia): granted to <Leon 177> the proasteion of Ano (Macedonia),Does not specify presence,,,,
Alexios,1,339781,Ano (Macedonia),,,Lavra,262.57,"Ano (Macedonia): confirmed by chrysobull to the children of <Leon 177> Kephalas (<Anonymi 177>, <Nikephoros 160>) the proasteion of Ano (Macedonia)",Does not specify presence,,,,
Alexios,1,339782,Chostiane (Moglena),,,Lavra,262.57,"Chostiane (Moglena): confirmed by chrysobull to the children of <Leon 177> Kephalas (<Anonymi 177>, <Nikephoros 160>) the chorion of Chostiane (Moglena)",Does not specify presence,,,,
Alexios,1,339783,Mesolimna (near Thessalonike),,,Lavra,262.57,"Mesolimna (near Thessalonike): confirmed by chrysobull to the children of <Leon 177> Kephalas (<Anonymi 177>, <Nikephoros 160>) the proasteion of Mesolimna (near Thessalonike)",Does not specify presence,,,,
Alexios,1,339784,Ta Adrinou (Thrace),,,Lavra,262.56-57,"Ta Adrinou (Thrace): confirmed by chrysobull to the children of <Leon 177> Kephalas (<Anonymi 177>, <Nikephoros 160>) the klasma of 334 modioi at Ta Adrinou (Thrace)",Does not specify presence,,,,
Alexios,1,339829,Barzachanion (Thrace?),,,Lavra,292.12,Barzachanion (Thrace?): returned to the monks of Lavra their proasteion of Barzachanion (Thrace?),Does not specify presence,,,,
Alexios,1,339830,Barzachanion (Thrace?),,,Lavra,293..24,Barzachanion (Thrace?): ordered <Konstantinos 240> to prepare a praktikon and transfer (from Lavra) to the orphanotropheion the proasteion of Barzachanion (Thrace?),Does not specify presence,,,,
Alexios,1,339870,Peristerai (Chalkidike),,,Lavra,304.84,Peristerai (Chalkidike): exempted Lavra from all fiscal obligations on its former proasteion of Peristerai (Chalkidike),Does not specify presence,,,,
Alexios,1,339871,Tzechlianes (Chalkidike),,,Lavra,304.84,Tzechlianes (Chalkidike): exempted Lavra from all fiscal obligations on its former proasteion of Tzechlianes (Chalkidike),Does not specify presence,,,,
Alexios,1,435719,Constantinople: Mangana,,,"Niketas Choniates, Historia",6.29-31,Constantinople: Mangana: played out his death-scene in the luxurious apartments of the Mangana,Specifies presence,,,,
Alexios,1,279502,Patmos,https://pleiades.stoa.org/places/599872,,Patmos: Acts,"2.38.378, 77.3",Patmos: granted to <Christodoulos 101> the entire island of Patmos,Does not specify presence,,,,
Alexios,1,279510,Leros (Aegean),https://pleiades.stoa.org/places/599764,,Patmos: Acts,2.51.8,Leros (Aegean): granted to <Christodoulos 101> properties on the island of Leros (Aegean),Dignity,,,,
Alexios,1,279512,Pantelion (Leros),,https://www.geonames.org/255874,Patmos: Acts,"1.45.47-48, 2.51.6",Pantelion (Leros): granted to <Christodoulos 101> half of the kastron of Pantelion (Leros),Dignity,,,,
Alexios,1,279514,Temenia (Leros),,,Patmos: Acts,"1.45.47, 2.51.7",Temenia (Leros): granted to <Christodoulos 101> the proasteion of Temenia (Leros),Dignity,,,,
Alexios,1,279515,Parthenion (Leros),,https://www.geonames.org/255718,Patmos: Acts,"1.45.47, 2.51.7",Parthenion (Leros): granted to <Christodoulos 101> the proasteion of Parthenion (Leros),Dignity,,,,
Alexios,1,279546,Patmos,https://pleiades.stoa.org/places/599872,,Patmos: Acts,2.77.3,Patmos: exempted from the strateia the epoikoi of Patmos,Does not specify presence,,,,
Alexios,1,279549,Patmos: Theologos,,,Patmos: Acts,"2.91.1, 116.17",Patmos: Theologos: granted an exkousseia on 3 ships belonging to the monastery of  Theologos,Dignity,,,,
Alexios,1,279593,Kos,https://pleiades.stoa.org/places/599581,,Patmos: Acts,1.33.14,Kos: confirmed a chrysobull of <Nikephoros 3> granting to <Christodoulos 101> and his monks 2 properties on Kos,Dignity,,,,
Alexios,1,279596,Constantinople: Pantepoptes (monastery),,,Patmos: Acts,1.44.16,"Constantinople: Pantepoptes (monastery): granted the islands of Leros, Leipsos and Pharmakos to the monastery of  Pantepoptes",Dignity,,,,
Alexios,1,279597,Leros (Aegean),https://pleiades.stoa.org/places/599764,,Patmos: Acts,1.44.15,Leros (Aegean): granted to the monastery of Pantepoptes the island of Leros (Aegean),Dignity,,,,
Alexios,1,279598,Leipsos (Aegean),,https://www.geonames.org/258260,Patmos: Acts,1.44.16,Leipsos (Aegean): granted to the monastery of Pantepoptes the island of Leipsos (Aegean),Dignity,,,,
Alexios,1,279599,Pharmakos (Aegean),https://pleiades.stoa.org/places/599880,,Patmos: Acts,1.44.16,Pharmakos (Aegean): granted to the monastery of Pantepoptes the island of Pharmakos (Aegean),Dignity,,,,
Alexios,1,279600,Leros (Aegean),https://pleiades.stoa.org/places/599764,,Patmos: Acts,1.44.18,Leros (Aegean): granted to the sekreton of the Myrelaion the island of Leros (Aegean),Dignity,,,,
Alexios,1,279601,Leipsos (Aegean),,https://www.geonames.org/258260,Patmos: Acts,1.44.18,Leipsos (Aegean): granted to the sekreton of the Myrelaion the island of Leipsos (Aegean),Dignity,,,,
Alexios,1,279602,Pharmakos (Aegean),https://pleiades.stoa.org/places/599880,,Patmos: Acts,1.44.18,Pharmakos (Aegean): granted to the sekreton of the Myrelaion the island of Pharmakos (Aegean),Dignity,,,,
Alexios,1,279603,Constantinople: Pantepoptes (monastery),,,Patmos: Acts,1.44.20,Constantinople: Pantepoptes (monastery): granted a property of the sekreton of the Myrelaion to the monastery of the Saviour  Pantepoptes,Dignity,,,,
Alexios,1,279612,Leipsos (Aegean),,https://www.geonames.org/258260,Patmos: Acts,1.45.46,Leipsos (Aegean): granted to <Christodoulos 101> the entire island of Leipsos (Aegean),Does not specify presence,,,,
Alexios,1,279615,Patmos,https://pleiades.stoa.org/places/599872,,Patmos: Acts,1.59,Patmos: was requested by <Christodoulos 101> and granted to him the island of Patmos,Does not specify presence,,,,
Alexios,1,279616,Leipsos (Aegean),,https://www.geonames.org/258260,Patmos: Acts,1..61.20,Leipsos (Aegean): allowed <Christodoulos 101> to keep the island of Leipsos (Aegean),Does not specify presence,,,,
Alexios,1,279617,Leros (Aegean),https://pleiades.stoa.org/places/599764,,Patmos: Acts,1.61.20,Leros (Aegean): allowed <Christodoulos 101> to keep his properties on the island of Leros (Aegean),Does not specify presence,,,,
Alexios,1,341858,Kos,https://pleiades.stoa.org/places/599581,,Patmos: Codicil,87,Kos: was to be appealed to by <Theodosios 14102> about the monastery on Kos,Does not specify presence,J 1093 [TAQ],Aleksandar,,"This document was produced in 1093, March 10 and 15."
Alexios,1,341877,Patmos,https://pleiades.stoa.org/places/599872,,Patmos: Codicil,88,Patmos: gave to <Christodoulos 101> the island of Patmos,Does not specify presence,J 1093 [TAQ],Aleksandar,,"This document was produced in 1093, March 10 and 15."
Alexios,1,341878,Kos,https://pleiades.stoa.org/places/599581,,Patmos: Codicil,88,Kos: gave Patmos to <Christodoulos 101> in exchange for the monastery and its estates on Kos,Does not specify presence,J 1093 [TAQ],Aleksandar,,"This document was produced in 1093, March 10 and 15."
Alexios,1,341884,Kos,https://pleiades.stoa.org/places/599581,,Patmos: Codicil,88,Kos: was asked by <Christodoulos 101> to return the monastery of the Mother of God on Kos,Does not specify presence,J 1093 [TAQ],Aleksandar,,"This document was produced in 1093, March 10 and 15."
Alexios,1,341886,Kos,https://pleiades.stoa.org/places/599581,,Patmos: Codicil,88,"Kos: was asked by <Christodoulos 101> to return Kastrianou, Pelion and its estates on  Kos",Does not specify presence,J 1093 [TAQ],Aleksandar,,"This document was produced in 1093, March 10 and 15."
Alexios,1,341888,Kos,https://pleiades.stoa.org/places/599581,,Patmos: Codicil,88,Kos: was asked by <Christodoulos 101> to return <Konstantinos 224>'s two estates on Kos,Does not specify presence,J 1093 [TAQ],Aleksandar,,"This document was produced in 1093, March 10 and 15."
Alexios,1,341890,Kos,https://pleiades.stoa.org/places/599581,,Patmos: Codicil,88,Kos: was asked by <Christodoulos 101> to return property near the monastery gifted by <Anonymus 14153> on Kos,Does not specify presence,J 1093 [TAQ],Aleksandar,,"This document was produced in 1093, March 10 and 15."
Alexios,1,341892,Kos,https://pleiades.stoa.org/places/599581,,Patmos: Codicil,88,Kos: was asked by <Christodoulos 101> to return Chardamion and other property near the monastery on Kos,Does not specify presence,J 1093 [TAQ],Aleksandar,,"This document was produced in 1093, March 10 and 15."
Alexios,1,341894,Kos,https://pleiades.stoa.org/places/599581,,Patmos: Codicil,88,Kos: was asked by <Christodoulos 101> to return the smallholding called Kommation on Kos,Does not specify presence,J 1093 [TAQ],Aleksandar,,"This document was produced in 1093, March 10 and 15."
Alexios,1,341896,Kos,https://pleiades.stoa.org/places/599581,,Patmos: Codicil,88,Kos: was asked by <Christodoulos 101> to return land bought from Bergotos (<Anonymus 14154>) and at Peripatou on Kos,Does not specify presence,J 1093 [TAQ],Aleksandar,,"This document was produced in 1093, March 10 and 15."
Alexios,1,341905,Kos: Pelion,,,Patmos: Codicil,89,Kos: Pelion: was condemned by <Christodoulos 101> at judgement day if he refused to return the monastery on  Pelion,Does not specify presence,J 1093 [TAQ],Aleksandar,,"This document was produced in 1093, March 10 and 15."
Alexios,1,341764,Patmos,https://pleiades.stoa.org/places/599872,,Patmos: Testament,81,Patmos: grantedby imperial chrysobull to <Christodoulos 101> full ownership of  Patmos,Does not specify presence,J 1093 [TAQ],Aleksandar,,"This document was produced in 1093, March 10 and 15."
Alexios,1,341765,Leipsos (Aegean),,https://www.geonames.org/258260,Patmos: Testament,81,Leipsos (Aegean): granted by imperial chrysobull to <Christodoulos 101> full ownership of  Leipsos (Aegean),Does not specify presence,J 1093 [TAQ],Aleksandar,,"This document was produced in 1093, March 10 and 15."
Alexios,1,341766,Parthenion (Leros),,https://www.geonames.org/255718,Patmos: Testament,81,Parthenion (Leros): granted by imperial chrysobull to <Christodoulos 101> full ownership of the estate of Parthenion (Leros),Does not specify presence,J 1093 [TAQ],Aleksandar,,"This document was produced in 1093, March 10 and 15."
Alexios,1,341911,Temenia (Leros),,,Patmos: Testament,81,Temenia (Leros): granted by imperial chrysobull to <Christodoulos 101> full ownership of the estate of Temenia (Leros),Does not specify presence,J 1093 [TAQ],Aleksandar,,"This document was produced in 1093, March 10 and 15."
Alexios,1,341721,Kos: Kellia and Zagora,,,Patmos: Typikon,64,Kos: Kellia and Zagora: begged <Christodoulos 101> to accept the government of  Kellia and Zagora,Does not specify presence,J 1091 [TAQ],Aleksandar,,This document was produced in May 1091.
Alexios,1,341724,Patmos,https://pleiades.stoa.org/places/599872,,Patmos: Typikon,65,Patmos: was begged by <Christodoulos 101> to grant his wish about Patmos,Does not specify presence,J 1091 [TAQ],Aleksandar,,This document was produced in May 1091.
Alexios,1,417081,West,,,Seals,,West: was megas domestikos of the West,Dignity,,,,
Alexios,1,417082,West,,,Seals,,West: was megas domestikos of the West,Dignity,,,,
Alexios,1,376439,Chrysopolis (Macedonia),,,Vatopedi,117.16,Chrysopolis: granted a tax exemption to Vatopedi on its rented buildings and bath in the kastron of Chrysopolis,Does not specify presence,,,,
Alexios,1,371011,Vardar,https://pleiades.stoa.org/places/491534,,William of Tyre,"bk. 2, 13.32",Vardar: told his captains to harrass <Baldwin 51> as far as river Vardar,Does not specify presence,,,,
Alexios,1,376078,Athos: Xenophontos,https://pleiades.stoa.org/places/501365,https://www.geonames.org/733836,Xenophontos,71.61-62,"Athos, Mount: Xenophontos: ordered <Paulos 105> to allow Stephanos (<Symeon 130>) back to his monastery of  Xenophontos",Does not specify presence,,,,
Alexios,1,376098,Athos: Phalakrou,https://pleiades.stoa.org/places/501365,,Xenophontos,73138,"Athos, Mount: Phalakrou: ordered <Paulos 105> to grant to Xenophontos the monastery of Monoxylitou as a metochion in exchange for that of  Phalakrou",Does not specify presence,,,,
Alexios,1,376099,Athos: Monoxylitou,https://pleiades.stoa.org/places/501365,,Xenophontos,73141,Athos: Monoxylitou: ordered <Paulos 105> to grant to Xenophontos in exchange for the metochion of Phalakrou that of  Monoxylitou,Does not specify presence,,,,
Alexios,1,376132,Athos: Xenophontos,https://pleiades.stoa.org/places/501365,https://www.geonames.org/733836,Xenophontos,78.21,"Athos, Mount: Xenophontos: confirmed by chrysobull 1500 modioi of land to the monastery of  Xenophontos",Does not specify presence,,,,
Alexios,11,246878,Constantinople: Stoudios,,,Zonaras,17.9.35,Constantinople: Stoudios: had charge of the  Stoudios (monastery) ,Dignity,,,,
Alexios,1,247095,Amaseia,https://pleiades.stoa.org/places/857018,,Zonaras,18.16.32,Amaseia: coming to Amaseia,Specifies presence,,,,
Alexios,1,247145,Thessalonike,https://pleiades.stoa.org/places/491741,,Zonaras,18.19.19,Thessalonike: came to Thessalonike,Specifies presence,,,,
Alexios,1,247137,Kalabrye (Thrace),,https://www.geonames.org/737444,Zonaras,18.19.6,Kalabrye (Thrace): met with <Nikephoros 62> at Kalabrye (Thrace),Specifies presence,,,,
Alexios,1,,,,,Zonaras,18.19.6,Constantinople: led <Nikephoros 62> blind to Constantinople,Specifies presence,,,,
Alexios,1,247155,Constantinople: Forum Tauri,,,Zonaras,18.20.17,Constantinople: Forum Tauri: advanced as far as the Forum Tauri,Specifies presence,,,,
Alexios,1,247160,Constantinople: Great Palace,,,Zonaras,18.20.21,Constantinople: Great Palace: approached and entered the  palace,Specifies presence,,,,
Alexios,1,247151,Adrianople (Thrace),https://pleiades.stoa.org/places/5014275,,Zonaras,18.20.3,Adrianople (Thrace): seized Adrianople (Thrace),Specifies presence,,,,
Alexios,1,,,,,Zonaras,18.20.3,Constantinople: left Constantinople,Specifies presence,,,,
Alexios,1,,,,,Zonaras,18.20.5,Constantinople: came to and prepared for siege of Constantinople,Specifies presence near,,,,
Alexios,1,,,,,Zonaras,18.22.11,Constantinople: returned to Constantinople,Specifies presence,,,,
Alexios,1,247183,Dyrrachion,https://pleiades.stoa.org/places/573193,,Zonaras,18.22.2,Dyrrachion: came to Dyrrachion,Specifies presence,,,,
Alexios,1,,,,,Zonaras,18.22.4,Constantinople: returned to Constantinople,Specifies presence,,,,
Alexios,1,247185,Kastoria (Macedonia),,https://www.geonames.org/735927,Zonaras,18.22.5,Kastoria (Macedonia): drove the barbarians away from Kastoria (Macedonia),Specifies presence / Specifies presence near,,,,
Alexios,1,247196,Nicaea,https://pleiades.stoa.org/places/511268,,Zonaras,18.23.16-17,Nicaea: received from the Franks Nicaea,Does not specify presence,,,,
Alexios,1,247195,Moglena (Macedonia),,,Zonaras,18.23.6,Moglena (Macedonia): settled Pechengs in the theme of Moglena (Macedonia),Specifies presence,,,,
Alexios,1,247201,Constantinople: Hagios Paulos,,,Zonaras,18.24.1,"Constantinople: Hagios Paulos: assigned properties to, renewed and restored, and installed the elderly in the orphanage of Hagios Paulos",Does not specify presence,,,,
Alexios,1,247210,Constantinople: Agora (Forum of Constantine?),,,Zonaras,18.25.12,Constantinople: Agora: crossed on horseback the Agora,Specifies presence,,,,
Alexios,1,247207,Thessalonike,https://pleiades.stoa.org/places/491741,,Zonaras,18.25.6,Thessalonike: was residing in Thessalonike,Specifies presence,,,,
Alexios,1,247208,Koloneia (Albania),,https://www.geonames.org/782774,Zonaras,18.25.6,Koloneia (Albania): pitched camp at Koloneia (Albania),Specifies presence,,,,
Alexios,1,247212,Chersonesos (Thrace),https://pleiades.stoa.org/places/501386,,Zonaras,18.26.1,Chersonesos (Thrace): encamped at Chersonesos (Thrace),Specifies presence,,,,
Alexios,1,,,,,Zonaras,18.26.1,Constantinople: left Constantinople,Specifies presence,,,,
Alexios,1,247217,Philippopolis,https://pleiades.stoa.org/places/216927,,Zonaras,18.26.10,Philippopolis: came to Philippopolis,Specifies presence,,,,
Alexios,1,,,,,Zonaras,18.26.13,Constantinople: returned to Constantinople,Specifies presence,,,,
Alexios,1,,,,,Zonaras,18.26.4,Constantinople: reached  Constantinople,Specifies presence,,,,
Alexios,1,247215,Constantinople: Philopation,,,Zonaras,18.26.5,Constantinople: Philopation: spent his time at  Philopation,Specifies presence,,,,
Alexios,1,247216,"Papikion, Mount",,https://www.geonames.org/730946,Zonaras,18.26.9,"Papikion, Mount: pitched camp near the foothills of Papikion, Mount",Specifies presence near,,,,
Alousianos,101,227964,Thessalonike,https://pleiades.stoa.org/places/491741,,Kekaumenos,96.7,Thessalonike: attacked but failed to capture Thessalonike,Dignity,,,,
Alousianos,101,248466,Bulgaria,,,Psellos: Chronographia,IV 47.9-10,Bulgaria: came to Bulgaria,Specifies presence,,,,
Alousianos,101,,,,,Zonaras,17.17.22,Constantinople: was sentenced not to enter Constantinople,Does not specify presence,,,,
Alousianos,101,246938,Bulgaria,,,Zonaras,17.17.24,Bulgaria: arrived in Bulgaria,Specifies presence,,,,
Alp Arslan,51,234544,Asia,,,Attaleiates: History,104.11 / 79.11,Asia: sent troops divided in two to northern and southern upper Asia,Specifies presence,,,,Attaleiates says 'upper Asia' so stating only 'Asia' in PBW is incorrect.
Alp Arslan,51,234620,Persia,,,Attaleiates: History,142.3 / 106.14,Persia: was ruler of Persia,Dignity,,,,
Alp Arslan,51,234643,Mantzikert,,https://www.geonames.org/304916,Attaleiates: History,149.3 / 111.16,Mantzikert: captured and established a garrison at the Roman city of Mantzikert,Specifies presence,,,,"It's interesting that Attaleiates calles Alp Arslan ""the ruler of the Persians."""
Alp Arslan,51,234646,Persia,,,Attaleiates: History,150.19 / 112.21,Persia: was in a hurry to return from the region of Chliat back to Persia,Does not specify presence,,,,
Alp Arslan,51,234508,Ani,https://pleiades.stoa.org/places/874322,,Attaleiates: History,81.9 / 61.19,Ani: besieged the city of Ani,Specifies presence / Specifies presence near,J 1064,Other,"K&K, n. 144.",
Amer,102,246912,Egypt,,,Zonaras,17.15.1,Egypt: was ruler of Egypt,Dignity,,,,
Amertikes,101,234563,Hierapolis (Syria),https://pleiades.stoa.org/places/658480,,Attaleiates: History,108.17 / 82.15,Hierapolis (Syria): led the Turkish troops defending together with the Arabs Hierapolis (Syria),Specifies presence,,,,
Amertikes,101,234562,Persia,,,Attaleiates: History,109.2 / 82.21,Persia: boasted about his royal origins from Persia,Does not specify presence,,,,
Amertikes,101,234522,Cilicia,https://pleiades.stoa.org/places/981514,,Attaleiates: History,94.19 / 71.21,Cilicia: was sent as a Roman ally against the Huns (Turks) to Cilicia,Specifies presence,,,,
Amertikes,101,234524,Antioch (on the Orontes),https://pleiades.stoa.org/places/658381,,Attaleiates: History,95.10 / 72.8,Antioch (on the Orontes): plundered the city and region of Antioch (on the Orontes),Specifies presence / Specifies presence near,,,,
Anastasios,105,224991,Melitene,https://pleiades.stoa.org/places/629039,,Chrysobull of 1079,31.9,Melitene: was metropolitan of Melitene,Dignity,,,,
Anastasios,101,227348,Constantinople: Forum of Constantine,,,Glykas,591.1,Constantinople: Forum of Constantine: read out a declaration by the emperor (<Michael 5>) in the forum of  Constantine,Specifies presence,,,,
Andreas,106,226014,Cherson,https://pleiades.stoa.org/places/226564,,Alexios Stoudites,Rhalles-Potles 5.32,Cherson: was archbishop of Cherson,Dignity,,,,
Andronikos,105,225983,Rhoina,,https://www.geonames.org/300197,Alexios Stoudites,27.14,Rhoina: was archbishop of Rhoina,Dignity,,,,
Andronikos,106,225991,Berino(u)polis,,,Alexios Stoudites,27.20,Berino(u)polis: was bishop of Berino(u)polis,Dignity,,,,
Andronikos,62,234535,Constantinople: Hagia Sophia,https://pleiades.stoa.org/places/307220778,,Attaleiates: History,100.2-3 / 75.15-16,Constantinople: Hagia Sophia: joined his mother in a customary imperial procession to the great temple of  Hagia Sophia,Specifies presence,,,,
Andronikos,62,234550,Sebasteia (Cappadocia),https://pleiades.stoa.org/places/629075,,Attaleiates: History,105.22-23 / 80.13,Sebasteia (Cappadocia): was ordered by his step-father <Romanos 4> to enter Sebasteia (Cappadocia),Specifies presence near,"J 1068, October [TAQ]",Editor,,"Pérez Martín's edition, p. 282, n. 32."
Andronikos,61,234669,Constantinople: Great Palace,,,Attaleiates: History,168.21 / 125.9,Constantinople: Great Palace: was summoned by the augousta (<Eudokia 1>) but removed her from power when he arrived at the  Great Palace,Specifies presence,,,,
Andronikos,61,234672,"Constantinople: Great Palace, Chrysotriklinos",,,Attaleiates: History,169.1 / 125.12,"Constantinople: Great Palace, Chrysotriklinos: placed <Michael 7> on the imperial throne in the  Great Palace, Chrysotriklinos",Specifies presence,,,,
Andronikos,61,234677,"Piperoudion (Kyperoudes, on Bosporos)",,,Attaleiates: History,169.7 / 125.17,"Piperoudion (Kyperoudes, on Bosporos): banished <Eudokia 1> to the monastery of Piperoudion (Kyperoudes, on Bosporos)",Does not specify presence,,,,
Andronikos,61,234695,Cilicia,https://pleiades.stoa.org/places/981514,,Attaleiates: History,173.21-22 / 128.21,Cilicia: assembled his army and marched against <Romanos 4> into Cilicia,Does not specify presence,"J 1072, May-June",Other,"K&K, n. 222","At this point, Andronikos is not in Cilicia yet."
Andronikos,61,234696,Podandos (Cappadocia),https://pleiades.stoa.org/places/648742,,Attaleiates: History,173.23 / 128.22-23,"Podandos (Cappadocia): entered Cilicia through Isauria, and not by the usual route through the kleisoura of Podandos (Cappadocia)",Does not specify presence,"J 1072, May-June",Other,"K&K, n. 222",
Andronikos,61,234697,Isauria,https://pleiades.stoa.org/places/991404,,Attaleiates: History,173.23 / 128.23,"Isauria: did not enter Cilicia by the usual route through the kleisoura of Podandos, but went through Isauria",Specifies presence,"J 1072, May-June",Other,"K&K, n. 222",
Andronikos,61,234699,Adana,https://pleiades.stoa.org/places/648548,,Attaleiates: History,174.18 / 129.10,Adana: besieged <Romanos 4> and his army in the kaston of Adana,Specifies presence near,"J 1072, May-June",Other,"K&K, n. 222",
Andronikos,61,234698,Cilicia,https://pleiades.stoa.org/places/981514,,Attaleiates: History,174.2-4 / 128.25,Cilicia: crossed the difficult mountain passes from Isauria into Cilicia,Specifies presence,"J 1072, May-June",Other,"K&K, n. 222",
Andronikos,61,227408,Adana,https://pleiades.stoa.org/places/648548,,Glykas,612.9,Adana: besieged Adana,Specifies presence near,,,,
Andronikos,103,228030,Peteriskos (Bulgaria),,https://www.geonames.org/734679,Kekaumenos,218.19,Peteriskos (Bulgaria): was joined by Nikoulitzas (<Nikoulitzas 101>) while at Peteriskos (Bulgaria),Specifies presence,,,,
Andronikos,103,228031,Bulgaria,,,Kekaumenos,218.17,Bulgaria: served as katepano of Bulgaria,Dignity,,,,
Andronikos,104,339706,Thessalonike,https://pleiades.stoa.org/places/491741,,Lavra,223.2,"Thessalonike: was krites of Bolereon, Strymon and Thessalonike",Dignity,,,,
Andronikos,104,339707,Boleron,,,Lavra,223.2,"Boleron: was krites of Strymon, Thessalonike and Boleron",Dignity,,,,
Andronikos,104,339708,Strymon,https://pleiades.stoa.org/places/501629,,Lavra,223.2,"Strymon: was krites of Bolereon, Thessalonike and Strymon",Dignity,,,,
Andronikos,61,279439,Alopekes (Meander valley),,,Patmos: Acts,2.7.71,Alopekes (Meander valley): was granted properties by the emperor (<Michael 7>) in the episkepsis of Alopekes (Meander valley),Does not specify presence,"J 1073, February-March",Editor,,"February/March 1073, says Dölger, see the edition, p. 7, n. 1."
Andronikos,61,279440,Miletos,https://pleiades.stoa.org/places/599799,,Patmos: Acts,2.8.82,Miletos: was granted properties by the emperor (<Michael 7>) in the episkepsis of Miletos,Does not specify presence,"J 1073, February-March",Editor,,"February/March 1073, says Dölger, see the edition, p. 7, n. 1."
Andronikos,61,417052,Orient,,,Seals,,Orient: was domestikos of the scholai of Orient,Dignity,,,,
Andronikos,61,418244,Orient,,,Seals,,Orient: was domestikos of the scholai of Orient,Dignity,,,,
Andronikos,61,247080,Cilicia,https://pleiades.stoa.org/places/981514,,Zonaras,18.15.13,Cilicia: reached Cilicia,Specifies presence,,,,
Andronikos,61,247082,Adana,https://pleiades.stoa.org/places/648548,,Zonaras,18.15.14,Adana: surrounded and besieged Adana,Specifies presence,,,,
Andronikos,61,247083,Kotyaion (Phrygia),https://pleiades.stoa.org/places/609444,,Zonaras,18.15.17,Kotyaion (Phrygia): came to and waited at Kotyaion (Phrygia),Specifies presence,,,,
Anna,61,372991,Constantinople: Forum of Constantine,,,Anna Komnene,66.31,Constantinople: Constantine: met with the other Komnenoi before cock-crow at the forum of  Constantine,Specifies presence,,,,
Anna,61,372992,Constantinople: Hagioi Tessarakonta,,,Anna Komnene,66.36-37,Constantinople: Hagioi Tessarakonta: she and the other Komnenian women were found by the tutor (<Anonymus 15025>) on their way to Hagia Sophia near the church of the  Hagioi Tessarakonta,Specifies presence near,,,,
Anna,61,372993,Constantinople: Hagios Nikolaos,,,Anna Komnene,66.44,Constantinople: Hagios Nikolaos: sought refuge in the church of  Hagios Nikolaos,Specifies presence near,,,,"In this section, the women didn't enter the church which is clearly emphasized in the text, that the doorman didn't want to open the door for them, so this is NEAR the church."
Anna,61,372994,Constantinople: Petrion,,,Anna Komnene,68.8,Constantinople: Petrion: was guaranteed safety by <Nikephoros 3> and sent to the nunnery of  Petrion (near the Iron Gate),Does not specify presence,,,,At this moment in the text Anna is not present in the nunnery.
Anna,61,433128,"Constantinople: Blachernai, Hagia Thekla",,,Anna Komnene,106.17,"Constantinople: Blachernai, Hagia Thekla: used often to worship at Hagia Thekla",Specifies presence,,,,
Anna,63,432894,Constantinople: Kosmidion,,,Anna Komnene,69.29,Constantinople: Kosmidion: was found by the escaping Komnenians at Kosmidion,Specifies presence,,,,
Anna,63,372996,Constantinople: Boukoleon,,,Anna Komnene,89.66,Constantinople: Boukoleon: after the Komnenian revolt went to the palace of  Boukoleon,Specifies presence,,,,
Anna,102,226422,Cappadocia,,,Boilas,21.35,"Cappadocia: abandoned together with her husband and children (<Eustathios 105>, <Eirene 102>, <Maria 106>, <Romanos 106>) Cappadocia",Specifies presence,,,,
Anna,61,376224,Athos: Docheiariou,https://pleiades.stoa.org/places/501365,https://www.geonames.org/736414,Docheiariou,59.21,"Athos, Mount: Docheiariou: ordered <Niketas 159> to confirm its estates to the monastery of  Docheiariou",Does not specify presence,,,,
Anna,61,227442,Constantinople: Pantepoptes (monastery),,,Glykas,622.8,Constantinople: Pantepoptes (monastery): founded the monastery of  Pantepoptes,Specifies presence,,,,
Anna,61,227443,Constantinople: Pantepoptes (monastery),,,Glykas,622.8,Constantinople: Pantepoptes (monastery): left (the court) and resided at the monastery of  Pantepoptes,Specifies presence,,,,
Anna,61,279536,Pantelion (Leros),,https://www.geonames.org/255874,Patmos: Acts,2.58.157,Pantelion (Leros): granted to <Christodoulos 101> the other half of the kastron of Pantelion (Leros),Does not specify presence,,,,
Anna,61,279538,Lepida (Leros),,,Patmos: Acts,2.58.159,Lepida (Leros): granted to the epoikoi of Leros the kastron of Lepida (Leros),Does not specify presence,,,,
Anna,61,279604,Leros (Aegean),https://pleiades.stoa.org/places/599764,,Patmos: Acts,1.44.18,Leros (Aegean): suggested to <Alexios 1> to grant to the sekreton of the Myrelaion the island of Leros (Aegean),Does not specify presence,,,,
Anna,61,279605,Pharmakos (Aegean),https://pleiades.stoa.org/places/599880,,Patmos: Acts,1.44.18,Pharmakos (Aegean): suggested to <Alexios 1> to grant to the sekreton of the Myrelaion the island of Pharmakos (Aegean),Does not specify presence,,,,
Anna,61,279606,Leipsos (Aegean),,https://www.geonames.org/258260,Patmos: Acts,1.44.18,Leipsos (Aegean): suggested to <Alexios 1> to grant to the sekreton of the Myrelaion the island of Leipsos (Aegean),Does not specify presence,,,,
Anna,61,341725,Patmos,https://pleiades.stoa.org/places/599872,,Patmos: Typikon,65,Patmos: persuaded <Alexios 1> to grant <Christodoulos 101>'s wish about Patmos,Does not specify presence,J 1091 [TAQ],Aleksandar,,This document was produced in May 1091.
Anna,61,247162,Constantinople: Kanikleiou,,,Zonaras,18.21.1,Constantinople: Kanikleiou: was summoned from the monastery of Kanikleiou,Specifies presence,,,,
Anna,61,247165,Constantinople: Great Palace,,,Zonaras,18.21.1,Constantinople: Great Palace: was summoned to  Palace,Specifies presence,,,,
Anna,61,247168,Constantinople: Hagia Sophia,https://pleiades.stoa.org/places/307220778,,Zonaras,18.21.2,Constantinople: Hagia Sophia: took refuge in  Hagia Sophia,Specifies presence,,,,
Anna,61,247171,Constantinople: Kanikleiou,,,Zonaras,18.21.2-3,Constantinople: Kanikleiou: was transferred to the monastery of Kanikleiou,Specifies presence,,,,
Anna,61,247202,Constantinople: Great Palace,,,Zonaras,18.24.10,Constantinople: Great Palace: withdrew from  Palace,Specifies presence,,,,
Anna,61,247203,Constantinople: Pantepoptes (monastery),,,Zonaras,18.24.10,Constantinople: Pantepoptes (monastery): made her abode at the monastery of Pantepoptes,Specifies presence,,,,
Anonyma,162,254192,Mesokomion,,,Attaleiates: Diataxis,"43.429, 101.1340",Mesokomion: sold to <Michael 202> Attaleiates her estate at Mesokomion,Does not specify presence,,,,
Anonyma,103,234745,Metabole (Bithynia),,,Attaleiates: History,191.21 / 141.22,Metabole (Bithynia): was in the fort when her husband was captured near Metabole (Bithynia),Specifies presence,,,,
Anonyma,103,234752,Metabole (Bithynia),,,Attaleiates: History,198.21 / 146.16,Metabole (Bithynia): left together with her husband and children the fort at Metabole (Bithynia),Does not specify presence,,,,
Anonyma,105,234776,Raidestos (Thrace),https://pleiades.stoa.org/places/511187,,Attaleiates: History,244.19 / 177.4,Raidestos (Thrace): strived to become prominent at Raidestos (Thrace),Specifies presence,,,,
Anonyma,105,234777,Raidestos (Thrace),https://pleiades.stoa.org/places/511187,,Attaleiates: History,245.14 / 177.17,Raidestos (Thrace): sent armed men to guard the gates of Raidestos (Thrace),Specifies presence,,,,
Anonyma,125,226468,Cappadocia,,,Boilas,27232,Cappadocia: founded a church dedicated to St Modestos in Cappadocia,Does not specify presence,,,,
Anonyma,112,227335,Thrakesion,,,Glykas,586.19-20,Thrakesion: was forced to kill a Varangian (<Anonymus 153>) who attempted to rape her in Thrakesion,Specifies presence,,,,
Anonyma,123,228047,Constantinople: Praitorion,,,Kekaumenos,236.22-23,Constantinople: Praitorion: was imprisoned and died in the  Praitorion,Dignity,,,,
Anonyma,177,229661,Chios,https://pleiades.stoa.org/places/550497,,Lazaros of Galesion,533B,Chios: was a nun on Chios,Dignity,,,,
Anonyma,179,229688,Ephesos,https://pleiades.stoa.org/places/599612,,Lazaros of Galesion,538B,Ephesos: joined some poeple travelling to Ephesos,Specifies presence,,,,
Anonyma,179,229689,"Galesion, Mount",,https://www.geonames.org/308356,Lazaros of Galesion,538B,"Galesion, Mount: reached Galesion, Mount",Specifies presence,,,,
Anonyma,179,229690,Jerusalem,https://pleiades.stoa.org/places/687928,,Lazaros of Galesion,538B,Jerusalem: wished to travel to Jerusalem,Does not specify presence,,,,
Anonyma,179,229691,Constantinople: Hagios Ioannes Chrysostomos,,,Lazaros of Galesion,538C,Constantinople: Hagios Ioannes Chrysostomos: came across <Neophytos 102> in (the church of?)  Hagios Ioannes Chrysostomos,Specifies presence,,,,
Anonyma,188,229808,Constantinople: Maurianos,,,Lazaros of Galesion,580B,Constantinople: Maurianos: lived in a house on the embolos of Maurianos,Specifies presence,,,,
Anonymi,115,234656,Iberia (theme),,,Attaleiates: History,167.2 / 124.3,Iberia (theme): escorted the emperor after his release through the villages of Iberia (theme),Specifies presence,,,,
Anonymi,106,234753,Metabole (Bithynia),,,Attaleiates: History,198.21 / 146.16,Metabole (Bithynia): left together with their father and mother the fort at Metabole (Bithynia),Does not specify presence,,,,
Anonymi,5017,234812,Constantinople: Hagia Sophia,https://pleiades.stoa.org/places/307220778,,Attaleiates: History,259.14 / 186.24,Constantinople: Hagia Sophia: arrested the bishop of Ikonion in the sanctuary of  Hagia Sophia,Specifies presence,,,,
Anonymi,5019,234876,Chrysopolis (Bithynia),https://pleiades.stoa.org/places/520995,,Attaleiates: History,307.17-18 / 219.23-24,Chrysopolis (Bithynia): were joined by <Konstantios 61> at the camp at Chrysopolis (Bithynia),Specifies presence,,,,
Anonymi,140,226434,Ouzike (Mesopotamia),,,Boilas,22.61,Ouzike (Mesopotamia): were bequeathed by <Eustathios 105> Boilas his chorion of Ouzike (Mesopotamia),Specifies presence,,,,
Anonymi,134,227982,Servia (Macedonia),https://pleiades.stoa.org/places/491676,,Kekaumenos,112.9,Servia (Macedonia): defended Servia (Macedonia),Dignity,,,,
Anonymi,161,229603,Rome,https://pleiades.stoa.org/places/423025,,Lazaros of Galesion,518D,Rome: continued their journey from Ephesos to Rome,Specifies presence,,,,
Anonymi,166,229729,Attaleia,https://pleiades.stoa.org/places/638778,,Lazaros of Galesion,544C,Attaleia: hailed from Attaleia,Specifies presence,,,,
Anonymi,153,230535,Sosthenion (on Bosporos),https://pleiades.stoa.org/places/521070,,Mauropous: Orations,39,Sosthenion (on Bosporos): were monks at the monastery of Saint Michael at Sosthenion (on Bosporos),Specifies presence,,,,
Anonymi,6008,248480,Constantinople: Great Palace,,,Psellos: Chronographia,V 2.6,Constantinople: palace: escorted <Michael 5> to  palace,Specifies presence,,,,
Anonymi,7009,342129,Macedonia,https://pleiades.stoa.org/places/981531,,Psellos: Chronographia,"VI 102.1-2, 102.10",Macedonia: hailed from Macedonia,Specifies presence,,,,
Anonymi,7009,248577,Macedonia,https://pleiades.stoa.org/places/981531,,Psellos: Chronographia,VI 102.17-22,Macedonia: rode straight for Macedonia,Does not specify presence,,,,
Anonymi,7009,248578,Macedonia,https://pleiades.stoa.org/places/981531,,Psellos: Chronographia,VI 102.21,Macedonia: entered Macedonia,Specifies presence,,,,
Anonymi,7009,248579,Adrianople (Thrace),https://pleiades.stoa.org/places/5014275,,Psellos: Chronographia,VI 102.22,Adrianople: seized as their base Adrianople,Specifies presence,,,,
Anonymi,7009,248576,Adrianople (Thrace),https://pleiades.stoa.org/places/5014275,,Psellos: Chronographia,VI 102.3,Adrianople: they originally lived in Adrianople,Specifies presence,,,,
Anonymi,7010,248588,Alania,,,Psellos: Chronographia,VI 154.5-9,Alania: came (to Constantinople) from Alania,Specifies presence,,,,
Anonymi,184,434683,Constantinople: Hagia Sophia,https://pleiades.stoa.org/places/307220778,,Synodal edict (1054),161.8-9,Constantinople: Hagia Sophia: were subdeacons of Hagia Sophia,Dignity,,,,
Anonymi,126,232958,Euripos,,,"Theophylaktos of Ohrid, Letters","155.31, 189.36",Euripos: lived at Euripos,Specifies presence,,,,
Anonymi,127,232960,"Pologos (Pologoi, Polobos, Poloboi, Macedonia)",,,"Theophylaktos of Ohrid, Letters",167.6,"Pologos (Pologoi, Polobos, Poloboi, Macedonia): were priests at Pologos (Pologoi, Polobos, Poloboi, Macedonia)",Dignity,,,,
Anonymi,6043,247033,Danube,https://pleiades.stoa.org/places/226577,,Zonaras,18.9.8,Danube: were scarcely able to cross the Danube,Specifies presence / Specifies presence near,,,,
Anonymi,6033,247015,Constantinople: Hagia Sophia,https://pleiades.stoa.org/places/307220778,,Zonaras,18.3.17,Constantinople: Hagia Sophia: went to  Hagia Sophia,Specifies presence,,,,
Anonymi,6012,,,,,Zonaras,17.14.23,Constantinople: were sent in chains to Constantinople,Specifies presence,,,,
Anonymi,6014,246913,Sicily,https://pleiades.stoa.org/places/462492,,Zonaras,17.15.2,Sicily: were rulers of Sicily,Dignity,,,,
Anonymi,6014,246917,Ifriqiya,,,Zonaras,17.15.4,Ifriqiya: sent for allies from Ifriqiya,Does not specify presence,,,,
Anonymi,6015,246919,"Edessa (Rohas, Mesopotamia)",https://pleiades.stoa.org/places/658457,,Zonaras,17.15.8,"Came to Edessa (Rohas, Mesopotamia)",Specifies presence,,,,
Anonymi,6058,,,,,Zonaras,18.18.10,Constantinople: proclaimed <Nikephoros 3> autokrator in Constantinople,Specifies presence,,,,
Anonymi,6059,,,,,Zonaras,18.18.10,Constantinople: proclaimed <Nikephoros 3> autokrator in Constantinople,Specifies presence,,,,
Anonymi,6060,247126,Constantinople: Great Palace,,,Zonaras,18.18.11,Constantinople: palace: attacked the eastern parts of and gained control of  palace,Specifies presence,,,,
Anonymi,6060,247134,Constantinople: Great Palace,,,Zonaras,18.18.16,Constantinople: palace: for three days watched over   palace,Specifies presence,,,,
Anonymus,450,225898,Caria (Aphrodisias),https://pleiades.stoa.org/places/638753,,Alexios Stoudites,4.2,Caria: was metropolitan of Caria,Dignity,,,,
Anonymus,456,226021,Thessalonike,https://pleiades.stoa.org/places/491741,,Alexios Stoudites,"47, VV 12.517.27-28",Thessalonike: was judge in the theme of Thessalonike,Dignity,,,,
Anonymus,451,225899,Tabae (Lydia),https://pleiades.stoa.org/places/466002,,Alexios Stoudites,5.12,Tabae (Lydia): was bishop of Tabae (Lydia),Dignity,,,,
Anonymus,458,226027,Tzilougra (Anatolikon),,,Alexios Stoudites,Eleutherios 597.2-3,Tzilougra (Anatolikon): was bishop of Tzilougra (Anatolikon),Dignity,,,,
Anonymus,459,226029,Lystra (Lykaonia),https://pleiades.stoa.org/places/648699,,Alexios Stoudites,Eleutherios 599.25,Lystra (Lykaonia): was bishop of Lystra (Lykaonia),Dignity,,,,
Anonymus,455,226020,Thessalonike: Holy Apostles,https://pleiades.stoa.org/places/491741,,Alexios Stoudites,VV 12.517.25,Thessalonike: Holy Apostles: made a donation of gold to the church of the  Holy Apostles,Does not specify presence,J 1027,Source,,"The editor Benešević says that this Ψῆφος was produced in 1027, p. 515. "
Anonymus,704,434528,Goloe,,,Anna Komnene,287.86,Goloe: commanded the citadel of Goloe,Dignity,,,,
Anonymus,880,443600,Glabenitza (near Dristra),,,Anna Komnene,398.70,Glabenitza (near Dristra): had military command over Glabinitza,Dignity,,,,
Anonymus,722,372896,Peloponnesos,,,Anna Komnene,351.36,Peloponnesos: was originally from Peloponnesos,Specifies presence,,,,
Anonymus,689,433173,Bari (Apulia),https://pleiades.stoa.org/places/442500,,Anna Komnene,119.81,Bari (Apulia): was archbishop of Bari,Dignity,,,,
Anonymus,418,434226,Kyrenia (Cyprus),,,Anna Komnene,262.43,Kyrenia (Cyprus): seized the mountain-tops above Kyrenia,Specifies presence near,,,,
Anonymus,418,434225,Leukosia (Cyprus),,,Anna Komnene,263.77-78,Leukosia (Cyprus): when captured was returned to Leukosia,Specifies presence,,,,
Anonymus,702,434414,Constantinople: Great Palace,,,Anna Komnene,273.7-8,Constantinople: Great Palace: made an attempt on <Alexios 1>'s life on the polo field in the Great Palace,Specifies presence,,,,
Anonymus,424,254215,Mesokomion,,,Attaleiates: Diataxis,101.1340,Mesokomion: owned an estate at Mesokomion,Does not specify presence,,,,
Anonymus,106,234559,Melitene,https://pleiades.stoa.org/places/629039,,Attaleiates: History,107.20 / 81.23,"Melitene: stayed put, although provoked by the Turks, and refused to get out of Melitene",Specifies presence,J 1068,Editor,,"Pérez Martín's edition, p. 282, n. 32."
Anonymus,106,234558,Melitene,https://pleiades.stoa.org/places/629039,,Attaleiates: History,107.8 / 81.14,Melitene: was sent by <Romanos 4> at the head of part of his army to Melitene,Specifies presence,J 1068,Editor,,"Pérez Martín's edition, p. 282, n. 32."
Anonymus,5062,234577,Artah (Syria),,,Attaleiates: History,118.23 / 90.4,Artah: was appointed by <Romanos 4> Diogenes strategos of the fort of Artah,?,,,,Attaleiates does not mention this person in this passage at all.
Anonymus,106,234585,Tzamandos (near Lykandos),,https://www.geonames.org/437369,Attaleiates: History,121.22 / 92.11,Tzamandos (near Lykandos): garrisoned the fort of Tzamandos (near Lykandos),Specifies presence,,,,
Anonymus,5068,234648,Mantzikert,,https://www.geonames.org/304916,Attaleiates: History,152.6-7 / 113.21,Mantzikert: was sent by <Romanos 4> to take possession of Mantzikert,Specifies presence / Specifies presence near,,,,
Anonymus,5070,234651,Mantzikert,,https://www.geonames.org/304916,Attaleiates: History,153.15 / 114.18,Mantzikert: was sent at the head of a Roman garrison to guard Mantzikert,Specifies presence / Specifies presence near,,,,
Anonymus,114,234706,Kotyaion (Phrygia),https://pleiades.stoa.org/places/609444,,Attaleiates: History,178.1 / 131.16-17,Kotyaion (Phrygia): was present when the order to blind <Romanos 4> was received and executed at Kotyaion (Phrygia),Specifies presence,"J 1072, June 29",Other,"K&K, n. 225",
Anonymus,114,234703,Chalcedon,https://pleiades.stoa.org/places/520988,,Attaleiates: History,178.2 / 131.17,Chalcedon: was metropolitan of Chalcedon,Dignity,,,,
Anonymus,127,234808,Ikonion,https://pleiades.stoa.org/places/648647,,Attaleiates: History,258.20 / 186.11,Ikonion: was proedros (metropolitan) of Ikonion,Dignity,,,,
Anonymus,127,234809,Askalon,https://pleiades.stoa.org/places/687839,,Attaleiates: History,258.20 / 186.11,Askalon: was a native of Askalon,Specifies presence,,,,
Anonymus,127,234810,Phoenicia,https://pleiades.stoa.org/places/678334,,Attaleiates: History,258.21 / 186.11,Phoenicia: was a native of Askalon in Phoenicia,Specifies presence,,,,
Anonymus,127,234811,Constantinople: Hagia Sophia,https://pleiades.stoa.org/places/307220778,,Attaleiates: History,259.4 / 186.16,Constantinople: Hagia Sophia: sought refuge but was arrested in the sanctuary of  Hagia Sophia,Specifies presence,,,,
Anonymus,5081,234822,Nikomedeia,https://pleiades.stoa.org/places/511337,,Attaleiates: History,268.6 / 192.11,Nikomedeia: was strategos of Nikomedeia,Dignity,,,,
Anonymus,5081,234823,Nicaea,https://pleiades.stoa.org/places/511268,,Attaleiates: History,268.7 / 192.12,Nicaea: met up with <Nikephoros 3> Botaneiates outside Nicaea,Specifies presence near,,,,
Anonymus,195,234475,Adrianople (Thrace),https://pleiades.stoa.org/places/5014275,,Attaleiates: History,53.23 / 41.1-2,Adrianople (Thrace): hailed from Adrianople (Thrace),Does not specify presence,,,,"This is not anonymoys, this is Bryennios that hailed from Adrianople."
Anonymus,103,234502,Constantinople: Agora (Forum of Constantine?),,,Attaleiates: History,74.19 / 56.17,Constantinople: Agora: joined <Ioannes 62> in a victory procession through the  Agora,Specifies presence,,,,
Anonymus,103,234503,Constantinople: Great Palace,,,Attaleiates: History,75.20 / 57.21,Constantinople: palace: pretended he was on the emperor's side during the rebellion and went to the  palace,Specifies presence,,,,
Anonymus,5061,234509,Ani: Acropolis,https://pleiades.stoa.org/places/874322,,Attaleiates: History,82.10 / 62.10,Ani: Acropolis: fled the massacre and sought refuge in the  Acropolis,Does not specify presence,"J 1064, August 6",Other,"K&K, n. 146.","No specific person, neither anonymous, is mentioned here explicitly so we cannot say with certainty that this person was in the citadel/acropolis. The text only says that the ""rulling class"" saved itself by going to the acropolis, without naming anyone. So I don't know who PBW refers to here."
Anonymus,295,226437,Kopteriou (Mesopotamia),,,Boilas,22.62,Kopteriou (Mesopotamia): was bequeathed by <Eustathios 105> Boilas his chorion of Kopteriou (Mesopotamia),Specifies presence,,,,
Anonymus,295,226442,Chouspakrati (Mesopotamia),,,Boilas,22.62,Chouspakrati (Mesopotamia): was bequeathed by <Eustathios 105> Boilas his chorion of Chouspakrati (Mesopotamia),Specifies presence,,,,
Anonymus,153,227334,Thrakesion,,,Glykas,586.19-20,Thrakesion: attempted to rape but was killed by a local woman (<Anonyma 112>) in Thrakesion,Specifies presence,,,,
Anonymus,176,227359,"Constantinople: Great Palace, Nea Ekklesia",,,Glykas,593.16,"Constantinople: Great Palace, Nea Ekklesia: served as first presbyter at the  Great Palace, Nea Ekklesia",Specifies presence,,,,
Anonymus,196,227375,Egypt,,,Glykas,597.13,Egypt: was ruler of Egypt,Dignity,,,,
Anonymus,418,227438,Crete,https://pleiades.stoa.org/places/589748,,Glykas,620.10,Crete: rose in rebellion in Crete [probably inaccurate],Specifies presence,,,,
Anonymus,417,227437,Cyprus,https://pleiades.stoa.org/places/707498,,Glykas,620.9,Cyprus: rose in rebellion in Cyprus [probably inaccurate],Specifies presence,,,,
Anonymus,419,227440,Thrace,,,Glykas,621.18,Thrace: rose in rebellion and was acclaimed in Thrace,Specifies presence,,,,
Anonymus,912,444387,Naupaktos,https://pleiades.stoa.org/places/540960,https://www.geonames.org/256639,Italos trial,l. 415,Naupaktos: was metropolitan of Naupaktos,Dignity,,,,
Anonymus,273,227967,Dvin (Armenia),https://pleiades.stoa.org/places/863780,,Kekaumenos,106.13,Dvin (Armenia): was toparches (lord) of Dvin (Armenia),Dignity,,,,
Anonymus,273,227972,Armenia,https://pleiades.stoa.org/places/874350,,Kekaumenos,106.3,Armenia: captured a strong kastron in Greater Armenia,Dignity,,,,
Anonymus,273,228007,Hellas,https://pleiades.stoa.org/places/1001896,,Kekaumenos,202.19,Hellas: held office in (was probably strategos of) Hellas,Dignity,,,,
Anonymus,273,228008,Larissa (Thessaly),https://pleiades.stoa.org/places/540905,,Kekaumenos,202.19,Larissa (Thessaly): was posted to Larissa (Thessaly),Dignity,,,,
Anonymus,273,228009,Larissa (Thessaly),https://pleiades.stoa.org/places/540905,,Kekaumenos,202.21,Larissa (Thessaly): defended successfully Larissa (Thessaly),Dignity,,,,
Anonymus,274,228006,Hellas,https://pleiades.stoa.org/places/1001896,,Kekaumenos,190.6,Hellas: held office in (was strategos of?) Hellas,Dignity,,,,
Anonymus,277,227974,Stamnos (Dalmatia),https://pleiades.stoa.org/places/197526,,Kekaumenos,110.8,Stamnos (Dalmatia): was captured by <Voislav 101> together with his father <Katakalon 102> and carried away to Stamnos (Dalmatia),Specifies presence,,,,
Anonymus,278,227979,Thessalonike,https://pleiades.stoa.org/places/491741,,Kekaumenos,112.1,Thessalonike: served as doux of Thessalonike,Dignity,,,,
Anonymus,279,227981,Servia (Macedonia),https://pleiades.stoa.org/places/491676,,Kekaumenos,112.9,Servia (Macedonia): defended Servia (Macedonia),Specifies presence,,,,
Anonymus,280,227985,Otranto (Apulia),https://pleiades.stoa.org/places/442615,,Kekaumenos,112.20,Otranto (Apulia): hailed from and defended Otranto (Apulia),Specifies presence,,,,
Anonymus,281,227986,Otranto (Apulia),https://pleiades.stoa.org/places/442615,,Kekaumenos,116.4-5,Otranto (Apulia): arranged for his troops to enter and capture Otranto (Apulia),Does not specify presence,,,,
Anonymus,282,227998,Constantinople: Hagios Paulos,,,Kekaumenos,140.16-17,Constantinople: Hagios Paulos: was led to his cousin (<Ioannes 138>) at the orphanotropheion of  Hagios Paulos,Specifies presence,,,,
Anonymus,283,227999,Constantinople: Hagios Paulos,,,Kekaumenos,140.16-17,Constantinople: Hagios Paulos: led <Anonymus 282> to the latter's cousin (<Ioannes 138>) at the orphanotropheion of  Hagios Paulos,Specifies presence,,,,
Anonymus,284,228003,Constantinople: Great Palace,,,Kekaumenos,150.27-28,Constantinople: Great Palace: was befriended by a young stranger (<Anonymus 287>) in the  Great Palace,Specifies presence,,,,
Anonymus,287,228004,Constantinople: Great Palace,,,Kekaumenos,150.27-28,Constantinople: Great Palace: befriended <Anonymus 284> in the  Great Palace,Specifies presence,,,,
Anonymus,289,228012,Hellas,https://pleiades.stoa.org/places/1001896,,Kekaumenos,204.4,Hellas: was appointed by <Basileios 2> strategos of Hellas,Dignity,,,,
Anonymus,293,228048,Constantinople: Praitorion,,,Kekaumenos,236.22-23,Constantinople: Praitorion: was imprisoned but managed to escape from the  Praitorion,Specifies presence,,,,
Anonymus,489,229578,Hagios Sabas (Judean desert),,,Lazaros of Galesion,516A,Hagios Sabas (Judean desert): served as kanonarches at the lavra of Hagios Sabas (Judean desert),Dignity,,,,
Anonymus,494,229609,Appion (near Ephesos),,,Lazaros of Galesion,519C,Appion (near Ephesos): was hegoumenos of the monastery of Appion (near Ephesos),Specifies presence,,,,
Anonymus,494,229611,"Koumaron, Mount (near Ephesos)",,,Lazaros of Galesion,519C,"Koumaron, Mount (near Ephesos): led <Lazaros 104> to the foot of mount Koumaron, Mount (near Ephesos)",Specifies presence,,,,
Anonymus,494,229739,"Koumaron, Mount: Hagia Marina",,,Lazaros of Galesion,519C,"Koumaron, Mount: Hagia Marina: led <Lazaros 104> to the shrine of  Hagia Marina",Specifies presence,,,,
Anonymus,496,229625,"Galesion, Mount: Petra",,,Lazaros of Galesion,522B,"Galesion, Mount: Petra: lived as a stylite at  Petra",Specifies presence,,,,
Anonymus,497,229626,"Galesion, Mount: Saviour",,,Lazaros of Galesion,522E,"Galesion, Mount: Saviour: went out of the monastery to find timber for the construction of the church of the  Saviour",Specifies presence,,,,
Anonymus,501,229641,Galesion (near Ephesos),,,Lazaros of Galesion,527B,Galesion (near Ephesos): was headman of the village of Galesion (near Ephesos),Dignity,,,,
Anonymus,504,229643,Ephesos,https://pleiades.stoa.org/places/599612,,Lazaros of Galesion,528D,Ephesos: arrived from the west at Ephesos,Specifies presence,,,,
Anonymus,506,229645,Holy Land,,,Lazaros of Galesion,529B,Holy Land: made a vow to visit the Holy Land,Specifies presence,,,,
Anonymus,506,229646,Holy Land,,,Lazaros of Galesion,529E,Holy Land: took the road to the Holy Land,Specifies presence,,,,
Anonymus,509,229659,Ephesos,https://pleiades.stoa.org/places/599612,,Lazaros of Galesion,532D,Ephesos: accompanied <Gregorios 135> to Ephesos,Dignity,,,,
Anonymus,509,229660,Phygella (Asia Minor),,,Lazaros of Galesion,532F,Phygella (Asia Minor): arrived and asked about <Lazaros 104> at Phygella (Asia Minor),Specifies presence,,,,
Anonymus,510,229669,Jerusalem,https://pleiades.stoa.org/places/687928,,Lazaros of Galesion,535B,Jerusalem: left Jerusalem,Specifies presence,,,,
Anonymus,516,229682,"Athos, Mount",https://pleiades.stoa.org/places/501365,,Lazaros of Galesion,537E,Athos: was a monk on the holy mountain of Athos,Dignity,,,,
Anonymus,517,229684,Lopadion (Bithynia),,https://www.geonames.org/738449,Lazaros of Galesion,537F,Lopadion (Bithynia): came across the hegoumenos (<Ignatios 107>) and his monks at Lopadion (Bithynia),Specifies presence,,,,
Anonymus,521,229703,"Galesion, Mount: Theotokos",,,Lazaros of Galesion,539E,"Galesion, Mount: Theotokos: visited <Lazaros 104> on his pillar at the  Theotokos",Specifies presence,,,,
Anonymus,521,229705,Thrakesion,,,Lazaros of Galesion,539E,Thrakesion: died as soon as he left the borders of Thrakesion,Specifies presence,,,,
Anonymus,522,229716,Ephesos,https://pleiades.stoa.org/places/599612,,Lazaros of Galesion,541C,Ephesos: was sent to buy fish from Ephesos,Specifies presence,,,,
Anonymus,553,229717,Ephesos,https://pleiades.stoa.org/places/599612,,Lazaros of Galesion,542C-D,Ephesos: was archpriest (metropolitan) of Ephesos,Dignity,,,,
Anonymus,528,229723,Jerusalem,https://pleiades.stoa.org/places/687928,,Lazaros of Galesion,543B,Jerusalem: travelled to Jerusalem,Specifies presence,,,,
Anonymus,528,229724,Hagios Sabas (Judean desert),,,Lazaros of Galesion,543B,Hagios Sabas (Judean desert): was tonsured at Hagios Sabas (Judean desert),Specifies presence,,,,
Anonymus,529,229725,Ephesos,https://pleiades.stoa.org/places/599612,,Lazaros of Galesion,543E,Ephesos: came across <Kyrillos 104> at Ephesos,Specifies presence,,,,
Anonymus,532,229731,Ephesos,https://pleiades.stoa.org/places/599612,,Lazaros of Galesion,546B,Ephesos: came across <Gregorios 135> at Ephesos,Specifies presence,,,,
Anonymus,538,229734,Ephesos,https://pleiades.stoa.org/places/599612,,Lazaros of Galesion,554B,Ephesos: was sent by <Lazaros 104> on business to Ephesos,Specifies presence,,,,
Anonymus,543,229775,Limnai (near Mount Galesion),,,Lazaros of Galesion,572E,Limnai (near Mount Galesion): sent provisions to the monastery (of <Lazaros 104>) from Limnai (near Mount Galesion),Specifies presence,,,,
Anonymus,550,229795,Phialitai (?),,,Lazaros of Galesion,578A,Phialitai (?): originated from Phialitai (?),Specifies presence,,,,
Anonymus,550,229796,Crete,https://pleiades.stoa.org/places/589748,,Lazaros of Galesion,578A,Crete: claimed falsely that he came from Crete,Does not specify presence,,,,
Anonymus,550,229797,Phygella (Asia Minor),,,Lazaros of Galesion,578A,Phygella (Asia Minor): went as far as Phygella (Asia Minor),Specifies presence,,,,
Anonymus,550,229798,Bulgaria,,,Lazaros of Galesion,578E,Bulgaria: reached the region of Bulgaria,Specifies presence,,,,
Anonymus,550,229801,Smyrna,https://pleiades.stoa.org/places/550893,,Lazaros of Galesion,579B,Smyrna: arrived at Smyrna,Specifies presence,,,,
Anonymus,550,229802,Mitylene,https://pleiades.stoa.org/places/550763,,Lazaros of Galesion,579B,Mitylene: boarded a ship at Smyrna bound for Mitylene,Does not specify presence,,,,
Anonymus,550,229804,Smyrna,https://pleiades.stoa.org/places/550893,,Lazaros of Galesion,579C,Smyrna: left Mitylene and returned to Smyrna,Specifies presence,,,,
Anonymus,550,229805,Smyrna,https://pleiades.stoa.org/places/550893,,Lazaros of Galesion,579C,Smyrna: heard of the accession of <Konstantinos 9> and left Smyrna,Specifies presence,,,,
Anonymus,550,229807,Smyrna,https://pleiades.stoa.org/places/550893,,Lazaros of Galesion,579C,Smyrna: left Constantinople and sailed back to Smyrna,Specifies presence,,,,
Anonymus,552,229816,"Galesion, Mount: Theotokos",,,Lazaros of Galesion,581C,"Galesion, Mount: Theotokos: went to see <Lazaros 104> at the  Theotokos",Specifies presence,,,,
Anonymus,555,229821,Kepion (near Ephesos),,,Lazaros of Galesion,583E,Kepion (near Ephesos): hailed (?) form the village of Kepion (near Ephesos),Does not specify presence,,,,
Anonymus,559,229828,Tralleis (Lydia),https://pleiades.stoa.org/places/614866,,Lazaros of Galesion,585A,Tralleis (Lydia): was bishop of Tralleis (Lydia),Dignity,,,,
Anonymus,559,229829,Ephesos,https://pleiades.stoa.org/places/599612,,Lazaros of Galesion,585A,Ephesos: was oikonomos of (the metropolitan of) Ephesos,Dignity,,,,
Anonymus,468,230721,Paphlagonia,,,Mauropous: Letters,55.18-19,Paphlagonia: was moved from his post in Paphlagonia,Specifies presence,,,,
Anonymus,468,230722,Boukellarion,,,Mauropous: Letters,55.19,Boukellarion: was transferred to a new post in Boukellarion,Specifies presence,,,,
Anonymus,468,230723,Klaudioupolis,https://pleiades.stoa.org/places/844879,,Mauropous: Letters,57.37,Klaudioupolis: complained about his posting at Klaudioupolis,Specifies presence,,,,
Anonymus,471,230724,Constantinople: Great Palace,,,Mauropous: Letters,89.6,Constantinople: Great Palace: went to seek honours from the emperor at the  Great Palace,Specifies presence,,,,
Anonymus,685,395549,Kalothekia (Thrakesion),,,"Nea Mone,",Miklosich-Müller 5.7,Kalothekia (Thrakesion): was a paroikos of Nea Mone at the estate of Kalothekia (Thrakesion),Dignity,,,,
Anonymus,686,395550,Kalothekia (Thrakesion),,,"Nea Mone,",Miklosich-Müller 5.7,Kalothekia (Thrakesion): was a paroikos of Nea Mone at the estate of Kalothekia (Thrakesion),Dignity,,,,
Anonymus,684,395548,Kalothekia (Thrakesion),,,"Nea Mone,",Miklosich-Müller 5.7,Kalothekia (Thrakesion): was a paroikos of Nea Mone at the estate of Kalothekia (Thrakesion),Dignity,,,,
Anonymus,681,395339,Hierissos: Hagios Nikolaos,,https://www.geonames.org/736130,Panteleemon,52.11,Hierissos: Hagios Nikolaos: ordered <Nikolaos 238> to abandon his claims on the church of  Hagios Nikolaos,Does not specify presence,,,,
Anonymus,611,279485,Galaides (Meander valley),,,Patmos: Acts,2.12.167,Galaides (Meander valley): was a paroikos at the proasteion of Galaides (Meander valley),Dignity,,,,
Anonymus,612,279491,Baris (Meander valley),https://pleiades.stoa.org/places/638790,,Patmos: Acts,2.14.210,Baris (Meander valley): was protokourator of the oikos of Baris (Meander valley),Dignity,,,,
Anonymus,615,279607,Leros (Aegean),https://pleiades.stoa.org/places/599764,,Patmos: Acts,1.44.22,Leros (Aegean): claimed ownership of the island of Leros (Aegean),Specifies presence,,,,
Anonymus,2222,379740,Besaine,,,Psellos,Letters (Sathas) 103.344,Besaine: was bishop of Besaine,Dignity,,,,
Anonymus,433,379793,Tarsos (Cilicia),https://pleiades.stoa.org/places/648789,,Psellos,Letters (Sathas) 204.497-499,Tarsos (Cilicia): was metropolitan of Tarsos (Cilicia),Dignity,,,,
Anonymus,434,379794,Antioch (on the Orontes),https://pleiades.stoa.org/places/658381,,Psellos,Letters (Sathas) 204.498-499,Antioch (on the Orontes): was patriarch of Antioch (on the Orontes),Dignity,,,,
Anonymus,436,230910,Constantinople: Great Palace,,,Psellos,Oratoria minora 154.92,Constantinople: Great Palace: was christened by the empress (<Eudokia 1>) in the  Great Palace,Specifies presence,,,,
Anonymus,433,230900,Tarsos (Cilicia),https://pleiades.stoa.org/places/648789,,Psellos,Oratoria minora 58.10,Tarsos (Cilicia): served as metropolitan of Tarsos (Cilicia),Dignity,,,,
Anonymus,434,230902,Antioch (on the Orontes),https://pleiades.stoa.org/places/658381,,Psellos,Oratoria minora 58.32,Antioch (on the Orontes): shed his light over (offered his services to) Antioch (on the Orontes),Does not specify presence,,,,
Anonymus,7003,248450,Constantinople: Great Palace,,,Psellos: Chronographia,IV 3. 3-4,Constantinople: Great Palace: was orderd to come to  Palace,Specifies presence,,,,
Anonymus,7009,248516,Constantinople: Dios (Stoudios?),,,Psellos: Chronographia,"V 39.5, 7",Constantinople:  Stoudios: saw that the church was surrounded by a citizen army when he reached  the gates of Stoudios,Specifies presence,,,,
Anonymus,7009,248519,Constantinople: Dios (Stoudios?),,,Psellos: Chronographia,V 39.8-9,"Constantinople: Stoudios: entered, not without difficulty, the church of Stoudios",Specifies presence,,,,
Anonymus,5004,418679,Alania,,,Seals,,Alania: was ruler of Alania,Dignity,,,,
Anonymus,208,225304,Cyprus,https://pleiades.stoa.org/places/707498,,Synod of 1094,219,Cyprus: was metropolitan of Cyprus,Dignity,,,,
Anonymus,209,225341,Constantinople: Oikoproteros,,,Synod of 1094,220,Constantinople: Oikoproteros: was hegoumenos of the monastery of  Oikoproteros,Dignity,,,,
Anonymus,210,225342,Constantinople: Hagios Lazaros,,,Synod of 1094,220,Constantinople: Hagios Lazaros: was hegoumenos of the monastery of  Hagios Lazaros,Dignity,,,,
Anonymus,211,225345,Constantinople: Prasianos,,,Synod of 1094,220,Constantinople: Prasianos: was hegoumenos of the monastery of  Prasianos,Dignity,,,,
Anonymus,212,225347,Constantinople: Hagios Mokios,,,Synod of 1094,220,Constantinople: Hagios Mokios: was hegoumenos of the monastery of  Hagios Mokios,Dignity,,,,
Anonymus,213,225349,Constantinople: Pterygion,,,Synod of 1094,220,Constantinople: Pterygion: was hegoumenos of the monastery of  Pterygion,Dignity,,,,
Anonymus,214,225350,Constantinople: Panoiktirmon,,,Synod of 1094,220,Constantinople: Panoiktirmon: was hegoumenos of the monastery of  Christ Panoiktirmon,Dignity,,,,
Anonymus,216,232950,Dyrrachion,https://pleiades.stoa.org/places/573193,,Synod of 1094,139.35,Dyrrachion: was praitor (doux?) of Dyrrachion,Dignity,,,,
Anonymus,61,233023,Dyrrachion,https://pleiades.stoa.org/places/573193,,"Theophylaktos of Ohrid, Letters",521.1,Dyrrachion: served as doux of Dyrrachion,Dignity,,,,
Anonymus,219,232959,Ohrid: praitorion,,,"Theophylaktos of Ohrid, Letters",165.26-27,Ohrid: praitorion: was pampered by the men of Iasites in the  praitorion,Specifies presence,,,,
Anonymus,221,232961,Kitros (Macedonia),,https://www.geonames.org/735702,"Theophylaktos of Ohrid, Letters","175.1, 303.1, 539.1, 559.1",Kitros (Macedonia): was bishop of Kitros (Macedonia),Dignity,,,,
Anonymus,224,232965,Morobos,,,"Theophylaktos of Ohrid, Letters",191.22,Morobos: was bishop of Morobos,Dignity,,,,
Anonymus,224,232970,Ohrid,https://pleiades.stoa.org/places/481900,,"Theophylaktos of Ohrid, Letters",191.21,Ohrid: served the Church of Ohrid,Dignity,,,,
Anonymus,225,232966,Prizren,,https://www.geonames.org/786712,"Theophylaktos of Ohrid, Letters",191.22-193.23,Prizren: was bishop of Prizren,Dignity,,,,
Anonymus,225,232971,Ohrid,https://pleiades.stoa.org/places/481900,,"Theophylaktos of Ohrid, Letters",191.21,Ohrid: served the Church of Ohrid,Dignity,,,,
Anonymus,226,232967,Kastoria (Macedonia),,https://www.geonames.org/735927,"Theophylaktos of Ohrid, Letters",193.24,Kastoria (Macedonia): was bishop of Kastoria (Macedonia),Dignity,,,,
Anonymus,228,232969,"Triaditza (Serdica, Bulgaria)",https://pleiades.stoa.org/places/207439,,"Theophylaktos of Ohrid, Letters","193.25, 327.1, 457.1","Triaditza (Serdica, Bulgaria): was bishop of Triaditza (Serdica, Bulgaria)",Dignity,,,,
Anonymus,228,232995,Ohrid,https://pleiades.stoa.org/places/481900,,"Theophylaktos of Ohrid, Letters",327.6-7,Ohrid: visited <Theophylaktos 105> in Ohrid,Specifies presence,,,,
Anonymus,228,232997,"Triaditza (Serdica, Bulgaria)",https://pleiades.stoa.org/places/207439,,"Theophylaktos of Ohrid, Letters",327.20,"Triaditza (Serdica, Bulgaria): drove an old monk (<Anonymus 244>) out of his monastery in the region of Triaditza (Serdica, Bulgaria)",Specifies presence,,,,
Anonymus,230,232974,Pelagonia (Macedonia),https://pleiades.stoa.org/places/481953,,"Theophylaktos of Ohrid, Letters","199.1, 249.1, 361.4, 459.39",Pelagonia (Macedonia): was bishop of Pelagonia (Macedonia),Dignity,,,,
Anonymus,232,232977,Devol,,https://www.geonames.org/791497,"Theophylaktos of Ohrid, Letters",203.6,Devol: abandoned his episcopal see of Devol,,,,,
Anonymus,235,232983,Naupaktos,https://pleiades.stoa.org/places/540960,https://www.geonames.org/256639,"Theophylaktos of Ohrid, Letters",245.1,Naupaktos: was metropolitan of Naupaktos,Dignity,,,,
Anonymus,238,232986,Glabenitza (near Dristra),,,"Theophylaktos of Ohrid, Letters",267.2,Glabenitza (near Dristra): was bishop of Glabenitza (near Dristra),Dignity,,,,
Anonymus,242,232992,Semna (Pamphylia),,,"Theophylaktos of Ohrid, Letters","321.1, 395.1",Semna (Pamphylia): was bishop of Semna (Pamphylia),Dignity,,,,
Anonymus,243,232993,Vidin (on Danube),https://pleiades.stoa.org/places/206975,,"Theophylaktos of Ohrid, Letters",323.1,Vidin (on Danube): was bishop of Vidin (on Danube),Dignity,,,,
Anonymus,243,232994,Ohrid,https://pleiades.stoa.org/places/481900,,"Theophylaktos of Ohrid, Letters",325.33,Ohrid: lived for a long time in Ohrid,Specifies presence,,,,
Anonymus,244,232996,"Triaditza (Serdica, Bulgaria)",https://pleiades.stoa.org/places/207439,,"Theophylaktos of Ohrid, Letters",327.20,"Triaditza (Serdica, Bulgaria): was driven out of his monastery in the region of Triaditza (Serdica, Bulgaria)",Specifies presence,,,,
Anonymus,244,232998,Hagios Ioannes (Bulgaria),,,"Theophylaktos of Ohrid, Letters",341.81,Hagios Ioannes (Bulgaria): was hegoumenos of the monastery of Hagios Ioannes (Bulgaria),Dignity,,,,
Anonymus,246,232999,Lipenion (Dalmatian border),,https://www.geonames.org/788652,"Theophylaktos of Ohrid, Letters","333.100, 341.75",Lipenion (Dalmatian border): was bishop of Lipenion (Dalmatian border),Dignity,,,,
Anonymus,251,233004,Mesopotamia,https://pleiades.stoa.org/places/874602,,"Theophylaktos of Ohrid, Letters",407.22-23,Mesopotamia: was a native of Mesopotamia,Specifies presence,,,,
Anonymus,253,233010,Kitzaba (Macedonia),,,"Theophylaktos of Ohrid, Letters",435.16,Kitzaba (Macedonia): built an oratory at Kitzaba (Macedonia),Specifies presence,,,,
Anonymus,256,233012,Stroumitza (Macedonia),,https://www.geonames.org/785380,"Theophylaktos of Ohrid, Letters",459.39,Stroumitza (Macedonia): was bishop of Stroumitza (Macedonia),Dignity,,,,
Anonymus,257,233013,Malesoba (Macedonia),,,"Theophylaktos of Ohrid, Letters",459.40,Malesoba (Macedonia): was bishop of Malesoba (Macedonia),Dignity,,,,
Anonymus,259,233021,Attaleia,https://pleiades.stoa.org/places/638778,,"Theophylaktos of Ohrid, Letters",519.1,Attaleia: served as doux of Attaleia,Dignity,,,,
Anonymus,262,233024,Prespa (Balkans),,,"Theophylaktos of Ohrid, Letters",527.1,Prespa (Balkans): was archon (strategos?) of Prespa (Balkans),Dignity,,,,
Anonymus,263,233025,Prespa (Balkans),,,"Theophylaktos of Ohrid, Letters",527.7,Prespa (Balkans): was sent by <Theophylaktos 105> to prepare a synod at Prespa (Balkans),Specifies presence,,,,
Anonymus,269,233035,Debar,,https://www.geonames.org/791606,"Theophylaktos of Ohrid, Letters",561.1,Debar: was bishop of Debar,Dignity,,,,
Anonymus,25066,437373,Russia,,,"Tornikes, Georgios",215.12,Russia: was metropolitan of Russia,Dignity,,,,
Anonymus,858,442146,Khorasan,,,Walter the Chancellor,2.16,Khorasan: Khorasan,?,,,,
Anonymus,195,247005,Macedonia,https://pleiades.stoa.org/places/981531,,Zonaras,18.2.4,Macedonia: was general of the forces from Macedonia,Dignity,,,,
Anonymus,195,247006,Cappadocia,,,Zonaras,18.2.4,Cappadocia: was invested with the rule of Cappadocia,Specifies presence,,,,
Anonymus,195,247007,Anatolikon,,,Zonaras,18.2.7,Anatolikon: arrived in the theme of Anatolikon,Specifies presence,,,,
Anonymus,138,246882,Antioch (on the Orontes),https://pleiades.stoa.org/places/658381,,Zonaras,17.11.13,Antioch (on the Orontes): ravaged Antioch (on the Orontes),Specifies presence,,,,
Anonymus,138,,,,,Zonaras,17.11.13,Aleppo: was leader of  Aleppo,Dignity,,,,
Anonymus,143,246881,Armeniakon,,,Zonaras,17.10.18,"Armeniakon, theme: sent to the Armeniakon, theme",Does not specify presence,,,,
Anonymus,168,246920,"Edessa (Rohas, Mesopotamia)",https://pleiades.stoa.org/places/658457,,Zonaras,17.15.10,Was general of Edessa (in Mesopotamia),Dignity,,,,
Anonymus,192,,,,,Zonaras,17.25.42,Constantinople: came to as ambassador to Constantinople,Specifies presence,,,,
Anonymus,6056,247070,Mantzikert,,https://www.geonames.org/304916,Zonaras,18.13.9,Mantzikert: was ordered by <Romanos 4> to ravage Mantzikert,Specifies presence,,,,
Anonymus,125,450799,Rayy (near Tehran),https://pleiades.stoa.org/places/903104,,Zonaras,18.16.6,Rayy (near Tehran): was stopped from fighting at Rayy,Specifies presence,,,,
Anonymus,6059,,,,,Zonaras,18.17.8,Constantinople: was born in Constantinople,Specifies presence,,,,
Anonymus,127,247123,Ikonion,https://pleiades.stoa.org/places/648647,,Zonaras,18.18.10,Ikonion: was metropolitan of Ikonion,Does not specify presence,,,,
Anonymus,127,,,,,Zonaras,18.18.10,Constantinople: led meeting which proclaimed <Nikephoros 3> in Constantinople,Specifies presence,,,,
Anonymus,418,247192,Cyprus,https://pleiades.stoa.org/places/707498,,Zonaras,18.22.16,Cyprus: occupied Cyprus,Specifies presence,,,,
Anonymus,417,247191,Crete,https://pleiades.stoa.org/places/589748,,Zonaras,18.22.16,Crete: occupied Crete,Specifies presence,,,,
Antipatros,101,225980,Sely(m)bria (Thrace),https://pleiades.stoa.org/places/511414,,Alexios Stoudites,27.11,Sely(m)bria (Thrace): was archbishop of Sely(m)bria (Thrace),Dignity,,,,
Antonios,107,225973,Mitylene,https://pleiades.stoa.org/places/550763,,Alexios Stoudites,27.2,Mitylene: was metropolitan of Mitylene,Dignity,,,,
Antonios,101,225995,Nikomedeia,https://pleiades.stoa.org/places/511337,,Alexios Stoudites,42.10,Nikomedeia: was metropolitan of Nikomedeia,Dignity,,,,
Antonios,108,225999,Zichia (Black Sea),,,Alexios Stoudites,42.20,Zichia (Black Sea): was archbishop of Zichia (Black Sea),Dignity,,,,
Antonios,122,395326,Athos: Dorotheou,https://pleiades.stoa.org/places/501365,,Pantokrator (Athos),70.8,Athos: Dorotheou: was former hegoumenos of the monastery of  Dorotheou,Dignity,,,,
Antonios,108,434704,Zichia (Black Sea),,,Synodal edict (1054),168.16,Zichia (Black Sea): was archbishop of Zichia,Dignity,,,,
Ariebes,6001,373104,Ohrid,https://pleiades.stoa.org/places/481900,,Anna Komnene,153.76,Ohrid: was in charge of the kastron of Ohrid,Dignity,,,,
Arsenios,105,226015,Sougdaia (Crimea),,https://www.geonames.org/692315,Alexios Stoudites,Rhalles-Potles 5.32,Sougdaia (Crimea): was archbishop of Sougdaia (Crimea),Dignity,,,,
Arsenios,107,279589,Kos: Dikaion,,https://www.geonames.org/263111,Patmos: Acts,1.25.3,Kos: Dikaion: built 2 cells on Mount  Dikaion,Does not specify presence,,,,
Arsenios,107,341769,Patmos,https://pleiades.stoa.org/places/599872,,Patmos: Testament,82,Patmos: was designated by <Christodoulos 101> his successor as master of the monastery on Patmos,Dignity,J 1093 [TAQ],Aleksandar,,"This document was produced in 1093, March 10 and 15."
Arsenios,107,341770,Jerusalem,https://pleiades.stoa.org/places/687928,,Patmos: Testament,82,Jerusalem: was in Jerusalem,Specifies presence,J 1093 [TAQ],Aleksandar,,"This document was produced in 1093, March 10 and 15."
Arsenios,107,341782,Patmos,https://pleiades.stoa.org/places/599872,,Patmos: Testament,82,Patmos: was designated by <Christodoulos 101> his successor as master of his monastery on Patmos,Dignity,J 1093 [TAQ],Aleksandar,,"This document was produced in 1093, March 10 and 15."
Arsenios,107,341784,Patmos,https://pleiades.stoa.org/places/599872,,Patmos: Testament,82,"Patmos: was granted, if he came, by <Christodoulos 101> full right and dominion over the monastery on Patmos",Does not specify presence,J 1093 [TAQ],Aleksandar,,"This document was produced in 1093, March 10 and 15."
Arsenios,107,341706,Strobilos (Caria),https://pleiades.stoa.org/places/599965,,Patmos: Typikon,62,Strobilos (Caria): owned a monastery at Strobilos (Caria),Specifies presence,J 1091 [TAQ],Aleksandar,,This document was produced in May 1091.
Arsenios,107,341708,Kos,https://pleiades.stoa.org/places/599581,,Patmos: Typikon,62,Kos: begged <Christodoulos 101> to cross to and found a monastery on his estates on Kos,Does not specify presence,J 1091 [TAQ],Aleksandar,,This document was produced in May 1091.
Arsenios,107,341715,Jerusalem,https://pleiades.stoa.org/places/687928,,Patmos: Typikon,63,Jerusalem: left (Patmos) by night and sailed for Jerusalem,Does not specify presence,J 1091 [TAQ],Aleksandar,,This document was produced in May 1091.
Arsenios,107,341728,Strobilos (Caria),https://pleiades.stoa.org/places/599965,,Patmos: Typikon,65,Strobilos (Caria): gave possessions to <Christodoulos 101> at Strobilos (Caria),Does not specify presence,J 1091 [TAQ],Aleksandar,,This document was produced in May 1091.
Arsenios,107,341729,Kos,https://pleiades.stoa.org/places/599581,,Patmos: Typikon,65,Kos: gave possessions on to <Christodoulos 101> on Kos,Does not specify presence,J 1091 [TAQ],Aleksandar,,This document was produced in May 1091.
Arsenios,107,341731,Leros (Aegean),https://pleiades.stoa.org/places/599764,,Patmos: Typikon,65,Leros (Aegean): had given an estate in full ownership to <Christodoulos 101> on Leros (Aegean),Does not specify presence,J 1091 [TAQ],Aleksandar,,This document was produced in May 1091.
Asan,102,443762,Cappadocia,,,Anna Komnene,426.66,Cappadocia: was ruler of Cappadocia,Dignity,,,,
Asan,102,443763,Philadelphia (Lydia),https://pleiades.stoa.org/places/550822,,Anna Komnene,426.83,Philadelphia (Lydia): attacked <Eumathios 102> at Philadelphia,Specifies presence near,,,,"Anna clearly states that Asan ""encircled"" the town, so he was not IN but NEAR Philadelphia."
Asan,102,443770,Smyrna,https://pleiades.stoa.org/places/550893,,Anna Komnene,427.91,Smyrna: sent his men plundering from Philadelphia to Smyrna,Does not specify presence,,,,
Asan,102,443773,Pergamon,https://pleiades.stoa.org/places/550812,,Anna Komnene,427.92,Pergamon: sent his men plundering from Philadelphia to Pergamon,Does not specify presence,,,,
Asan,101,246984,Medeia,https://pleiades.stoa.org/places/903080,,Zonaras,17.25.21,Medeia: was sent against Medeia,Specifies presence,,,,
Athanasios,102,376159,Athos: Vatopedi,https://pleiades.stoa.org/places/501365,https://www.geonames.org/733922,Esphigmenou,49.36,"Athos, Mount: Vatopedi: was a monk at the monastery of  Vatopedi",Specifies presence,,,,
Athanasios,102,339612,Athos: Vatopedi,https://pleiades.stoa.org/places/501365,https://www.geonames.org/733922,Lavra,186.23,Athos: Vatopedi: was hegoumenos of  Vatopedi,Dignity,,,,
Athanasios,102,376266,Athos: Vatopedi,https://pleiades.stoa.org/places/501365,https://www.geonames.org/733922,Protaton,226.51,"Athos, Mount: Vatopedi: was hegoumenos of  Vatopedi",Dignity,,,,
Athanasios,101,419551,Panagios (monastery),,,Seals,,Panagios (monastery): was perhaps a monk of the Panagios (monastery),Dignity,,,,
Athanasios,101,225325,Constantinople: Hagios Diomedes (monastery),,,Synod of 1094,219,Constantinople: Hagios Diomedes (monastery): was hegoumenos of the monastery of  Hagios Diomedes,Dignity,,,,
Athanasios,102,395388,Athos: Vatopedi,https://pleiades.stoa.org/places/501365,https://www.geonames.org/733922,Xeropotamou,"30.7, 30.24",Athos: Vatopedi: was hegoumenos of  Vatopedi,Dignity,,,,
Athanasios,102,395411,Athos: Vatopedi,https://pleiades.stoa.org/places/501365,https://www.geonames.org/733922,Xeropotamou,49.41,Athos: Vatopedi: was hegoumenos of  Vatopedi,Dignity,,,,
Azizes,101,229575,Jerusalem,https://pleiades.stoa.org/places/687928,,Lazaros of Galesion,515D,Jerusalem: arrived at the holy city of Jerusalem,Specifies presence,,,,
Azizes,101,229576,Jerusalem: Holy Sepulchre,,https://www.geonames.org/8335062,Lazaros of Galesion,515D-E,Jerusalem: Holy Sepulchre: ordered the destruction of the  Holy Sepulchre,Specifies presence,,,,
Bagrat,101,246910,Abchasia,,https://www.geonames.org/6643410,Zonaras,17.14.29,Abchasia: was ruler of Abchasia,Dignity,,,,
Bardas,109,254206,Raidestos: Hagios Prokopios,,,Attaleiates: Diataxis,47.511-512,Raidestos: Hagios Prokopios: was charistikarios of the nunnery of  Hagios Prokopios,Does not specify presence,,,,
Bardas,110,279446,Baris (Meander valley),https://pleiades.stoa.org/places/638790,,Patmos: Acts,2.11.140,Baris (Meander valley): was a paroikos aktemon at the oikoproasteion of Baris (Meander valley),Dignity,,,,
Bardas,105,418785,Hellas and Peloponnesos,,,Seals,,Hellas and Peloponnesos: was praitor of Hellas and Peloponnesos,Dignity,,,,
Bardas,105,418786,Hellas,https://pleiades.stoa.org/places/1001896,,Seals,,Hellas: was praitor of Hellas,Dignity,,,,
Bardas,105,418787,Peloponnesos,,,Seals,,Peloponnesos: was praitor of Peloponnesos,Dignity,,,,
Barkyaruq,101,431657,Khorasan,,,Albert of Aachen,IV.2,Khorasan: had his court in Khorasan,Specifies presence,,,,"Albert does not mention Barkyaruq by name, he just says ""the royal sultan of Khurasan."" The editors mention that it was Barkyaruq, p. 250, n. 5"
Barnabas,101,229768,Magnesia (on Meander),https://pleiades.stoa.org/places/599778,,Lazaros of Galesion,570C,Magnesia (on Meander): went with <Methodios 102> to Magnesia (on Meander),Specifies presence,,,,
Barnabas,101,229771,Bessai (near Ephesos),,,Lazaros of Galesion,570D,Bessai (near Ephesos): lived at Bessai (near Ephesos),Specifies presence,,,,
Barnabas,101,229772,Bessai (near Ephesos),,,Lazaros of Galesion,570E,Bessai (near Ephesos): returned again and died at Bessai (near Ephesos),Specifies presence,,,,
Basileios,61,372889,Chorasan,,,Anna Komnene,195.94,Chorasan: was sent on an embassy to <Malik-Shah 51> but only reached Chorasan,Does not specify presence,,,,"Anna says that they returned BEFORE they reached Chorasan, so they weren't present in Chorasan."
Basileios,61,433455,Adrianople (Thrace),https://pleiades.stoa.org/places/5014275,,Anna Komnene,156.72,Adrianople (Thrace): hailed from Adrianople,Specifies presence,,,,
Basileios,61,433987,Mikra Nikaia,,,Anna Komnene,235.86,Mikra Nikaia: was to shadow Pechenegs wintering near Mikra Nikaia,Specifies presence near,J 1090-1091,Editor,,
Basileios,61,433988,Boulgarophygon,,https://www.geonames.org/751371,Anna Komnene,235.85,Boulgarophygon: was to shadow Pechenegs wintering near Boulgarophygon,Specifies presence near,J 1090-1091,Editor,,
Basileios,179,444237,Constantinople: Hippodrome,https://pleiades.stoa.org/places/773739435,,Anna Komnene,491.30,Constantinople: Hippodrome: He was burned in a pyre built in a huge trench in the hippodrome,Specifies presence,,,,
Basileios,183,254214,Mesokomion,,,Attaleiates: Diataxis,101.1340,Mesokomion: acquired (?) from Chozbaites (Anonymus 424) an estate at Mesokomion,Does not specify presence,,,,
Basileios,101,234511,Danube,https://pleiades.stoa.org/places/226577,,Attaleiates: History,83.10-11 / 63.1,Danube: governed the cities of the Danube,Dignity,,,,
Basileios,116,444402,Euchaïta,https://pleiades.stoa.org/places/857120,,Italos trial,l. 74,Euchaïta: was metropolitan of Euchaita,Dignity,,,,
Basileios,106,227963,Sicily,https://pleiades.stoa.org/places/462492,,Kekaumenos,92.4,Served as katepano of Sicily,Dignity,,,,
Basileios,189,229697,Smyrna,https://pleiades.stoa.org/places/550893,,Lazaros of Galesion,539A,Smyrna: hailed from Smyrna,Specifies presence,,,,
Basileios,189,229698,Kouzenas (Magnesia),,,Lazaros of Galesion,539A,Kouzenas (Magnesia): left the monastery of <Lazaros 104> for that of Kouzenas (Magnesia),Does not specify presence,,,,
Basileios,180,379874,Nikomedeia,https://pleiades.stoa.org/places/511337,,Psellos,"Letters (K - D) 104, 132.12",Nikomedeia: was metropolitan of Nikomedeia,Dignity,,,,
Basileios,180,379875,Constantinople: Hagia Sophia,https://pleiades.stoa.org/places/307220778,,Psellos,"Letters (K - D) 104, 132.14",Constantinople: Hagia Sophia: had made a plan involving  Hagia Sophia,Does not specify presence,,,,
Basileios,101,417013,"Edessa (Rohas, Mesopotamia)",https://pleiades.stoa.org/places/658457,,Seals,,Edessa: was doux of Edessa,Dignity,,,,
Basileios,101,417014,"Edessa (Rohas, Mesopotamia)",https://pleiades.stoa.org/places/658457,,Seals,,Edessa: was doux of Edessa,Dignity,,,,
Basileios,101,417015,"Edessa (Rohas, Mesopotamia)",https://pleiades.stoa.org/places/658457,,Seals,,Edessa: was doux of Edessa,Dignity,,,,
Basileios,101,417374,"Edessa (Rohas, Mesopotamia)",https://pleiades.stoa.org/places/658457,,Seals,,Edessa: was doux of Edessa,Dignity,,,,
Basileios,101,418538,Vaspurakan,,,Seals,,Vaspurakan: was katepano of Vaspurakan,Dignity,,,,
Basileios,101,419181,Vaspurakan,,,Seals,,Vaspurakan: was katepano of Vaspurakan,Dignity,,,,
Basileios,103,418271,Anatolikon,,,Seals,,Anatolikon: was strategos of Anatolikon,Dignity,,,,
Basileios,104,419182,Thrace,,,Seals,,Thrace: was strategos of Thrace,Dignity,,,,
Basileios,106,418821,Antioch (on the Orontes),https://pleiades.stoa.org/places/658381,,Seals,,Antioch: was katepano of Antioch,Dignity,,,,
Basileios,107,417102,Dyrrachion,https://pleiades.stoa.org/places/573193,,Seals,,Dyrrachion: was strategos of Dyrrachion,Dignity,,,,
Basileios,180,224809,Nikomedeia,https://pleiades.stoa.org/places/511337,,Synod of 1072,57.9,Nikomedeia: was metropolitan of Nikomedeia,Dignity,,,,
Basileios,180,224810,Constantinople: Hagios Alexios,,,Synod of 1072,57.2-3,Constantinople: Hagios Alexios: attended the synod at the church of  Hagios Alexios,Specifies presence,,,,
Basileios,115,225298,Larissa (Thessaly),https://pleiades.stoa.org/places/540905,,Synod of 1094,219,Larissa (Thessaly): was metropolitan of Larissa (Thessaly),Dignity,,,,
Basileios,116,225300,Euchaïta,https://pleiades.stoa.org/places/857120,,Synod of 1094,219,Euchaïta: was metropolitan of Euchaïta,Dignity,,,,
Basileios,101,247030,Paristrion,,,Zonaras,18.9.2,Paristrion: was commander of the cities of Paristrion,Dignity,,,,
Basileios,179,,,,,Zonaras,18.23.22,Constantinople: became a resident of Constantinople,Specifies presence,,,,
Basileios,179,247198,Constantinople: Hippodrome,https://pleiades.stoa.org/places/773739435,,Zonaras,18.23.25,Constantinople: Hippodrome: was made victim of fire in  Hippodrome,Specifies presence,,,,
Bohemond,61,431564,Apulia,https://pleiades.stoa.org/places/442469,,Albert of Aachen,II.14,Apulia: received <Godfrey 51>'s answer in Apulia,Specifies presence,,,,"early 1080s, p. 14, n. 35, according to the editor."
Bohemond,61,431565,Philippopolis,https://pleiades.stoa.org/places/216927,,Albert of Aachen,II.14,"Philippopolis: to attack <Alexios 1>, proposed to join <Godfrey 51> at Philippopolis",Does not specify presence,,,,"early 1080s, p. 14, n. 35, according to the editor."
Bohemond,61,431566,Adrianople (Thrace),https://pleiades.stoa.org/places/5014275,,Albert of Aachen,II.14,"Adrianople: to attack <Alexios 1>, proposed to join <Godfrey 51> at Adrianople",Does not specify presence,,,,
Bohemond,61,431567,Avlon (Albania),,,Albert of Aachen,II.18,Avlon: travelled to Constantinople via Avlon,Specifies presence,,,,"Interestingly, Albert calles these cities ""Bulgarian cities"""
Bohemond,61,431568,Dyrrachion,https://pleiades.stoa.org/places/573193,,Albert of Aachen,II.18,Dyrrachion: travelled to Constantinople via Dyrrachion,Specifies presence,"J 1097, April 5",Editor,,"Interestingly, Albert calles these cities ""Bulgarian cities"". According to the editor, this was ""Easter day in 1097 was April 5"" p. 88, n. 40."
Bohemond,61,431653,St Symeon (monastery),,,Albert of Aachen,III.63,St Symeon (monastery): was ambushed on the return from St Symeon (monastery),Specifies presence,,,,
Bohemond,61,431671,Antioch (on the Orontes),https://pleiades.stoa.org/places/658381,,Albert of Aachen,IV.15-16,Antioch: organised the treachery which led to the capture of Antioch,Does not specify presence,,,,"Albert talks that there *will* be a siege of Antioch, but Bohemond at this point was not yet in Antioch, but outside it, I guess."
Bohemond,61,431689,Antioch: citadel,https://pleiades.stoa.org/places/658381,,Albert of Aachen,V.2,Antioch: citadel: took up residence in the  citadel,Specifies presence,,,,
Bohemond,61,431741,Laodikeia (Syria),https://pleiades.stoa.org/places/668290,,Albert of Aachen,VI.57-58,Laodikeia (Syria): made an unjust attack on Laodikeia (Syria),Specifies presence,,,,
Bohemond,61,431757,Neokaisareia,https://pleiades.stoa.org/places/614769,,Albert of Aachen,VII.27,Neokaisareia: was imprisioned by <Danishmend 101> in Neokaisareia,Specifies presence,,,,"Albert calles this place Nixandria (modern Niksar), only the editors call it Neocaesarea, p. 525, n. 35, and PBW accepts it as such."
Bohemond,61,431926,Avlon (Albania),,,Albert of Aachen,X.40,Avlon: sailed over and captured Avlon,Specifies presence near,,,,
Bohemond,61,431927,Dyrrachion,https://pleiades.stoa.org/places/573193,,Albert of Aachen,X.40,Dyrrachion: blockaded and besieged Dyrrachion,Specifies presence near,,,,I write 'near' because siege is outside and it doesn't mean that Bohemond was in the city.
Bohemond,61,431928,Dyrrachion,https://pleiades.stoa.org/places/573193,,Albert of Aachen,X.45,Dyrrachion: failed to capture Dyrrachion,Specifies presence near,,,,"the same as above, plus Albert here clearly states 'around Dyrrhachion' [circa Dyrachium]"
Bohemond,61,431977,Bari (Apulia),https://pleiades.stoa.org/places/442500,,Albert of Aachen,XI.48,Bari: was buried in Bari,Specifies presence,"J 1111, March 7",Editor,,"March 7, 1111, p. 824, n. 90., suggested by the editor."
Bohemond,61,373013,Avlon (Albania),,,Anna Komnene,48.38,Avlon (Albania): invaded and burned the area of Avlon (Albania),Specifies presence,,,,
Bohemond,61,373014,Kanina (Albania),,https://www.geonames.org/3185265,Anna Komnene,48.40,Kanina (Albania): set fire to the city of Kanina (Albania),Specifies presence,,,,
Bohemond,61,373015,Hiericho (Albania),,,Anna Komnene,48.40,Hiericho (Albania): burned the city of Hiericho (Albania),Specifies presence,,,,
Bohemond,61,373016,Butrinto,,,Anna Komnene,117.32,Butrinto: captured Avlon and then met up with his father at Butrinto,Specifies presence,,,,
Bohemond,61,373017,Dyrrachion,https://pleiades.stoa.org/places/573193,,Anna Komnene,147.2,Dyrrachion: was granted as his inheritance cities and islands conquered by his father in the region of Dyrrachion,Does not specify presence,J 1082,Editor,,
Bohemond,61,373018,Avlon (Albania),,,Anna Komnene,147.2,Avlon (Albania): was granted as his inheritance cities and islands conquered by his father in the region of Avlon (Albania),Does not specify presence,J 1082,Editor,,
Bohemond,61,373019,Ioannina,,,Anna Komnene,149.57,Ioannina: built a new citadel at Ioannina,Specifies presence,,,,
Bohemond,61,373020,Bagenetia,,,Anna Komnene,149.57,Bagenetia: travelled to Ioannina via Bagenetia,Specifies presence / Specifies presence near,1083,Editor,,
Bohemond,61,373021,"Pologos (Pologoi, Polobos, Poloboi, Macedonia)",,,Anna Komnene,153.73,"Pologos (Pologoi, Polobos, Poloboi, Macedonia): sent <Petros 15002> to attack the two Pologoi (two towns)",Does not specify presence,J 1082-1083 [TAQ],Editor,,winter 1082/83
Bohemond,61,373022,Skopje (Macedonia),https://pleiades.stoa.org/places/481987,,Anna Komnene,153.74,Skopje (Macedonia): sent <Pounteses 101> to attack Skopje (Macedonia),Does not specify presence,J 1082-1083 [TAQ],Editor,,winter 1082/83
Bohemond,61,373023,Ohrid,https://pleiades.stoa.org/places/481900,,Anna Komnene,153.75,Ohrid: was invited by the inhabitants but failed to take Ohrid,Specifies presence near,J 1082-1083 [TAQ],Editor,,winter 1082/83
Bohemond,61,373027,Ostrobos (Bulgaria),,https://www.geonames.org/728509,Anna Komnene,153.77,Ostrobos (Bulgaria): was repulsed empty-handed after attempting to take Ostrobos (Bulgaria),Specifies presence near,J 1082-1083 [TAQ],Editor,,winter 1082/83
Bohemond,61,373028,Berroia (Macedonia),,,Anna Komnene,153.78,Berroia: left Ostrobos and took his army through Soskos and Servia to Berroia,Specifies presence,J 1082-1083 [TAQ],Editor,,winter 1082/83
Bohemond,61,373029,Soskos,,,Anna Komnene,153.78,Soskos: left Ostrobos and took his army towards Berroia by way of Soskos,Specifies presence,J 1082-1083 [TAQ],Editor,,winter 1082/83
Bohemond,61,373030,Servia (Macedonia),https://pleiades.stoa.org/places/491676,,Anna Komnene,153.78,Servia: left Ostrobos and took his army towards Berroia by way of Servia,Specifies presence,J 1082-1083 [TAQ],Editor,,winter 1082/83
Bohemond,61,373031,Bodena,https://pleiades.stoa.org/places/491585,,Anna Komnene,153.79,Bodena: left Berroia and took his army towards Moglena by way of Bodena,Specifies presence,J 1082-1083 [TAQ],Editor,,winter 1082/83
Bohemond,61,373032,Moglena (Macedonia),,,Anna Komnene,153.80,Moglena: left Berroia and advanced his army as far as Moglena,Specifies presence / Specifies presence near,J 1082-1083 [TAQ],Editor,,"Moglena is (at least today) a municipality, so this is not a specified place."
Bohemond,61,373033,Moglena (Macedonia),,,Anna Komnene,153.80,Moglena: rebuilt a small fortification and left count <Sarakenos 15001> to guard Moglena,Does not specify presence,J 1082-1083 [TAQ],Editor,,winter 1082/83
Bohemond,61,373034,Asprai Ekklesiai,,,Anna Komnene,153.82-83,Asprai Ekklesiai: left Moglena and took his army on to Asprai Ekklesiai,Does not specify presence,J 1082-1083 [TAQ],Editor,,winter 1082/83
Bohemond,61,373035,Vardar,https://pleiades.stoa.org/places/491534,,Anna Komnene,153.82,Vardar: spent three months in Asprai Ekklesiai on the Vardar,Specifies presence,J 1082-1083 [TAQ],Editor,,winter 1082/83
Bohemond,61,373036,Asprai Ekklesiai,,,Anna Komnene,153.81-88,"Asprai Ekklesiai: foiled the plot hatched by the counts <Pounteses 101>, Gelielmos (<Guillaume 15002>) and Renaldos (<Renaud 15001>), who planned to defect to <Alexios 1> from his camp at  Asprai Ekklesiai",Specifies presence,J 1082-1083 [TAQ],Editor,,winter 1082/83
Bohemond,61,373037,Kastoria (Macedonia),,https://www.geonames.org/735927,Anna Komnene,153.92,Kastoria: left Asprai Ekklesiai and moved his army on to Kastoria,Specifies presence,J 1082-1083 [TAQ],Editor,,winter 1082/83
Bohemond,61,373038,Larissa (Thessaly),https://pleiades.stoa.org/places/540905,,Anna Komnene,153.95,"Larissa: left Kastoria and moved his army onwards, intending to winter at Larissa",Specifies presence / Specifies presence near,J 1082-1083 [TAQ],Editor,,winter 1082/83
Bohemond,61,373039,Pelagonia (Macedonia),https://pleiades.stoa.org/places/481953,,Anna Komnene,154.8-9,"Pelagonia (Macedonia): taking advantage of <Alexios 1>'s absence, sent a detachment of armed knights and took Pelagonia (Macedonia)",Does not specify presence,,,,
Bohemond,61,373040,Trikala,,,Anna Komnene,154.9,"Trikala: taking advantage of <Alexios 1>'s absence, sent a detachment of armed knights and took Trikala",Does not specify presence,,,,
Bohemond,61,373041,Kastoria (Macedonia),,https://www.geonames.org/735927,Anna Komnene,154.9,"Kastoria: taking advantage of <Alexios 1>'s absence, sent a detachment of armed knights and took Kastoria",Does not specify presence,,,,
Bohemond,61,373042,Tzibiskos,,,Anna Komnene,154.11-12,"Tzibiskos: was with his army at Trikala, but sent a detachment on to take Tzibiskos",Does not specify presence,,,,
Bohemond,61,373043,Larissa (Thessaly),https://pleiades.stoa.org/places/540905,,Anna Komnene,154.12,Larissa: arrived at the walls of Larissa,Specifies presence near,"J 1083, April 23",Editor,,"""on the festival of St. George the Martyr"". He besieged Larissa but he wasn't at this point in the town, so specifies NEAR."
Bohemond,61,373044,Salabrias,,,Anna Komnene,158.47,Salabrias: heard that his army had been defeated by <Alexios 1>'s ruse whilst eating grapes and making puns in Greek on an island on the Salabrias,Specifies presence,,,,
Bohemond,61,373045,Larissa (Thessaly),https://pleiades.stoa.org/places/540905,,Anna Komnene,159.68,Larissa: having once been defeated by <Alexios 1> made a new stand centred on a wooded plain called the Palace of Domenikos near Larissa,Specifies presence near,,,,
Bohemond,61,373046,Salabrias,,,Anna Komnene,160.2,Salabrias: pursued <Alexios 1>'s troops all the way from a defile in a wooded plain near Larissa to the Salabrias,Specifies presence / Specifies presence near,,,,
Bohemond,61,373047,Kastoria (Macedonia),,https://www.geonames.org/735927,Anna Komnene,161.26,"Kastoria: retreated from Larissa to Avlon, leaving Bryennios (<Bryennios 102>) in charge of Kastoria",Does not specify presence,,,,
Bohemond,61,373048,"Pologos (Pologoi, Polobos, Poloboi, Macedonia)",,,Anna Komnene,161.26,"Pologos (Pologoi, Polobos, Poloboi, Macedonia): retreated from Larissa to Avlon, leaving <Petros 15002> in charge of the Pologoi (two towns)",Does not specify presence,,,,
Bohemond,61,373049,Avlon (Albania),,,Anna Komnene,161.27,retreated to Avlon (Albania),Specifies presence,,,,
Bohemond,61,373050,Salerno (Italy),,,Anna Komnene,175.21,Salerno (Italy): left Avlon to return to his father at Salerno (Italy),Specifies presence,,,,
Bohemond,61,373051,Apros,https://pleiades.stoa.org/places/507367,,Anna Komnene,317.16,Apros: went ahead with a small escort to Constantinople from Apros,Specifies presence,"J 1097, April",Editor,,
Bohemond,61,373052,Kabalion (Albania),,,Anna Komnene,304.24,Kabalion (Albania): crossed the Adriatic and landed with his counts and a large Crusading army at Kabalion (Albania),Specifies presence,,,,
Bohemond,61,373053,Boouse (Albania),,,Anna Komnene,304.26,Boouse (Albania): crossed the Adriatic and landed with his counts and a large Crusading army at Kabalion near the river Boouse,Specifies presence near,,,,
Bohemond,61,373055,Constantinople: Kosmidion,,,Anna Komnene,318.37,Constantinople: Kosmas & Damianos at Paulinou: lodged whilst a guest of <Alexios 1> at  Kosmas and Damianos at Paulinou,Specifies presence,,,,
Bohemond,61,373058,Nicaea,https://pleiades.stoa.org/places/511268,,Anna Komnene,322.7,Nicaea: devised a pincer movement to attack the Turkish-occupied city of Nicaea,Does not specify presence,,,,
Bohemond,61,373059,Dorylaion,https://pleiades.stoa.org/places/609367,,Anna Komnene,330.83,Dorylaion: led the vanguard of <Tatikios 61>' army and advanced far ahead of the main contingent whilst on the plain of Dorylaion,Specifies presence / Specifies presence near,,,,
Bohemond,61,373061,Antioch (on the Orontes),https://pleiades.stoa.org/places/658381,,Anna Komnene,334.85,Antioch: attacked and took the city of Antioch,Specifies presence,"J 1098, July",Editor,,
Bohemond,61,373062,Antioch (on the Orontes),https://pleiades.stoa.org/places/658381,,Anna Komnene,342.37,Antioch: took full control as commander of Antioch,Dignity,,,,
Bohemond,61,433484,Trikala,,,Anna Komnene,160.7,Trikala: two parts of his army ended up at Trikala,Does not specify presence,,,,
Bohemond,61,433485,Kastoria (Macedonia),,https://www.geonames.org/735927,Anna Komnene,160.10,Kastoria (Macedonia): went from Larissa via Trikala to Kastoria,Does not specify presence,,,,"Anna does not specify that it wa Bohemond who left for Larissa, but his army, which does not mean that Bohemond was present there."
Bohemond,61,435548,Laodikeia (Syria),https://pleiades.stoa.org/places/668290,,Anna Komnene,352.79,Laodikeia (Syria): refused to make peace with <Manuel 62> at Laodikeia,Specifies presence,,,,
Bohemond,61,435580,Laodikeia (Syria),https://pleiades.stoa.org/places/668290,,Anna Komnene,355.79,Laodikeia (Syria): attacked <Kantakouzenos 101> as he besieged Laodikeia,Specifies presence,,,,
Bohemond,61,435599,Rome,https://pleiades.stoa.org/places/423025,,Anna Komnene,356.25,Rome: sailed from Antioch to Rome,Does not specify presence,,,,"This is a sail from Antioch to Rome, but not presence in Rome."
Bohemond,61,435614,Pisa,,,Anna Komnene,359.21,"Pisa: In order to gather forces against <Alexios 1>, he visited many places, including Pisa",Does not specify presence,,,,"Anna's text does not even say that Bohemond visited Pisa nor Venice, and certainly not in order to gather forces there! She mentions only that Alexios sent letters to these cities, and that Bohemond visited ALL cities, which is a literary trope, she does not mentioned he actually visited exactly Pisa and Venice."
Bohemond,61,435615,Venice,https://pleiades.stoa.org/places/818739154,,Anna Komnene,359.21,"Venice: In order to gather forces against <Alexios 1>, he visited many places, including Venice",Does not specify presence,,,,"Anna's text does not even say that Bohemond visited Pisa nor Venice, and certainly not in order to gather forces there! She mentions only that Alexios sent letters to these cities, and that Bohemond visited ALL cities, which is a literary trope, she does not mentioned he actually visited exactly Pisa and Venice."
Bohemond,61,227444,Antioch (on the Orontes),https://pleiades.stoa.org/places/658381,,Glykas,623.1,Antioch (on the Orontes): besieged and captured Antioch (on the Orontes),Specifies presence / Specifies presence near,,,,
Bohemond,61,339766,Larissa (Thessaly),https://pleiades.stoa.org/places/540905,,Lavra,258.4,Larissa (Thessaly): attacked with his armies the kastron of Larissa (Thessaly),Specifies presence near,,,,
Bohemond,61,447939,Melitene,https://pleiades.stoa.org/places/629039,,Ralph of Caen,141,Melitene: was captured as he was trying to relieve Melitene,Specifies presence,,,,
Bohemond,61,233031,Ohrid,https://pleiades.stoa.org/places/481900,,"Theophylaktos of Ohrid, Letters",555.29,Ohrid: raided the region of Ohrid,Specifies presence,,,,
Bohemond,61,233032,"Mokra, Mount (Macedonia)",,,"Theophylaktos of Ohrid, Letters",555.30,"Mokra, Mount (Macedonia): ravaged Mokra, Mount (Macedonia)",Specifies presence,,,,
Bohemond,61,233033,Bagora (Albania),,,"Theophylaktos of Ohrid, Letters",555.31,Bagora (Albania): occupied Bagora (Albania),Specifies presence,,,,
Bohemond,61,247204,Antioch (on the Orontes),https://pleiades.stoa.org/places/658381,,Zonaras,18.25.1,Antioch in Coele Syria: resided at and took by seige Antioch in Coele Syria,Specifies presence,,,,
Bohemond,61,247205,Dyrrachion,https://pleiades.stoa.org/places/573193,,Zonaras,18.25.4,Dyrrachion: crossed to and tried to sack Dyrrachion,Specifies presence near,,,,
Bohemond,61,247206,Dyrrachion,https://pleiades.stoa.org/places/573193,,Zonaras,18.25.5,Dyrrachion: despaired of the capture of Dyrrachion,Does not specify presence,,,,
Boktos,101,227990,Boianos (Bulgaria),,https://www.geonames.org/732995,Kekaumenos,120.1,Boianos (Bulgaria): led the Bulgarian troops defending the kastron of Boianos (Bulgaria),Specifies presence / Specifies presence near,,,,
Boril,61,433022,Constantinople: Forum of Constantine,,,Anna Komnene,86.35-36,Constantinople: Forum of Constantine: drew up the Varangians and their allies from the Milion to the Forum of Constantine,Specifies presence,,,,
Chatatourios,61,234608,Antioch (on the Orontes),https://pleiades.stoa.org/places/658381,,Attaleiates: History,136.23-137.1 / 102.25,Antioch (on the Orontes): served as doux of Antioch (on the Orontes),Dignity,,,,
Chatatourios,61,234609,"Mopsuestia (Missis(a), Cilicia)",https://pleiades.stoa.org/places/658538,,Attaleiates: History,137.3 / 103.2,"Mopsuestia (Missis(a), Cilicia): was ordered to attack the Turks expected to march through Mopsuestia (Missis(a), Cilicia)",Does not specify presence,,,,
Chatatourios,61,234692,Cilicia,https://pleiades.stoa.org/places/981514,,Attaleiates: History,172.13 / 127.24,"Cilicia: left Tyropoion to collect troops, spend the winter, and receive the sultan's envoys in Cilicia",Specifies presence,,,,
Chatatourios,61,234690,Antioch (on the Orontes),https://pleiades.stoa.org/places/658381,,Attaleiates: History,172.2 / 127.15,Antioch (on the Orontes): served as katepano of Antioch (on the Orontes),Dignity,,,,
Chatatourios,61,234691,Tyropoion (Cappadocia),,,Attaleiates: History,172.4-5 / 127.17,Tyropoion (Cappadocia): arrived with a great force to fight against <Romanos 4> at Tyropoion (Cappadocia),Specifies presence / Specifies presence near,,,,
Chatatourios,61,248631,Cilicia,https://pleiades.stoa.org/places/981514,,Psellos: Chronographia,VIIb 34.11-12,Cilicia: led <Romanos 4> to  Cilicia,Specifies presence,,,,
Chatatourios,61,247057,"Mopsuestia (Missis(a), Cilicia)",https://pleiades.stoa.org/places/658538,,Zonaras,18.12.7,"Mopsuestia (Missis(a), Cilicia): was commanded to go to and engage with Turks there Mopsuestia (Missis(a), Cilicia)",Does not specify presence,,,,
Chatatourios,61,247078,Cilicia,https://pleiades.stoa.org/places/981514,,Zonaras,18.15.12,Cilicia: taking <Romanos 4> and leading him to Cilicia,Specifies presence,,,,
Christodoulos,101,279500,Kos,https://pleiades.stoa.org/places/599581,,Patmos: Acts,2.38.376,Kos: exchanged for Patmos his property on the island of Kos,Does not specify presence,,,,
Christodoulos,101,279501,Patmos,https://pleiades.stoa.org/places/599872,,Patmos: Acts,"2.38.378, 77.3",Patmos: requested and was granted by the emperor (<Alexios 1>) the entire island of Patmos,Does not specify presence,,,,
Christodoulos,101,279503,"Latros, Mount",https://pleiades.stoa.org/places/599753,,Patmos: Acts,"1.33.7, 2.38.376, 51.9","Latros, Mount: dwelt on Latros, Mount",Specifies presence,,,,
Christodoulos,101,279508,Patmos,https://pleiades.stoa.org/places/599872,,Patmos: Acts,2.39.398,Patmos: arrived with <Georgios 217> on the island of Patmos,Specifies presence,,,,
Christodoulos,101,279511,Leros (Aegean),https://pleiades.stoa.org/places/599764,,Patmos: Acts,2.51.8,Leros (Aegean): was granted by the emperor (<Alexios 1>) properties on the island of Leros (Aegean),Does not specify presence,,,,
Christodoulos,101,279513,Pantelion (Leros),,https://www.geonames.org/255874,Patmos: Acts,2.51.6,Pantelion (Leros): was granted by the emperor (<Alexios 1>) half of the kastron of Pantelion (Leros),Does not specify presence,,,,
Christodoulos,101,279516,Temenia (Leros),,,Patmos: Acts,2.51.7,Temenia (Leros): was granted by the emperor (<Alexios 1>) the proasteion of Temenia (Leros),Does not specify presence,,,,
Christodoulos,101,279517,Parthenion (Leros),,https://www.geonames.org/255718,Patmos: Acts,2.51.7,Parthenion (Leros): was granted by the emperor (<Alexios 1>) the proasteion of Parthenion (Leros),Does not specify presence,,,,
Christodoulos,101,279537,Pantelion (Leros),,https://www.geonames.org/255874,Patmos: Acts,2.58.157,Pantelion (Leros): was granted by the emperor's mother (<Anna 61>) the other half of the kastron of Pantelion (Leros),Does not specify presence,,,,
Christodoulos,101,279545,Latros: Stylos,,,Patmos: Acts,2.77.2,Latros: Stylos: was hegoumenos of  Stylos,Dignity,,,,
Christodoulos,101,279592,Kos,https://pleiades.stoa.org/places/599581,,Patmos: Acts,1.33.14,Kos: was granted by <Nikephoros 3> 2 properties on Kos,Does not specify presence,,,,
Christodoulos,101,279594,Kos,https://pleiades.stoa.org/places/599581,,Patmos: Acts,1.33.14,Kos: received a chrysobull from <Alexios 1> confirming to him the properties granted by <Nikephoros 3> on Kos,Does not specify presence,,,,
Christodoulos,101,279595,Kos: Kastriana,,,Patmos: Acts,1.33.24,Kos: Kastriana: founded a monastery deidcated to the Theotokos at  Kastriana,Does not specify presence,,,,
Christodoulos,101,279608,Leipsos (Aegean),,https://www.geonames.org/258260,Patmos: Acts,1.45.30,Leipsos (Aegean): requested from <Alexios 1> and was granted the entire island of Leipsos (Aegean),Does not specify presence,,,,
Christodoulos,101,279609,Parthenion (Leros),,https://www.geonames.org/255718,Patmos: Acts,1.45.31,Parthenion (Leros): requested from <Alexios 1> and was granted the proasteion of Parthenion (Leros),Does not specify presence,,,,
Christodoulos,101,279610,Temenia (Leros),,,Patmos: Acts,1.45.31-32,Temenia (Leros): requested from <Alexios 1> and was granted the proasteion of Temenia (Leros),Does not specify presence,,,,
Christodoulos,101,279611,Pantelion (Leros),,https://www.geonames.org/255874,Patmos: Acts,1.45.32-33,Pantelion (Leros): requested from <Alexios 1> and was granted one half of the proasteion of Pantelion (Leros),Does not specify presence,,,,
Christodoulos,101,279613,Patmos,https://pleiades.stoa.org/places/599872,,Patmos: Acts,1.59,Patmos: decided to settle on Patmos,Specifies presence,,,,
Christodoulos,101,279614,Patmos,https://pleiades.stoa.org/places/599872,,Patmos: Acts,1.59,Patmos: requested and was granted by <Alexios 1> the island of Patmos,Does not specify presence,,,,"Of course, Christodoulos was the priest who founded this monastery, but in those specific parts of the text he is not mentioned as present."
Christodoulos,101,279618,Leros (Aegean),https://pleiades.stoa.org/places/599764,,Patmos: Acts,1.61.20,Leros (Aegean): was allowed by <Alexios 1> to keep his properties on the island of Leros (Aegean),Does not specify presence,,,,
Christodoulos,101,279619,Leipsos (Aegean),,https://www.geonames.org/258260,Patmos: Acts,1.61.20,Leipsos (Aegean): was allowed by <Alexios 1> to keep the island of Leipsos (Aegean),Does not specify presence,,,,
Christodoulos,101,341759,"Latros, Mount",https://pleiades.stoa.org/places/599753,,Patmos: Testament,81,"Latros, Mount: was a monk on Latros, Mount",Dignity,J 1093 [TAQ],Aleksandar,,"This document was produced in 1093, March 10 and 15."
Christodoulos,101,341760,"Latros, Mount",https://pleiades.stoa.org/places/599753,,Patmos: Testament,81,"Latros, Mount: came from Latros, Mount",Specifies presence,J 1093 [TAQ],Aleksandar,,"This document was produced in 1093, March 10 and 15."
Christodoulos,101,341761,Patmos,https://pleiades.stoa.org/places/599872,,Patmos: Testament,81,Patmos: owned by imperial gift the island of Patmos,Does not specify presence,J 1093 [TAQ],Aleksandar,,"Of course, Christodoulos was the priest who founded this monastery, but in those specific parts of the text he is not mentioned as present.. This document was produced in 1093, March 10 and 15."
Christodoulos,101,341762,Leipsos (Aegean),,https://www.geonames.org/258260,Patmos: Testament,81,Leipsos (Aegean): owned by imperial gift the island of Leipsos (Aegean),Does not specify presence,J 1093 [TAQ],Aleksandar,,"This document was produced in 1093, March 10 and 15."
Christodoulos,101,341763,Parthenion (Leros),,https://www.geonames.org/255718,Patmos: Testament,81,Parthenion (Leros): owned and disposed of in his testament the estate of Parthenion (Leros),Does not specify presence,J 1093 [TAQ],Aleksandar,,"This document was produced in 1093, March 10 and 15."
Christodoulos,101,341767,Patmos,https://pleiades.stoa.org/places/599872,,Patmos: Testament,81,Patmos: wished to build a church to Ioannes the Evangelist and a monastery on Patmos,Does not specify presence,J 1093 [TAQ],Aleksandar,,"This document was produced in 1093, March 10 and 15."
Christodoulos,101,341768,Patmos,https://pleiades.stoa.org/places/599872,,Patmos: Testament,82,Patmos: designated <Arsenios 107> his successor as master of his monastery on Patmos,Dignity,J 1093 [TAQ],Aleksandar,,"This document was produced in 1093, March 10 and 15."
Christodoulos,101,341773,Patmos,https://pleiades.stoa.org/places/599872,,Patmos: Testament,82,Patmos: disposed of his possessions (livestock?) on Patmos,Does not specify presence,J 1093 [TAQ],Aleksandar,,"This document was produced in 1093, March 10 and 15."
Christodoulos,101,341774,Parthenion (Leros),,https://www.geonames.org/255718,Patmos: Testament,82,Parthenion (Leros): disposed of his possessions (livestock?) on the estate of Parthenion (Leros),Does not specify presence,J 1093 [TAQ],Aleksandar,,"This document was produced in 1093, March 10 and 15."
Christodoulos,101,341775,Leipsos (Aegean),,https://www.geonames.org/258260,Patmos: Testament,82,Leipsos (Aegean): disposed of his possessions (livestock?) on Leipsos (Aegean),Does not specify presence,J 1093 [TAQ],Aleksandar,,"This document was produced in 1093, March 10 and 15."
Christodoulos,101,341779,Patmos,https://pleiades.stoa.org/places/599872,,Patmos: Testament,82,Patmos: bequeathed his four boats to his monastery on Patmos,Does not specify presence,J 1093 [TAQ],Aleksandar,,"This document was produced in 1093, March 10 and 15."
Christodoulos,101,341780,Patmos,https://pleiades.stoa.org/places/599872,,Patmos: Testament,82,Patmos: designated <Theodosios 14102> his second choice as leader of the monastery on Patmos,Dignity,J 1093 [TAQ],Aleksandar,,"This document was produced in 1093, March 10 and 15."
Christodoulos,101,341783,Patmos,https://pleiades.stoa.org/places/599872,,Patmos: Testament,82,"Patmos: granted <Arsenios 107>, if he came, full right and dominion over the monastery on Patmos",Does not specify presence,J 1093 [TAQ],Aleksandar,,"This document was produced in 1093, March 10 and 15."
Christodoulos,101,341786,Patmos,https://pleiades.stoa.org/places/599872,,Patmos: Testament,82,"Patmos: directed <Theodosios 14102> to come, be tonsured and direct the monastery on Patmos",Does not specify presence,J 1093 [TAQ],Aleksandar,,"This document was produced in 1093, March 10 and 15."
Christodoulos,101,341787,Patmos,https://pleiades.stoa.org/places/599872,,Patmos: Testament,82,Patmos: forbade <Theodosios 14102> to introduce any of his relatives into the monastery on Patmos,Does not specify presence,J 1093 [TAQ],Aleksandar,,"This document was produced in 1093, March 10 and 15."
Christodoulos,101,341798,Patmos,https://pleiades.stoa.org/places/599872,,Patmos: Testament,83,Patmos: listed the monks who remained in the monastery on Patmos,Does not specify presence,J 1093 [TAQ],Aleksandar,,"This document was produced in 1093, March 10 and 15."
Christodoulos,101,341799,Patmos,https://pleiades.stoa.org/places/599872,,Patmos: Testament,83,Patmos: ruled that <Theodosios 14102> should have the same authority as he in the monastery on Patmos,Does not specify presence,J 1093 [TAQ],Aleksandar,,"This document was produced in 1093, March 10 and 15."
Christodoulos,101,341800,Patmos,https://pleiades.stoa.org/places/599872,,Patmos: Testament,83,"Patmos: ruled that <Zoilos 14101>, <Kyrillos 14101>, <Loukas 14101> must not oppose <Theodosios 14102> in the monastery on  Patmos",Does not specify presence,J 1093 [TAQ],Aleksandar,,"This document was produced in 1093, March 10 and 15."
Christodoulos,101,341805,Patmos,https://pleiades.stoa.org/places/599872,,Patmos: Testament,83,Patmos: left all his books to the monastery on Patmos,Does not specify presence,J 1093 [TAQ],Aleksandar,,"This document was produced in 1093, March 10 and 15."
Christodoulos,101,341807,Patmos,https://pleiades.stoa.org/places/599872,,Patmos: Testament,83,"Patmos: excluded <Theophanes 14101>, <Epiphanios 14101>, <Ioannes 14108> from his monastery on Patmos",Does not specify presence,J 1093 [TAQ],Aleksandar,,"This document was produced in 1093, March 10 and 15."
Christodoulos,101,341811,Patmos,https://pleiades.stoa.org/places/599872,,Patmos: Testament,83,Patmos: bequeathed to <Theodoretos 14101> nine chiata nomismata from his monastery on Patmos,Does not specify presence,J 1093 [TAQ],Aleksandar,,"This document was produced in 1093, March 10 and 15."
Christodoulos,101,341813,Patmos,https://pleiades.stoa.org/places/599872,,Patmos: Testament,84,Patmos: bequeathed the icons that he had in Euripos to the monastery on Patmos,Does not specify presence,J 1093 [TAQ],Aleksandar,,"This document was produced in 1093, March 10 and 15."
Christodoulos,101,341814,Patmos,https://pleiades.stoa.org/places/599872,,Patmos: Testament,84,Patmos: left another icon of the Mother of God to the monastery on Patmos,Does not specify presence,J 1093 [TAQ],Aleksandar,,"This document was produced in 1093, March 10 and 15."
Christodoulos,101,341815,Patmos,https://pleiades.stoa.org/places/599872,,Patmos: Testament,84,Patmos: ordered <Theodosios 14102> to receive fugitive monks who returned to the monastery on Patmos,Does not specify presence,J 1093 [TAQ],Aleksandar,,"This document was produced in 1093, March 10 and 15."
Christodoulos,101,341778,Euripos,,,Patmos: Testament,83-4,Euripos: had icons with him at Euripos,Specifies presence,J 1093 [TAQ],Aleksandar,,"This document was produced in 1093, March 10 and 15."
Christodoulos,101,341695,Patmos,https://pleiades.stoa.org/places/599872,,Patmos: Typikon,59,Patmos: laid down a rule for his disciples in his monastery on Patmos,Does not specify presence,J 1091 [TAQ],Aleksandar,,This document was produced in May 1091.
Christodoulos,101,341696,East,,,Patmos: Typikon,60,East: originated from the East,Does not specify presence,J 1091 [TAQ],Aleksandar,,This document was produced in May 1091.
Christodoulos,101,341697,Palestine,,,Patmos: Typikon,60,Palestine: in order to venerate Christ's steps went to Palestine,Specifies presence,J 1091 [TAQ],Aleksandar,,This document was produced in May 1091.
Christodoulos,101,341698,Palestine,,,Patmos: Typikon,60,Palestine: moved to and settled for some time in the most desolate parts of Palestine,Specifies presence,J 1091 [TAQ],Aleksandar,,This document was produced in May 1091.
Christodoulos,101,341699,Palestine,,,Patmos: Typikon,60,Palestine: after the Saracen invasion fled from Palestine,Specifies presence,J 1091 [TAQ],Aleksandar,,This document was produced in May 1091.
Christodoulos,101,341700,"Latros, Mount",https://pleiades.stoa.org/places/599753,,Patmos: Typikon,60,"Latros, Mount: came to Latros, Mount",Specifies presence,J 1091 [TAQ],Aleksandar,,This document was produced in May 1091.
Christodoulos,101,341701,"Latros, Mount",https://pleiades.stoa.org/places/599753,,Patmos: Typikon,61,"Latros, Mount: lived in a coenobitic community on Latros, Mount",Specifies presence,J 1091 [TAQ],Aleksandar,,This document was produced in May 1091.
Christodoulos,101,341702,"Latros, Mount",https://pleiades.stoa.org/places/599753,,Patmos: Typikon,62,"Latros, Mount: was entrusted by <Kosmas 11> with  Latros, Mount",Does not specify presence,J 1091 [TAQ],Aleksandar,,This document was produced in May 1091.
Christodoulos,101,341704,Strobilos (Caria),https://pleiades.stoa.org/places/599965,,Patmos: Typikon,62,Strobilos (Caria): went to Strobilos (Caria),Specifies presence,J 1091 [TAQ],Aleksandar,,This document was produced in May 1091.
Christodoulos,101,341707,Strobilos (Caria),https://pleiades.stoa.org/places/599965,,Patmos: Typikon,62,Strobilos (Caria): was offered <Arsenios 107>'s monastery at Strobilos (Caria),Does not specify presence,J 1091 [TAQ],Aleksandar,,This document was produced in May 1091.
Christodoulos,101,341709,Kos,https://pleiades.stoa.org/places/599581,,Patmos: Typikon,62,Kos: was begged by <Arsenios 107> to cross to and found a monastery on the latter's estates on Kos,Does not specify presence,J 1091 [TAQ],Aleksandar,,This document was produced in May 1091.
Christodoulos,101,341710,Kos,https://pleiades.stoa.org/places/599581,,Patmos: Typikon,62,Kos: swiftly visited  Kos,Specifies presence,J 1091 [TAQ],Aleksandar,,This document was produced in May 1091.
Christodoulos,101,341712,Kos: Pelion,,,Patmos: Typikon,63,Kos: Pelion: thought that he would remain there until he died and bequeath his body to  Pelion,Specifies presence,J 1091 [TAQ],Aleksandar,,This document was produced in May 1091.
Christodoulos,101,341713,Kos: Pelion,,,Patmos: Typikon,63,Kos: Pelion: endured great toils on  Pelion,Specifies presence,J 1091 [TAQ],Aleksandar,,This document was produced in May 1091.
Christodoulos,101,341714,Patmos,https://pleiades.stoa.org/places/599872,,Patmos: Typikon,63,Patmos: by God's will was to find his fate and his tomb on Patmos,Specifies presence,J 1091 [TAQ],Aleksandar,,This document was produced in May 1091.
Christodoulos,101,341716,Kos: Pelion,,,Patmos: Typikon,63,Kos: Pelion: related what happened to him on  Pelion,Specifies presence,J 1091 [TAQ],Aleksandar,,This document was produced in May 1091.
Christodoulos,101,341718,Patmos,https://pleiades.stoa.org/places/599872,,Patmos: Typikon,64,Patmos: was possessed with desire for Patmos,Does not specify presence,J 1091 [TAQ],Aleksandar,,This document was produced in May 1091.
Christodoulos,101,341719,Patmos,https://pleiades.stoa.org/places/599872,,Patmos: Typikon,64,Patmos: above Sinai set  Patmos,Does not specify presence,J 1091 [TAQ],Aleksandar,,This document was produced in May 1091.
Christodoulos,101,341720,Sinai,,,Patmos: Typikon,64,Sinai: set Patmos above Sinai,Does not specify presence,J 1091 [TAQ],Aleksandar,,This document was produced in May 1091.
Christodoulos,101,341722,Kos: Kellia and Zagora,,,Patmos: Typikon,64,Kos: Kellia and Zagora: was begged by <Alexios 1> to accept the government of  Kellia and Zagora,Does not specify presence,J 1091 [TAQ],Aleksandar,,This document was produced in May 1091.
Christodoulos,101,341723,Patmos,https://pleiades.stoa.org/places/599872,,Patmos: Typikon,65,Patmos: begged <Alexios 1> to grant his wish about Patmos,Does not specify presence,J 1091 [TAQ],Aleksandar,,This document was produced in May 1091.
Christodoulos,101,341726,Kos,https://pleiades.stoa.org/places/599581,,Patmos: Typikon,65,Kos: renounced in favour of the fisc all his possessions from <Arsenios 107> on Kos,Does not specify presence,J 1091 [TAQ],Aleksandar,,This document was produced in May 1091.
Christodoulos,101,341727,Strobilos (Caria),https://pleiades.stoa.org/places/599965,,Patmos: Typikon,65,Strobilos (Caria): renounced in favour of the fisc all his possessions from <Arsenios 107> at Strobilos (Caria),Does not specify presence,J 1091 [TAQ],Aleksandar,,This document was produced in May 1091.
Christodoulos,101,341730,Leros (Aegean),https://pleiades.stoa.org/places/599764,,Patmos: Typikon,65,Leros (Aegean): retained two estates which came to him from (<Konstantinos 224>) Kaballarios and <Arsenios 107> on Leros (Aegean),Does not specify presence,J 1091 [TAQ],Aleksandar,,This document was produced in May 1091.
Christodoulos,101,341733,Patmos,https://pleiades.stoa.org/places/599872,,Patmos: Typikon,65,Patmos: was by imperial chrysobull the entire island of Patmos,Dignity,J 1091 [TAQ],Aleksandar,,This document was produced in May 1091.
Christodoulos,101,341734,Narkioi (Aegean),,,Patmos: Typikon,65,Narkioi (Aegean): was given by imperial chrysobull the islet of Narkioi (Aegean),Does not specify presence,J 1091 [TAQ],Aleksandar,,This document was produced in May 1091.
Christodoulos,101,341735,Leipsos (Aegean),,https://www.geonames.org/258260,Patmos: Typikon,65,Leipsos (Aegean): was given by imperial chrysobull the islet of Leipsos (Aegean),Does not specify presence,J 1091 [TAQ],Aleksandar,,This document was produced in May 1091.
Christodoulos,101,341736,Parthenion (Leros),,https://www.geonames.org/255718,Patmos: Typikon,65,Parthenion (Leros): was given by imperial chrysobull the estate of Parthenion (Leros),Does not specify presence,J 1091 [TAQ],Aleksandar,,This document was produced in May 1091.
Christodoulos,101,341737,Patmos,https://pleiades.stoa.org/places/599872,,Patmos: Typikon,65,"Patmos: noted that laymen with families, young men and eunuchs were forbidden to live on Patmos",Does not specify presence,J 1091 [TAQ],Aleksandar,,This document was produced in May 1091.
Christodoulos,101,341738,Kos,https://pleiades.stoa.org/places/599581,,Patmos: Typikon,66,Kos: sailed for Kos,Specifies presence / Specifies presence near,J 1091 [TAQ],Aleksandar,,This document was produced in May 1091.
Christodoulos,101,341740,Kos,https://pleiades.stoa.org/places/599581,,Patmos: Typikon,66,Kos: handed over to <Anonymus 14147> for the fisc all his immovable property on Kos,Does not specify presence,J 1091 [TAQ],Aleksandar,,This document was produced in May 1091.
Christodoulos,101,341741,Strobilos (Caria),https://pleiades.stoa.org/places/599965,,Patmos: Typikon,66,Strobilos (Caria): handed over to <Anonymus 14147> for the fisc all his immovable property in Strobilos (Caria),Does not specify presence,J 1091 [TAQ],Aleksandar,,This document was produced in May 1091.
Christodoulos,101,341744,Patmos,https://pleiades.stoa.org/places/599872,,Patmos: Typikon,66,Patmos: received for himself the whole island of Patmos,Does not specify presence,J 1091 [TAQ],Aleksandar,,This document was produced in May 1091.
Christodoulos,101,341747,Patmos,https://pleiades.stoa.org/places/599872,,Patmos: Typikon,66,Patmos: delighted in the isolation and quietude of Patmos,Specifies presence,J 1091 [TAQ],Aleksandar,,This document was produced in May 1091.
Christodoulos,101,341748,Patmos,https://pleiades.stoa.org/places/599872,,Patmos: Typikon,66,Patmos: because of Ioannes the Theologian was possessed by love of  Patmos,Does not specify presence,J 1091 [TAQ],Aleksandar,,This document was produced in May 1091.
Christodoulos,101,341749,Patmos,https://pleiades.stoa.org/places/599872,,Patmos: Typikon,67,Patmos: was forced to admit married laymen to live on Patmos,Does not specify presence,J 1091 [TAQ],Aleksandar,,This document was produced in May 1091.
Christodoulos,101,341750,Patmos,https://pleiades.stoa.org/places/599872,,Patmos: Typikon,67,Patmos: wished and directed that laymen be allowed to live on Patmos,Does not specify presence,J 1091 [TAQ],Aleksandar,,This document was produced in May 1091.
Christodoulos,101,341751,Patmos,https://pleiades.stoa.org/places/599872,,Patmos: Typikon,67,Patmos: directed that laymen live in a well-defined area to the north of  Patmos,Does not specify presence,J 1091 [TAQ],Aleksandar,,This document was produced in May 1091.
Christodoulos,101,341752,Patmos,https://pleiades.stoa.org/places/599872,,Patmos: Typikon,67,Patmos: forbade women or children to go into the interior of Patmos,Does not specify presence,J 1091 [TAQ],Aleksandar,,This document was produced in May 1091.
Christodoulos,101,341753,Patmos,https://pleiades.stoa.org/places/599872,,Patmos: Typikon,68,Patmos: stressed his wishes about the restricted residence of laymen on Patmos,Does not specify presence,J 1091 [TAQ],Aleksandar,,This document was produced in May 1091.
Christodoulos,101,341754,Patmos,https://pleiades.stoa.org/places/599872,,Patmos: Typikon,68,Patmos: ordered any layman who let his womenfolk trespass within the interior of to be expelled from Patmos,Does not specify presence,J 1091 [TAQ],Aleksandar,,This document was produced in May 1091.
Christodoulos,101,341755,Patmos,https://pleiades.stoa.org/places/599872,,Patmos: Typikon,76,Patmos: noted the many remote places suitable for monks wishing to progress to the solitary life on Patmos,Does not specify presence,J 1091 [TAQ],Aleksandar,,This document was produced in May 1091.
Christodoulos,101,341756,Patmos,https://pleiades.stoa.org/places/599872,,Patmos: Typikon,77,Patmos: instructed that a lapsed solitary who failed to submit should be expelled from Patmos,Does not specify presence,J 1091 [TAQ],Aleksandar,,This document was produced in May 1091.
Christodoulos,101,341757,Patmos,https://pleiades.stoa.org/places/599872,,Patmos: Typikon,77,Patmos: stipulated severe treatment of solitaries on  Patmos,Does not specify presence,J 1091 [TAQ],Aleksandar,,This document was produced in May 1091.
Christodoulos,101,341758,"Latros, Mount",https://pleiades.stoa.org/places/599753,,Patmos: Typikon,80,"Latros, Mount: came from Latros, Mount",Specifies presence,J 1091 [TAQ],Aleksandar,,This document was produced in May 1091.
Christodoulos,101,341711,Kos: Pelion,,,Patmos: Typikon,62-3,"Kos: Pelion: found, was delighted with and eager to build a monastery on  Pelion",Specifies presence,J 1091 [TAQ],Aleksandar,,This document was produced in May 1091.
Christophoros,107,225957,Chalcedon,https://pleiades.stoa.org/places/520988,,Alexios Stoudites,"26.7, 42.11",Chalcedon: was metropolitan of Chalcedon,Dignity,,,,
Christophoros,102,226438,Kopteriou (Mesopotamia),,,Boilas,22.62,Kopteriou (Mesopotamia): was bequeathed by <Eustathios 105> Boilas his chorion of Kopteriou (Mesopotamia),Specifies presence,,,,
Christophoros,102,226441,Chouspakrati (Mesopotamia),,,Boilas,22.62,Chouspakrati (Mesopotamia): was bequeathed by <Eustathios 105> Boilas his chorion of Chouspakrati (Mesopotamia),Specifies presence,,,,
Chrysoskoulos,101,234621,"Constantinople: Great Palace, Chrysotriklinos",,,Attaleiates: History,142.12-13 / 106.21-22,"Constantinople: Great Palace, Chrysotriklinos: was received by the emperor (<Romanos 4>) in the  Great Palace, Chrysotriklinos",Specifies presence,,,,
Damianos,103,229792,Ephesos,https://pleiades.stoa.org/places/599612,,Lazaros of Galesion,577C,Ephesos: went to find some like-minded people to assist his plot at Ephesos,Does not specify presence,,,,
Damianos,103,229793,Amorion,https://pleiades.stoa.org/places/609302,,Lazaros of Galesion,577E,Amorion: abandoned the other monks when they reached Amorion,Specifies presence,,,,
Danishmend,101,431758,Neokaisareia,https://pleiades.stoa.org/places/614769,,Albert of Aachen,VII.27,Neokaisareia: imprisoned <Bohemond 61> in Neokaisareia,Specifies presence,,,,"Albert calles this place Nixandria (modern Niksar), only the editors call it Neocaesarea, p. 525, n. 35, and PBW accepts it as such."
Danishmend,101,431834,Herakleia,https://pleiades.stoa.org/places/511333,,Albert of Aachen,VIII.30-31,Herakleia: massaced the army of <William 26103> at Herakleia,Specifies presence,"J 1101, June 23",,,"Albert calls this place Germanicopla, not Herakleia."
Danishmend,101,233007,Pontos,https://pleiades.stoa.org/places/344460,,"Theophylaktos of Ohrid, Letters",427.14,Pontos: imposed taxes on the Greek cities between the Tanais and Lake Maiotis in the Pontos,Does not specify presence,,,,
Danishmend,101,233008,Lazika,,,"Theophylaktos of Ohrid, Letters",427.15,Lazika: imposed taxes on the Greek cities up to the Phasis in Lazika,Does not specify presence,,,,
Danishmend,101,233009,Armenia,https://pleiades.stoa.org/places/874350,,"Theophylaktos of Ohrid, Letters",427.18,Armenia: imposed taxes on the Greek cities of Armenia,Does not specify presence,,,,
David,110,225966,Synada (Phrygia),https://pleiades.stoa.org/places/609538,,Alexios Stoudites,26.26,Synada (Phrygia): was metropolitan of Synada (Phrygia),Dignity,,,,
David,102,234834,Constantinople: Hagia Sophia,https://pleiades.stoa.org/places/307220778,,Attaleiates: History,271.17 / 194.20-21,Constantinople: Hagia Sophia: dragged away the bishop of Ikonion from the altar table in the sanctuary of  Hagia Sophia,Specifies presence,,,,
David,102,234835,Herakleia (Thrace),https://pleiades.stoa.org/places/511333,,Attaleiates: History,271.23 / 194.25,Herakleia (Thrace): fled Constantinople on horseback and reached <Roussel 61> at Herakleia (Thrace),Specifies presence,,,,
Demetrios,101,225903,Kyzikos,https://pleiades.stoa.org/places/511218,,Alexios Stoudites,"11.31, 18.28, 25.9, 42.9, Rhalles-Potles 5.32",Kyzikos: was metropolitan of Kyzikos,Dignity,,,,
Demetrios,101,225909,Constantinople: Hagia Sophia,https://pleiades.stoa.org/places/307220778,,Alexios Stoudites,"18.29, 25.10",Constantinople: Hagia Sophia: served as oikonomos of  Hagia Sophia,Dignity,,,,"Alexios specifies presence but doesn't say Hagia Sophia nor he mentions Constantinople (or 'the City'), but he says that Demetrios was oikonomos of the ""great church,"" which is Hagia Sophia, but this was still noteworthy."
Demetrios,147,225017,Kypsella (Thrace),https://pleiades.stoa.org/places/501489,,Chrysobull of 1079,31.35,Kypsella (Thrace): was metropolitan of Kypsella (Thrace),Dignity,,,,
Demetrios,105,227983,Servia (Macedonia),https://pleiades.stoa.org/places/491676,,Kekaumenos,112.9,Servia (Macedonia): attempted but initially failed to capture Servia (Macedonia),Does not specify presence,,,,
Demetrios,105,227984,Servia (Macedonia),https://pleiades.stoa.org/places/491676,,Kekaumenos,114.6,Servia (Macedonia): captured without bloodshed the kastron of Servia (Macedonia),Specifies presence / Specifies presence near,,,,
Demetrios,116,339662,Kamena (Chalkidike),,,Lavra,205.13,"Kamena (Chalkidike): went together with <Nikolaos 211>, <Georgios 229>, and the other witnesses to Kamena (Chalkidike)",Specifies presence,,,,
Demetrios,101,417030,Kyzikos,https://pleiades.stoa.org/places/511218,,Seals,,Kyzikos: was metropolitan of Kyzikos,Dignity,,,,
Demetrios,103,233029,Ohrid,https://pleiades.stoa.org/places/481900,,"Theophylaktos of Ohrid, Letters",539.9,Ohrid: suffered from ill health after leaving Ohrid,Specifies presence,,,,
Dionysios,103,225948,Prokonnesos (Marmara),https://pleiades.stoa.org/places/511379,,Alexios Stoudites,"20.16, Rhalles-Potles 5.24, 5.32",Proikonnesos (Marmara): was archbishop of Proikonnesos (Marmara),Dignity,,,,
Dobromir,101,234860,Mesembria (Bulgaria),https://pleiades.stoa.org/places/216882,,Attaleiates: History,302.3-4 / 216.7,Mesembria (Bulgaria): raided the region of Mesembria (Bulgaria),Specifies presence,,,,
Dobronas,101,228042,Zara (Dalmatia),https://pleiades.stoa.org/places/197312,,Kekaumenos,236.6,Zara (Dalmatia): was ruler of Salona and Zara (Dalmatia),Dignity,,,,
Dobronas,101,228043,Salona (Dalmatia),,,Kekaumenos,236.6,Salona (Dalmatia): was ruler of Iadora (Zara) and Salona (Dalmatia),Dignity,,,,
Dobronas,101,228046,Constantinople: Praitorion,,,Kekaumenos,236.22-23,Constantinople: Praitorion: was imprisoned and died in the  Praitorion,Specifies presence,,,,
Dominikos,101,434682,Venice,https://pleiades.stoa.org/places/818739154,,Domenico of Grado,p. 205 A 1,Venice: called himself patriarch of Venice,Dignity,,,,
Dominikos,101,444698,Venice,https://pleiades.stoa.org/places/818739154,,"Gregory VII, in Caspar","I, 18 (29.25)",Venice: was patriarch of Venice,Dignity,,,,
Dominikos,101,434886,Venice,https://pleiades.stoa.org/places/818739154,,Petros of Antioch  ,ep. to Keroularios (Will) 199.7,Venice: was archbishop of Venice,Dignity,,,,
Dorotheos,102,229760,Ikonion,https://pleiades.stoa.org/places/648647,,Lazaros of Galesion,562A,Ikonion: hailed from Ikonion,Specifies presence,,,,
Eirene,61,373006,Constantinople: Great Palace,,,Anna Komnene,89.62,Constantinople: Great Palace: when her husband <Alexios 1> came to the throne she went to live in the   Great Palace,Specifies presence,,,,
Eirene,61,443947,Thessalonike,https://pleiades.stoa.org/places/491741,,Anna Komnene,394.28,Thessalonike: she had spent some time at Thessalonike,Specifies presence,J 1108,Editor,,
Eirene,61,443949,Kalli(ou)polis (Dardanelles),,,Anna Komnene,438.49,Kalli(ou)polis (Dardanelles): spent time with <Alexios 1> at Kallioupolis,Specifies presence,,,,
Eirene,61,444040,Princes' Islands: Prinkipo,,https://www.geonames.org/750249,Anna Komnene,463.77,Princes' Islands: Prinkipo: was positiond on Prinkipo,Specifies presence,,,,
Eirene,61,444042,Helenopolis (Bithynia),https://pleiades.stoa.org/places/511240,,Anna Komnene,464.20,Helenopolis (Bithynia): her ship was forced to anchor off Helenopolis,Specifies presence,,,,
Eirene,61,444054,Nikomedeia,https://pleiades.stoa.org/places/511337,,Anna Komnene,466.91-92,Nikomedeia: she was summoned to Nikomedeia in a lull in the fighting,Specifies presence,,,,
Eirene,65,437119,Alania,,,"Basilakios, Orationes et epistulae",32.7-14,"Alania: was a basilis from Alania, in the Caucasus",Dignity,,,,
Eirene,102,226424,Cappadocia,,,Boilas,21.35,"Cappadocia: abandoned together with her parents and siblings (<Eustathios 105>, <Anna 102>, <Maria 106>, <Romanos 106>) Cappadocia",Specifies presence,,,,
Eirene,102,226452,Tantzouten (Mesopotamia),,,Boilas,23.81,Tantzouten (Mesopotamia): was given as dowry by her father (<Eustathios 105> Boilas) the proasteion of Tantzouten (Mesopotamia),Does not specify presence,,,,
Eirene,102,226462,Paraboniou (Mesopotamia),,,Boilas,25174,Paraboniou (Mesopotamia): was bequeathed by her father (<Eustathios 105>) his estate of Paraboniou (Mesopotamia),Does not specify presence,,,,
Eirene,134,229640,Ephesos,https://pleiades.stoa.org/places/599612,,Lazaros of Galesion,527A,Ephesos: dwelt at Ephesos,Specifies presence,,,,
Eirene,65,418678,Alania,,,Seals,,Alania: was daughter of the ruler of Alania,Dignity,,,,
Eirene,61,247163,Constantinople: Kanikleiou,,,Zonaras,18.21.1,Constantinople: Kanikleiou: was summoned from the monastery of Kanikleiou,Specifies presence,,,,
Eirene,61,247166,Constantinople: Great Palace,,,Zonaras,18.21.1,Constantinople: Great Palace: was summoned to  the palace,Specifies presence,,,,
Eirene,65,247164,Constantinople: Kanikleiou,,,Zonaras,18.21.1,Constantinople: Kanikleiou: was summoned from the monastery of Kanikleiou,Specifies presence,,,,
Eirene,65,247167,Constantinople: Great Palace,,,Zonaras,18.21.1,Constantinople: Great Palace: was summoned to  Palace,Specifies presence,,,,
Eirene,65,247170,Constantinople: Hagia Sophia,https://pleiades.stoa.org/places/307220778,,Zonaras,18.21.2,Constantinople: Hagia Sophia: took refuge in  Hagia Sophia,Specifies presence,,,,
Eirene,61,247172,Constantinople: Kanikleiou,,,Zonaras,18.21.2-3,Constantinople: Kanikleiou: was transferred to the monastery of Kanikleiou,Specifies presence,,,,
Eirene,65,247173,Constantinople: Kanikleiou,,,Zonaras,18.21.2-3,Constantinople: Kanikleiou: was transferred to the monastery of Kanikleiou,Specifies presence,,,,
Eirene,61,247169,Constantinople: Hagia Sophia,https://pleiades.stoa.org/places/307220778,,Zonaras,18.22.2,Constantinople: Hagia Sophia: took refuge in  Hagia Sophia,Specifies presence,,,,
Eirene,61,247213,Constantinople: Great Palace,,,Zonaras,18.26.3,Constantinople: Great Palace: reached  the palace,Specifies presence,,,,
Eleutherios,103,433613,Egypt,,,Anna Komnene,182.40,Egypt: was from Egypt,Specifies presence,,,,
Elias,103,225953,Antioch (on the Orontes),https://pleiades.stoa.org/places/658381,,Alexios Stoudites,25.6,Antioch (on the Orontes): was patriarch of Antioch (on the Orontes),Dignity,,,,
Epiphanios,102,225930,Mokissos (Cappadocia),https://pleiades.stoa.org/places/619174,,Alexios Stoudites,"19.31, 26.15",Mokissos (Cappadocia): was metropolitan of Mokissos (Cappadocia),Dignity,,,,
Esaias,104,229765,"Galesion, Mount: Saviour",,,Lazaros of Galesion,568E,"Galesion, Mount: Saviour: had the church decorated with contributions from the faithful at the (monastery of the)  Saviour",Does not specify presence,,,,
Esaias,104,229766,"Galesion, Mount: Theotokos",,,Lazaros of Galesion,568E,"Galesion, Mount: Theotokos: had the church decorated with contributions from the faithful at the (monastery of the)  Theotokos",Does not specify presence,,,,
Esaias,104,229767,"Galesion, Mount: Resurrection",,,Lazaros of Galesion,568E,"Galesion, Mount: Resurrection: had the church decorated with contributions from the faithful at the (monastery of the)  Resurrection",Does not specify presence,,,,
Esaias,102,229809,Constantinople: Maurianos,,,Lazaros of Galesion,580B,Constantinople: Maurianos: stayed at the house of a widow (<Anonyma 188>) on the embolos of Maurianos,Specifies presence,,,,
Esaias,106,229827,Hagios Gregorios (near Ephesos?),,,Lazaros of Galesion,585A,Hagios Gregorios (near Ephesos?): left Galesion and went to (the monastery of) Hagios Gregorios (near Ephesos?),Specifies presence,,,,
Eudokia,1,234532,Constantinople: Hagia Sophia,https://pleiades.stoa.org/places/307220778,,Attaleiates: History,100.2-3 / 75.15-16,Constantinople: Hagia Sophia: came in procession with her children to the great temple of  Hagia Sophia,Specifies presence,,,,
Eudokia,1,234625,Constantinople: Great Palace,,,Attaleiates: History,143.13 / 107.16,"Constantinople: palace: did not accompany her husband to Hieria as customary, but remained in the  palace",Specifies presence,,,,
Eudokia,1,234626,Hieria (near Chalcedon),https://pleiades.stoa.org/places/521029,,Attaleiates: History,143.21 / 107.22,Hieria (near Chalcedon): joined her husband (<Romanos 4>) at Hieria (near Chalcedon),Specifies presence,"J 1071, March 13",Other,"K&K, n. 202.",
Eudokia,1,234665,Constantinople: Great Palace,,,Attaleiates: History,168.21 / 125.9,Constantinople: Great Palace: summoned and received the kaisar <Ioannes 62> and his sons in the  Great Palace,Specifies presence,,,,
Eudokia,1,234666,Bosporos,https://pleiades.stoa.org/places/520977,,Attaleiates: History,169.5 / 125.15,Bosporos: was put by <Ioannes 62> and his sons on a ship and sailed across the Bosporos,Specifies presence,"J 1071, August [TPQ]",Aleksandar,,"More concretelly, as Attaleiates says, this was through the strait of Bosporos called Stenos, in Greek lit. ""narrow"". Also, this whole narrative is happening in the aftermath of the battle of Manzikert, therefore after August 1071."
Eudokia,1,234667,"Piperoudion (Kyperoudes, on Bosporos)",,,Attaleiates: History,169.7 / 125.17,"Piperoudion (Kyperoudes, on Bosporos): was banished to the monastery which she had founded, called Piperoudion (Kyperoudes, on Bosporos)",Specifies presence,,,,
Eudokia,1,234710,"Piperoudion (Kyperoudes, on Bosporos)",,,Attaleiates: History,169.7 / 125.17,"Piperoudion (Kyperoudes, on Bosporos): founded a monastery called Piperoudion (Kyperoudes, on Bosporos)",Specifies presence,,,,
Eudokia,1,234713,Princes' Islands: Prote,,https://www.geonames.org/743314,Attaleiates: History,179.10 / 132.16,Princes' Islands: Prote: buried her husband in the monastery he had founded on the summit of the island of  Prote,Specifies presence,"J 1072, August 4",Other,"K&K, n. 226",
Eudokia,1,234497,Constantinople: Mangana,,,Attaleiates: History,"71.23, 73.18 / 55.2, 56.8",Constantinople: Mangana: followed <Konstantinos 10> onto a ship at the coast near  Mangana,Specifies presence near,"J 1060, April 23",Other,"K&K, n. 133",Easter after the feast day of Saint Gregorios.
Eudokia,1,228420,Constantinople: Great Palace,,,Kleinchroniken,161.20,Constantinople: Great Palace: was removed from the  Great Palace,Specifies presence,,,,
Eudokia,1,230911,Constantinople: Great Palace,,,Psellos,Oratoria minora 154.92,Constantinople: Great Palace: was probably the empress who christened the grandchild (<Anonymus 436>) of <Michael 61> Psellos in the  Great Palace,Specifies presence,,,,
Eudokia,101,248431,Constantinople: Great Palace,,,Psellos: Chronographia,II 4.9-10,Constantinople: Great Palace: was brought up and educated in  Palace,Specifies presence,,,,
Eudokia,1,248628,Constantinople: Piperoudion,,,Psellos: Chronographia,VIIb 30.6-7,Constantinople: Piperoudion: it was decreed that she should live in  Piperoudion,?,,,,I could not find this place in the text.
Eudokia,1,247074,"Piperoudion (Kyperoudes, on Bosporos)",,,Zonaras,18.15.3,"Piperoudion (Kyperoudes, on Bosporos): was exiled to  Piperoudion (Kyperoudes, on Bosporos) (monastery)",Specifies presence,,,,
Euphrosyne,103,254182,Raidestos (Thrace),https://pleiades.stoa.org/places/511187,,Attaleiates: Diataxis,25137,Raidestos (Thrace): owned a house within the kastron of Raidestos (Thrace),Specifies presence,,,,
Eustathios,102,381579,Lampe (Phrygia),,,Anna Komnene,338.16,Lampe (Phrygia): was appointed strategos of Lampe,Dignity,,,,
Eustathios,102,443874,Nicaea,https://pleiades.stoa.org/places/511268,,Anna Komnene,444.25,Nicaea: was doux of Nicaea,Dignity,,,,
Eustathios,102,443906,"Poimanenoi  (Poimanenon), Mysia",,,Anna Komnene,445.40,"Poimanenoi  (Poimanenon), Mysia: failed to take refuge behind the walls of Poimanenon",Does not specify presence,,,,
Eustathios,102,444079,Polybotos,,,Anna Komnene,470.18,Polybotos: was sent by <Alexios 1> against Polybotos,Does not specify presence,,,,
Eustathios,105,226420,Cappadocia,,,Boilas,20.7,"Cappadocia: was forced to abandon his native land, Cappadocia",Specifies presence,,,,
Eustathios,105,226421,Cappadocia,,,Boilas,21.35,"Cappadocia: abandoned together with his wife and children (<Anna 102>, <Eirene 102>, <Maria 106>, <Romanos 106>) his native land, Cappadocia",Specifies presence,,,,
Eustathios,105,226426,Bouzina (Mesopotamia),,,Boilas,22.56,Bouzina (Mesopotamia): improved his property of Bouzina (Mesopotamia),Specifies presence,,,,
Eustathios,105,226427,Isaiou (Mesopotamia),,,Boilas,22.57,Isaiou (Mesopotamia): improved the abandoned chorion of Isaiou (Mesopotamia),Does not specify presence,,,,
Eustathios,105,226428,Ouzike (Mesopotamia),,,Boilas,22.58,Ouzike (Mesopotamia): improved the abandoned chorion of Ouzike (Mesopotamia),Does not specify presence,,,,
Eustathios,105,226429,Chouspakrati (Mesopotamia),,,Boilas,22.58,Chouspakrati (Mesopotamia): improved his property of Chouspakrati (Mesopotamia),Does not specify presence,,,,
Eustathios,105,226430,Kopteriou (Mesopotamia),,,Boilas,22.59,Kopteriou (Mesopotamia): improved the abandoned chorion of Kopteriou (Mesopotamia),Does not specify presence,,,,
Eustathios,105,226431,Ophidobouni (Mesopotamia),,,Boilas,22.59,Ophidobouni (Mesopotamia): improved the abandoned chorion of Ophidobouni (Mesopotamia),Does not specify presence,,,,
Eustathios,105,226432,Kousneria (Mesopotamia),,,Boilas,22.59,Kousneria (Mesopotamia): improved his property of Kousneria (Mesopotamia),Does not specify presence,,,,
Eustathios,105,226433,Ouzike (Mesopotamia),,,Boilas,22.61,Ouzike (Mesopotamia): bequeathed to those he named his heirs (<Anonymi 140>) his chorion of Ouzike (Mesopotamia),Does not specify presence,,,,
Eustathios,105,226435,Kopteriou (Mesopotamia),,,Boilas,22.62,Kopteriou (Mesopotamia): bequeathed to the destitute orphaned brothers <Christophoros 102> and <Georgios 115> and to their cousin (<Anonymus 295>) his chorion of Kopteriou (Mesopotamia),Does not specify presence,,,,
Eustathios,105,226436,Chouspakrati (Mesopotamia),,,Boilas,22.62,Chouspakrati (Mesopotamia): bequeathed to the destitute orphaned brothers <Christophoros 102> and <Georgios 115> and to their cousin (<Anonymus 295>) his chorion of Chouspakrati (Mesopotamia),Does not specify presence,,,,
Eustathios,105,226443,Ophidobouni (Mesopotamia),,,Boilas,22.64,Ophidobouni (Mesopotamia): ceded to <Michael 140> his chorion of Ophidobouni (Mesopotamia),Does not specify presence,,,,
Eustathios,105,226445,Kousneria (Mesopotamia),,,Boilas,22.65,Kousneria (Mesopotamia): ceded to <Michael 140> his property of Kousneria (Mesopotamia),Does not specify presence,,,,
Eustathios,105,226446,Kalmouche (Mesopotamia),,,Boilas,22.65,Kalmouche (Mesopotamia): ceded to <Michael 140> his property of Kalmouche (Mesopotamia),Does not specify presence,,,,
Eustathios,105,226449,Barta (Mesopotamia),,,Boilas,22.67,Barta (Mesopotamia): was forced to sell to <Basileios 101> his proasteion of Barta (Mesopotamia),Does not specify presence,,,,
Eustathios,105,226450,Barta (Mesopotamia),,,Boilas,22.67,Barta (Mesopotamia): owned but never improved the proasteion of Barta (Mesopotamia),Does not specify presence,,,,
Eustathios,105,226451,Tantzouten (Mesopotamia),,,Boilas,23.81,Tantzouten (Mesopotamia): owned and gave as dowry to his daughter <Eirene 102> and her husband the proasteion of Tantzouten (Mesopotamia),Does not specify presence,,,,
Eustathios,105,226454,Bouzina (Mesopotamia),,,Boilas,23.98,Bouzina (Mesopotamia): gave away as part of the dowry to his daughter <Maria 106> half of his property of Bouzina (Mesopotamia),Does not specify presence,,,,
Eustathios,105,226456,Bouzina (Mesopotamia),,,Boilas,23.99-100,Bouzina (Mesopotamia): bequeathed the church of Theotokos half of his property of Bouzina (Mesopotamia),Does not specify presence,,,,
Eustathios,105,226457,Isaiou (Mesopotamia),,,Boilas,23109,Isaiou (Mesopotamia): sold for 5 pounds to his son-in-law <Michael 141> his chorion of Isaiou (Mesopotamia),Does not specify presence,,,,
Eustathios,105,226459,Paraboniou (Mesopotamia),,,Boilas,23107,"Paraboniou (Mesopotamia): granted wheat, wine, pulses and fruit from his chorion of Paraboniou (Mesopotamia)",Does not specify presence,,,,
Eustathios,105,226460,Tantzouten (Mesopotamia),,,Boilas,23100,Tantzouten (Mesopotamia): founded a church dedicated to the Theotokos at Tantzouten (Mesopotamia),Does not specify presence,,,,
Eustathios,105,226461,Paraboniou (Mesopotamia),,,Boilas,25174,"Paraboniou (Mesopotamia): bequeathed to his daughters (<Eirene 102>, <Maria 106>) his estate of Paraboniou (Mesopotamia)",Does not specify presence,,,,
Eustathios,105,226469,Cappadocia,,,Boilas,27232,"Cappadocia: abandoned his homeland, the pious theme of Cappadocia",Specifies presence,,,,
Eustathios,105,226472,Cappadocia,,,Boilas,39,Cappadocia: was a native of Cappadocia,Specifies presence,,,,
Eustathios,115,224875,Constantinople: Hagios Alexios,,,Synod of 1072,57.2-3,Constantinople: Hagios Alexios: attended the synod at the church of  Hagios Alexios,Specifies presence,,,,
Eustathios,115,224876,Germe,https://pleiades.stoa.org/places/550577,,Synod of 1072,58.43,Germe: was archbishop of Germe,Dignity,,,,
Eustathios,103,225267,Ikonion,https://pleiades.stoa.org/places/648647,,Synod of 1094,218,Ikonion: was metropolitan of Ikonion,Dignity,,,,
Eustratios,103,376157,Athos: Galeagra,https://pleiades.stoa.org/places/501365,,Esphigmenou,48.4,Athos: Galeagra: was hegoumenos of the monastery of Prodromos of  Galeagra,Dignity,,,,
Eustratios,103,376164,Athos: Christ Saviour (Galeagra dependency),https://pleiades.stoa.org/places/501365,,Esphigmenou,48.13,Athos: Christ Saviour (Galeagra dependency): left to his nephew <Theodoros 224> the property of  Christ Saviour (Galeagra dependency),Does not specify presence,,,,
Eustratios,11,444524,Constantinople: Hagios Alexios,,,Italos trial,1-154,Constantinople: Hagios Alexios: held two synodal meetings near the chapel of Hagios Alexios,Dignity,,,,
Eustratios,11,444846,Constantinople: Chalkoprateia,,,Leon of Chalcedon,"403b, 36-38",Constantinople: Chalkoprateia: was accused of appropriating gold and silver from the doors of the church of the Chalkoprateia,Specifies presence,,,,
Euthymios,106,225987,Horaiogala,,,Alexios Stoudites,27.17,Horaiogala: was bishop of Horaiogala,Dignity,,,,
Euthymios,11001,444405,Jerusalem,https://pleiades.stoa.org/places/687928,,Italos trial,l. 412,Jerusalem: was patriarch of Jerusalem,Dignity,,,,
Euthymios,107,229721,Ephesos,https://pleiades.stoa.org/places/599612,,Lazaros of Galesion,542D,Ephesos: was metropolitan of Ephesos,Dignity,,,,
Euthymios,11001,417343,Jerusalem,https://pleiades.stoa.org/places/687928,,Seals,,Jerusalem: was patriarch of Jerusalem,Dignity,,,,
Gagik,101,234505,Ani,https://pleiades.stoa.org/places/874322,,Attaleiates: History,80.2 / 60.22,Ani: was convinced to surrender to the Romans the city of Ani,Specifies presence,J 1045,Other,"K&K, n. 143.",
Gelasios,101,373989,Thrace,,,Eustathios Romaios,"Ralles-Potles V, 33",Thrace: his surname connected him with Thrace,Does not specify presence,,,,
Georgios,186,225917,Sebasteia (Cappadocia),https://pleiades.stoa.org/places/629075,,Alexios Stoudites,"19.17, 26.9",Sebasteia (Cappadocia): was metropolitan of Sebasteia (Cappadocia),Dignity,,,,
Georgios,187,225936,Amastris,https://pleiades.stoa.org/places/599489,,Alexios Stoudites,20.3,Amastris: was metropolitan of Amastris,Dignity,,,,
Georgios,188,225988,Germanikopolis,https://pleiades.stoa.org/places/648635,,Alexios Stoudites,27.18,Germanikopolis: was bishop of Germanikopolis,Dignity,,,,
Georgios,189,226011,Corinth,https://pleiades.stoa.org/places/570182,,Alexios Stoudites,Rhalles-Potles 5.32,Corinth: was metropolitan of Corinth,Dignity,,,,
Georgios,61,432895,Constantinople: Kosmidion,,,Anna Komnene,69.29,Constantinople: Kosmidion: was found by the Komnenians as they escaped at Kosmidion,Specifies presence near,,,,
Georgios,61,434062,Lebounion,,,Anna Komnene,247.57,Lebounion: was leader of the right wing at the battle of Lebounion,Specifies presence,J 1091,Aleksandar,,The battle was in 1091.
Georgios,62,234442,Italy,,,Attaleiates: History,11.20 / 10.1,Italy: was appointed katepano of Italy,Dignity,,,,
Georgios,62,234441,Italy,,,Attaleiates: History,18.17 / 15.11,Italy: rebelled while governing Italy,Specifies presence,,,,
Georgios,62,234443,Thessalonike,https://pleiades.stoa.org/places/491741,,Attaleiates: History,18.22 / 15.15,Thessalonike: pitched his camp two days away from Thessalonike,Specifies presence near,,,,
Georgios,62,234444,Constantinople: Agora (Forum of Constantine?),,,Attaleiates: History,20.1 / 16.12,Constantinople: Agora: entered triumphantly the  Agora,Specifies presence,,,,
Georgios,115,226439,Kopteriou (Mesopotamia),,,Boilas,22.62,Kopteriou (Mesopotamia): was bequeathed by <Eustathios 105> Boilas his chorion of Kopteriou (Mesopotamia),Does not specify presence,,,,
Georgios,115,226440,Chouspakrati (Mesopotamia),,,Boilas,22.62,Chouspakrati (Mesopotamia): was bequeathed by <Eustathios 105> Boilas his chorion of Chouspakrati (Mesopotamia),Does not specify presence,,,,
Georgios,116,226465,Tantzouten (Mesopotamia),,,Boilas,27212,Tantzouten (Mesopotamia): was dedicated by <Eustathios 105> to the church of the Theotokos at Tantzouten (Mesopotamia),Does not specify presence,,,,
Georgios,62,227362,Italy,,,Glykas,594.8,Italy: rose in rebellion in Italy,Specifies presence,,,,
Georgios,62,227363,Italy,,,Glykas,594.9,Italy: was sent by Basileios (<Michael 4>) to Italy,Specifies presence,,,,
Georgios,62,227364,Serbia,,,Glykas,594.10-11,Serbia: rose in rebellion and crossed to Serbia,Specifies presence,,,,
Georgios,62,227365,Ostrobos (Bulgaria),,https://www.geonames.org/728509,Glykas,594.15,Ostrobos (Bulgaria): fought and fell in battle at Ostrobos (Bulgaria),Specifies presence,,,,
Georgios,106,227343,Constantinople: Great Palace,,,Glykas,588.12-13,Constantinople: Great Palace: walked in procession to Blachernai from the  Great Palace,Specifies presence,,,,
Georgios,114,228035,Armeniakon,,,Kekaumenos,220.11,Armeniakon: served as praitor of Armeniakon,Dignity,,,,
Georgios,194,229608,Appion (near Ephesos),,,Lazaros of Galesion,519B-C,Appion (near Ephesos): led <Lazaros 104> to a monastery of the Theotokos known as Appion (near Ephesos),Specifies presence,,,,
Georgios,194,229741,"Koumaron, Mount: Hagia Marina",,,Lazaros of Galesion,526B,"Koumaron, Mount: Hagia Marina: together with <Lazaros 104>, <Ignatios 107> and 3 monks left  Hagia Marina",Specifies presence,,,,
Georgios,62,396276,Sicily,https://pleiades.stoa.org/places/462492,,Lupus protospatharius,58.7,Sicily: with <Michael 108> Spondyles he crossed the strait to Sicily,Specifies presence,,,,
Georgios,62,396290,Monopoli (Italy),https://pleiades.stoa.org/places/442566,https://www.geonames.org/3173131,Lupus protospatharius,58.23-24,Monopoli: went to harry Monopoli,Specifies presence,"J 1042, June",Source,,
Georgios,62,396291,Taranto (Italy),https://pleiades.stoa.org/places/442810,,Lupus protospatharius,58.22,Taranto: arrived in S Italy at Taranto,Specifies presence,"J 1042, April",Source,,
Georgios,62,396297,Bari (Apulia),https://pleiades.stoa.org/places/442500,,Lupus protospatharius,58.30-32,Bari: after rebelling was refused entry to Bari,Does not specify presence,J 1043,Source,,
Georgios,62,396298,Dyrrachion,https://pleiades.stoa.org/places/573193,,Lupus protospatharius,58.33-34,Dyrrachion: crossed over to Dyrrachion,Specifies presence,J 1043,Source,,
Georgios,204,279458,Olynthos (Meander valley),,,Patmos: Acts,2.11.148,Olynthos (Meander valley): was a paroikos at the proasteion of Olynthos (Meander valley),Dignity,,,,
Georgios,132,376267,Athos: Iveron,https://pleiades.stoa.org/places/501365,https://www.geonames.org/736092,Protaton,226.51,"Athos, Mount: Iveron: was hegoumenos of  Iveron",Dignity,,,,
Georgios,62,379671,Italy,,,Psellos,"Orationes panegyricae II, 715-716",Italy: led a revolt of Italy,Specifies presence,,,,
Georgios,62,248558,"Edessa (Rohas, Mesopotamia)",https://pleiades.stoa.org/places/658457,,Psellos: Chronographia,VI 76.15,"Edessa (Rohas, Mesopotamia): captured Edessa (Rohas, Mesopotamia)",Does not specify presence,,,,
Georgios,62,248559,Sicily,https://pleiades.stoa.org/places/462492,,Psellos: Chronographia,VI 76.15-16,Sicily: was sent to take Sicily,Does not specify presence,,,,
Georgios,62,248561,Italy,,,Psellos: Chronographia,VI 78.4-6,Was sent by <Michael 4> to recover Italy,Does not specify presence,,,,
Georgios,62,248564,Constantinople: Hippodrome,https://pleiades.stoa.org/places/773739435,,Psellos: Chronographia,VI 86.10-11,Constantinople: Hippodrome: his head was fixed high up in the  Hippodrome,Specifies presence,,,,
Georgios,61,417099,Dyrrachion,https://pleiades.stoa.org/places/573193,,Seals,,Dyrrachion: was doux of Dyrrachion,Dignity,,,,
Georgios,62,418242,Orient,,,Seals,,Orient: was archegetes of Orient,Dignity,,,,
Georgios,62,418489,Samosata (on Euphrates),,,Seals,,Samosata: was strategos of Samosata,Dignity,,,,
Georgios,62,418539,Vaspurakan,,,Seals,,Vaspurakan: was katepano of Vaspurakan,Dignity,,,,
Georgios,183,224859,Methymna (Lesbos),https://pleiades.stoa.org/places/550738,,Synod of 1072,57.35,Methymna (Lesbos): was archbishop of Methymna (Lesbos),Dignity,,,,
Georgios,183,224860,Constantinople: Hagios Alexios,,,Synod of 1072,57.2-3,Constantinople: Hagios Alexios: attended the synod at the church of  Hagios Alexios,Specifies presence,,,,
Georgios,184,224865,Constantinople: Hagios Alexios,,,Synod of 1072,57.2-3,Constantinople: Hagios Alexios: attended the synod at the church of  Hagios Alexios,Specifies presence,,,,
Georgios,184,224866,Mesene (Thrace),,https://www.geonames.org/741519,Synod of 1072,58.38,Mesene (Thrace): was archbishop of Mesene (Thrace),Dignity,,,,
Georgios,113,225327,Constantinople: Soter Akataleptos,,,Synod of 1094,219,Constantinople: Soter Akataleptos: was hegoumenos of the monastery of  Soter Akataleptos,Dignity,,,,
Georgios,105,246887,Abchasia,,https://www.geonames.org/6643410,Zonaras,17.11.7,Abchasia: was leader of Abchasia,Dignity,,,,
Georgios,62,246900,"Edessa (Rohas, Mesopotamia)",https://pleiades.stoa.org/places/658457,,Zonaras,17.12.13,"Edessa (Rohas, Mesopotamia): conquered Edessa (Rohas, Mesopotamia)",Specifies presence,,,,
Georgios,62,246901,Euphrates,https://pleiades.stoa.org/places/912849,,Zonaras,17.12.13,Euphrates: was strategos of  cities along the,Dignity,,,,
Georgios,103,246877,Kyklades,https://pleiades.stoa.org/places/560353,,Zonaras,17.10.16,Kyklades: defeated Arab expedition against the Kyklades,Specifies presence near,,,,
Georgios,103,246879,Samos (Aegean),,,Zonaras,17.10.16,Samos (Aegean): was general of Samos (Aegean),Dignity,,,,
Georgios,62,246914,Longibardia,,,Zonaras,17.15.3,Longibardia: was appointed general of Longibardia,Dignity,,,,
Georgios,62,246915,Sicily,https://pleiades.stoa.org/places/462492,,Zonaras,17.15.3-4,Sicily: was sent to and arrived at Sicily,Specifies presence,,,,
Georgios,62,246918,Sicily,https://pleiades.stoa.org/places/462492,,Zonaras,17.15.6,Sicily: brought under Roman hegemony Sicily,Specifies presence,,,,
Georgios,62,246963,Constantinople: Hippodrome,https://pleiades.stoa.org/places/773739435,,Zonaras,17.22.18,Constantinople: Hippodrome: his head was raised on high in   Hippodrome,Specifies presence,,,,
Georgios,62,246959,Italy,,,Zonaras,17.22.2,Italy: was sent to Italy,Specifies presence,,,,
Georgios,62,246961,Anatolikon,,,Zonaras,17.22.3,Anatolikon: was a neighbour of <Romanos 104> at his house in the theme of Anatolikon,Specifies presence,,,,
Georgios,62,246962,Italy,,,Zonaras,17.22.8,Italy: came from Italy,Specifies presence,,,,
Gerasimos,102,229755,"Galesion, Mount: Theotokos",,,Lazaros of Galesion,561C,"Galesion, Mount: Theotokos: carried <Nikon 103>, who had been blinded by demons, back to the  Theotokos",Specifies presence,,,,
Gerasimos,103,279521,Pantelion (Leros),,https://www.geonames.org/255874,Patmos: Acts,2.53.45,Pantelion (Leros): was handed over by <Eustathios 118> through <Ioannes 327> half of the kastron of Pantelion (Leros),Does not specify presence,,,,
Gerasimos,103,279524,Temenia (Leros),,,Patmos: Acts,2.53.45,Temenia (Leros): was handed over by <Eustathios 118> through <Ioannes 327> the proasteion of Temenia (Leros),Does not specify presence,,,,
Gerasimos,103,279527,Parthenion (Leros),,https://www.geonames.org/255718,Patmos: Acts,2.53.45,Parthenion (Leros): was handed over by <Eustathios 118> through <Ioannes 327> the proasteion of Parthenion (Leros),Does not specify presence,,,,
Germanos,103,229680,Barbatziana (near Galesion),,,Lazaros of Galesion,537D,Barbatziana (near Galesion): was oikonomos of Barbatziana (near Galesion),Dignity,,,,
Germanos,103,229681,Targyrou (near Galesion),,,Lazaros of Galesion,537D,Targyrou (near Galesion): went to fetch oil from Targyrou (near Galesion),Specifies presence,,,,
Gregoras,101,228018,Larissa (Thessaly),https://pleiades.stoa.org/places/540905,,Kekaumenos,212.8,Larissa (Thessaly): was present when the revolt of Vlachs and Bulgarians broke out at Larissa (Thessaly),Specifies presence,,,,
Gregorios,131,225989,Peristasis,,https://www.geonames.org/734698,Alexios Stoudites,27.19,Peristasis: was bishop of Peristasis,Dignity,,,,
Gregorios,131,225990,Myriophyton (Chalkidike),,,Alexios Stoudites,27.19,Myriophyton (Chalkidike): was bishop of Myriophyton (Chalkidike),Dignity,,,,
Gregorios,61,433416,Moglena (Macedonia),,,Anna Komnene,153.93,Moglena (Macedonia): destroyed a new fort at Moglena,Specifies presence,J 1082-1083 [TAQ],winter 1082/83,,
Gregorios,106,443372,Trebizond,https://pleiades.stoa.org/places/857359,,Anna Komnene,376.79,Trebizond: was doux of Trebizond,Dignity,,,,
Gregorios,106,443400,Koloneia (on Lykos),https://pleiades.stoa.org/places/857194,,Anna Komnene,377.11,"Koloneia (on Lykos): to seek the help of <Danishmend 101>, made for Koloneia",Does not specify presence,J 1105-1106,Editor,,"Gregorios did leave for Koloneia, but he was not there at that moment. What is more, even Anna's narrative clearly says that Gregorios was attacked and never reached Koloneia."
Gregorios,111,226453,Tantzouten (Mesopotamia),,,Boilas,23.81,Tantzouten (Mesopotamia): was given together with his wife <Eirene 102> as dowry by her father (<Eustathios 105> Boilas) the proasteion of Tantzouten (Mesopotamia),Does not specify presence,,,,
Gregorios,112,226467,Tantzouten (Mesopotamia),,,Boilas,27217,Tantzouten (Mesopotamia): was enlisted by <Eustathios 105> in the clergy of the church of the Theotokos at Tantzouten (Mesopotamia),Specifies presence,,,,
Gregorios,104,224996,Neokaisareia,https://pleiades.stoa.org/places/614769,,Chrysobull of 1079,31.14,Neokaisareia: was metropolitan of Neokaisareia,Dignity,,,,
Gregorios,116,376199,Boleron,,,Esphigmenou,57.2,"Boleron: was anagrapheus of Strymon, Thessalonike and Boleron",Dignity,,,,
Gregorios,116,376202,Strymon,https://pleiades.stoa.org/places/501629,,Esphigmenou,57.2,"Strymon: was anagrapheus of Boleron, Thessalonike and Strymon",Dignity,,,,
Gregorios,116,376205,Thessalonike,https://pleiades.stoa.org/places/491741,,Esphigmenou,57.2,"Thessalonike: was anagrapheus of Boleron, Strymon and Thessalonike",Dignity,,,,
Gregorios,116,376209,Mounzianis (Strymon),,,Esphigmenou,58.16,Mounzianis (Strymon): restored to <Stroimeros 101> the property previously granted to Esphigmenou at the proasteion of Mounzianis (Strymon),Does not specify presence,,,,
Gregorios,116,376211,Morousa (near Ezoba),,,Esphigmenou,58.17,Morousa (near Ezoba): granted to Esphigmenou a property at the proasteion of Morousa (near Ezoba),Does not specify presence,,,,
Gregorios,116,376212,Athos: Esphigmenou,https://pleiades.stoa.org/places/501365,https://www.geonames.org/736305,Esphigmenou,58.17,Athos: Esphigmenou: granted a property at the proasteion of Morousa to the monastery of  Esphigmenou,Does not specify presence,,,,
Gregorios,104,444383,Neokaisareia,https://pleiades.stoa.org/places/614769,,Italos trial,"ll. 70, 414",Neokaisareia: was metropolitan of Neokaisareia,Dignity,,,,
Gregorios,116,339792,Boleron,,,Lavra,274.16,"Boleron: was anagrapheus of Strymon, Thessalonike and Boleron",Dignity,,,,
Gregorios,116,339793,Strymon,https://pleiades.stoa.org/places/501629,,Lavra,274.16,"Strymon: was anagrapheus of Boleron, Thessalonike and Strymon",Dignity,,,,
Gregorios,116,339794,Thessalonike,https://pleiades.stoa.org/places/491741,,Lavra,274.17,"Thessalonike: was anagrapheus of Boleron, Strymon and Thessalonike",Dignity,,,,
Gregorios,136,229632,Ephesos,https://pleiades.stoa.org/places/599612,,Lazaros of Galesion,525A,Ephesos: fled secretly to Ephesos,Specifies presence,,,,
Gregorios,135,229658,Ephesos,https://pleiades.stoa.org/places/599612,,Lazaros of Galesion,532D,Ephesos: was sent by <Lazaros 104> on some monastery business to Ephesos,Specifies presence,,,,
Gregorios,135,229730,Ephesos,https://pleiades.stoa.org/places/599612,,Lazaros of Galesion,546B,Ephesos: came across an old acquaintance (<Anonymus 532>) at Ephesos,Specifies presence,,,,
Gregorios,105,417752,Peloponnesos,,,Seals,,Peloponnesos: was praitor of Peloponnesos,Dignity,,,,
Gregorios,105,417753,Peloponnesos and Hellas,,,Seals,,Peloponnesos and Hellas: was praitor of Peloponnesos and Hellas,Dignity,,,,
Gregorios,105,417751,Hellas,https://pleiades.stoa.org/places/1001896,,Seals,,Hellas: was praitor of Hellas,Dignity,,,,
Gregorios,128,224851,Constantinople: Hagios Alexios,,,Synod of 1072,57.2-3,Constantinople: Hagios Alexios: attended the synod at the church of  Hagios Alexios,Specifies presence,,,,
Gregorios,128,224852,Nazianzos (Cappadocia),https://pleiades.stoa.org/places/619218,,Synod of 1072,57.30,Nazianzos (Cappadocia): was metropolitan of Nazianzos (Cappadocia),Dignity,,,,
Gregorios,129,224877,Zichia (Black Sea),,,Synod of 1072,58.44,Zichia (Black Sea): was archbishop of Zichia (Black Sea),Dignity,,,,
Gregorios,129,224878,Constantinople: Hagios Alexios,,,Synod of 1072,57.2-3,Constantinople: Hagios Alexios: attended the synod at the church of  Hagios Alexios,Specifies presence,,,,
Gregorios,104,225265,Neokaisareia,https://pleiades.stoa.org/places/614769,,Synod of 1094,218,Neokaisareia: was metropolitan of Neokaisareia,Dignity,,,,
Gregorios,106,233005,Pontos,https://pleiades.stoa.org/places/344460,,"Theophylaktos of Ohrid, Letters",415.11,Pontos: was sent to Pontos,Specifies presence,,,,
Gregorios,106,233015,Pontos,https://pleiades.stoa.org/places/344460,,"Theophylaktos of Ohrid, Letters",473.4,Pontos: returned to Constantinople from Pontos,Specifies presence,,,,
Gregorios,108,233001,Ohrid,https://pleiades.stoa.org/places/481900,,"Theophylaktos of Ohrid, Letters",369.21,Ohrid: was (perhaps) appointed archon of Ohrid,Dignity,,,,
Helena,117,279468,Gamma (Meander valley),,,Patmos: Acts,2.12.156,Gamma (Meander valley): was a paroikos at the proasteion of Gamma (Meander valley),Dignity,,,,
Helena,104,246888,Abchasia,,https://www.geonames.org/6643410,Zonaras,17.11.7,Abchasia: sent as bride to Abchasia,Specifies presence,,,,
Herve,101,419145,Orient,,,Seals,,Orient: was stratelates of Orient,Dignity,,,,
Hieremias,101,229718,Palestine,,,Lazaros of Galesion,542D,Palestine: led an ascetic life in Palestine,Specifies presence,,,,
Hieremias,101,229720,Ephesos,https://pleiades.stoa.org/places/599612,,Lazaros of Galesion,542D,Ephesos: stopped on his way from Palestine to Constantinople at Ephesos,Specifies presence,,,,
Hieremias,101,229722,Ephesos,https://pleiades.stoa.org/places/599612,,Lazaros of Galesion,543A,Ephesos: returned from the monastery (of <Lazaros 104>) to Ephesos,Specifies presence,,,,
Hilarion,101,376410,"Athos, Mount",https://pleiades.stoa.org/places/501365,,Vatopedi,101.44,"Athos, Mount: was protos of Athos, Mount",Dignity,,,,
Hilarios,101,229612,Hypselon (near Ephesos),,,Lazaros of Galesion,519E,Hypselon (near Ephesos): founded a monastery on Mount Hypselon (near Ephesos),Specifies presence,,,,
Ibrahim Yinal,101,246986,Artzn,,https://www.geonames.org/309513,Zonaras,17.25.27,Artzn: moved against Artzn,Specifies presence near,,,,
Ignatios,105,225906,Melitene,https://pleiades.stoa.org/places/629039,,Alexios Stoudites,13.16,Melitene: was bishop in the region of Melitene,Dignity,,,,
Ignatios,106,225997,Caria (Aphrodisias),https://pleiades.stoa.org/places/638753,,Alexios Stoudites,42.15,Caria: was metropolitan of Caria,Dignity,,,,
Ignatios,108,229627,"Galesion, Mount: Theotokos",,,Lazaros of Galesion,523D,"Galesion, Mount: Theotokos: returned (from the cave of Paphnoutios) to the monastery of the  Theotokos",Specifies presence,,,,
Ignatios,107,229637,Bessai (near Ephesos),,,Lazaros of Galesion,525F,Bessai (near Ephesos): had a vision while at Bessai (near Ephesos),Specifies presence,,,,
Ignatios,107,229742,"Koumaron, Mount: Hagia Marina",,,Lazaros of Galesion,526B,"Koumaron, Mount: Hagia Marina: together with <Lazaros 104>, <Georgios 194> and 3 monks left  Hagia Marina",Specifies presence,,,,
Ignatios,107,229685,Lopadion (Bithynia),,https://www.geonames.org/738449,Lazaros of Galesion,537F,Lopadion (Bithynia): came across a sailor (<Anonymus 517>) at Lopadion (Bithynia),Specifies presence,,,,
Ignatios,107,229784,Bessai (near Ephesos),,,Lazaros of Galesion,575E,Bessai (near Ephesos): was persuaded by <Lazaros 104> to move to Bessai (near Ephesos),Does not specify presence,,,,
Ignatios,107,229785,Kampsai (near Ephesos),,,Lazaros of Galesion,575E,Kampsai (near Ephesos): was dissuaded by <Lazaros 104> from moving to Kampsai (near Ephesos),Does not specify presence,,,,
Ioannes,272,225902,Melitene,https://pleiades.stoa.org/places/629039,,Alexios Stoudites,"10.14, 19.19, 26.10, 42.12, 29.18, Rhalles-Potles 5.24, 5.32",Melitene: was metropolitan of Melitene,Dignity,,,,
Ioannes,273,225905,"Ganos, Mount",https://pleiades.stoa.org/places/511276,,Alexios Stoudites,13.1,"Ganos, Mount: was banished to Ganos, Mount",Dignity,,,,"The editor Ficker says that Johannes died on the mount Ganos probably in 1013, p. 13."
Ioannes,274,225914,Nikomedeia,https://pleiades.stoa.org/places/511337,,Alexios Stoudites,19.14,Nikomedeia: was metropolitan of Nikomedeia,Dignity,,,,
Ioannes,275,225920,Gangra,https://pleiades.stoa.org/places/844926,,Alexios Stoudites,"19.21, 26.20",Gangra: was metropolitan of Gangra,Dignity,,,,
Ioannes,276,225922,Klaudioupolis,https://pleiades.stoa.org/places/844879,,Alexios Stoudites,"19.23, 26.19, Rhalles-Potles 5.24, 5.32",Klaudioupolis: was metropolitan of Klaudioupolis,Dignity,,,,
Ioannes,278,225926,Ikonion,https://pleiades.stoa.org/places/648647,,Alexios Stoudites,"19.27, 26.11, Rhalles-Potles 5.24, 5.32",Ikonion: was metropolitan of Ikonion,Dignity,,,,
Ioannes,279,225933,Philippi (Macedonia),https://pleiades.stoa.org/places/501564,,Alexios Stoudites,"19.34, Rhalles-Potles 5.32",Philippi (Macedonia): was metropolitan of Philippi (Macedonia),Dignity,,,,
Ioannes,280,225939,Koloneia (on Lykos),https://pleiades.stoa.org/places/857194,,Alexios Stoudites,"20.6, 26.30",Koloneia (on Lykos): was metropolitan of Koloneia (on Lykos),Dignity,,,,
Ioannes,282,225969,Santa Severina (Calabria),,,Alexios Stoudites,26.29,Santa Severina (Calabria): was metropolitan of Santa Severina (Calabria),Dignity,,,,
Ioannes,283,225970,Ainos,https://pleiades.stoa.org/places/501337,,Alexios Stoudites,26.32,Ainos: was metropolitan of Ainos,Dignity,,,,
Ioannes,284,225978,Arkadioupolis (Thrace),https://pleiades.stoa.org/places/511185,,Alexios Stoudites,27.8,Arkadioupolis (Thrace): was archbishop of Arkadioupolis (Thrace),Dignity,,,,
Ioannes,288,226018,Euripos,,,Alexios Stoudites,"46, Rhalles-Potles 5.36",Euripos: hailed from Euripos,Specifies presence,,,,
Ioannes,285,226009,Bosporos (Crimea),https://pleiades.stoa.org/places/854675,,Alexios Stoudites,Rhalles-Potles 5.32,Bosporos (Crimea): was archbishop of Bosporos (Crimea),Dignity,,,,
Ioannes,65,373078,Dyrrachion,https://pleiades.stoa.org/places/573193,,Anna Komnene,225.96,Dyrrachion: was sent by <Alexios 1> to Dyrrachion,Does not specify presence,,,,"Interestingly, Anna for a reason says ""he was sent to Epidamnos to defend Dyrrhachion."" This means that for her Epidamnos and Dyrrhachion are not synonyms, but Epidamnos is either a region or she refers to something else."
Ioannes,65,373079,Chios,https://pleiades.stoa.org/places/550497,,Anna Komnene,226.25,Chios: was recalled from Epidamnos (Dyrrachion) and sent to attack <Tzachas 61> on Chios,Does not specify presence,,,,
Ioannes,65,373080,Mitylene,https://pleiades.stoa.org/places/550763,,Anna Komnene,259.48,Mitylene: for three months attacked the walls of Mitylene,Specifies presence / Specifies presence near,J 1091,Editor,,
Ioannes,65,373081,Mitylene,https://pleiades.stoa.org/places/550763,,Anna Komnene,261.26-27,Mitylene: recaptured and refortified Mitylene,Specifies presence,,,,
Ioannes,65,373083,Karpathos,,,Anna Komnene,262.35,Karpathos: sailed for Crete and stopped en route at the island of Karpathos,Specifies presence,,,,
Ioannes,65,373084,Crete,https://pleiades.stoa.org/places/589748,,Anna Komnene,262.38,Crete: reached the island of Karpathos and was ceded by the Cretans the island of Crete,Specifies presence,,,,
Ioannes,65,373085,Kyrenia (Cyprus),,,Anna Komnene,262.41,Kyrenia (Cyprus): landed on Cyprus and took the town of Kyrenia (Cyprus),Specifies presence,,,,
Ioannes,65,373086,Cyprus,https://pleiades.stoa.org/places/707498,,Anna Komnene,262.40,Cyprus: was ceded the island of Crete and sailed on to Cyprus,Specifies presence,,,,
Ioannes,65,373087,Leukosia (Cyprus),,,Anna Komnene,263.77-78,Leukosia (Cyprus): strengthened the defenses of Leukosia (Cyprus),Specifies presence,,,,
Ioannes,65,373088,Nicaea,https://pleiades.stoa.org/places/511268,,Anna Komnene,336.41,Nicaea: proclaimed the capture of Nicaea,Does not specify presence,,,,
Ioannes,65,373089,Abydos,https://pleiades.stoa.org/places/501325,,Anna Komnene,336.50,Abydos: received a brief to capture the coastal cities so took his forces to Abydos,Specifies presence / Specifies presence near,,,,
Ioannes,65,373090,Smyrna,https://pleiades.stoa.org/places/550893,,Anna Komnene,336.57-64,Smyrna: forced the capitulation of Smyrna,Specifies presence / Specifies presence near,,,,
Ioannes,65,373091,Sardis (Lydia),https://pleiades.stoa.org/places/550867,,Anna Komnene,338.11,Sardis: captured Sardis,Specifies presence,,,,
Ioannes,65,373092,Philadelphia (Lydia),https://pleiades.stoa.org/places/550822,,Anna Komnene,338.11,Philadelphia: captured Philadelphia,Specifies presence,,,,
Ioannes,65,373093,Laodikeia (Phrygia),https://pleiades.stoa.org/places/638955,,Anna Komnene,338.13,Laodikeia (Phrygia): was ceded Laodikeia (Phrygia),Specifies presence,,,,
Ioannes,65,373094,Choma,,,Anna Komnene,338.15,Choma: travelled from Laodikeia to Lampe via Choma,Specifies presence,,,,
Ioannes,65,373095,Lampe (Phrygia),,,Anna Komnene,338.16,Lampe: captured Lampe,Specifies presence,,,,
Ioannes,65,373096,Polybotos,,,Anna Komnene,338.17,"Polybotos: pursued the Turks who fled the battle of Ephesos to Polybotos, and defeated them there",Specifies presence,,,,
Ioannes,65,381576,Ephesos,https://pleiades.stoa.org/places/599612,,Anna Komnene,337.85,Ephesos: after a full day of fighting won a battle outside Ephesos,Specifies presence,,,,
Ioannes,65,434212,Samos (Aegean),,,Anna Komnene,261.30,Samos (Aegean): sent a fleet and recovered Samos,Specifies presence,,,,
Ioannes,66,373108,Sicily,https://pleiades.stoa.org/places/462492,,Anna Komnene,161.37,Sicily: spent considerable time in Sicily,Specifies presence,,,,
Ioannes,66,433336,Longibardia,,,Anna Komnene,162.47,Longibardia: was a refugee in his native land of Longibardia,Specifies presence,J 1042-1055,Aleksandar,,"""in the reign of Monomachos"" [1042-1055]"
Ioannes,66,433351,Dyrrachion,https://pleiades.stoa.org/places/573193,,Anna Komnene,163.85,Dyrrachion: was sent as an Italian expert in a crisis to Dyrrachion,Specifies presence,J 1054 [TAQ],Aleksandar,,before Psellos' tonsure [1054]
Ioannes,66,433352,Rome,https://pleiades.stoa.org/places/423025,,Anna Komnene,163.88,"Rome: when he was detected as a traitor, he took refuge in Rome",Specifies presence,J 1054 [TAQ],Aleksandar,,before Psellos' tonsure [1054]
Ioannes,66,433353,Constantinople: Pege monastery and palace,,,Anna Komnene,163.90,"Constantinople: Pege monastery and palace: when allowed to return to the capital, lived at the Pege monastery",Specifies presence,J 1054 [TAQ],Aleksandar,,before Psellos' tonsure [1054]
Ioannes,66,433354,Constantinople: Hagioi Tessarakonta,,,Anna Komnene,163.91,"Constantinople: Hagioi Tessarakonta: when allowed to return to the capital, stayed at the church of Hagioi Tessarakonta",Specifies presence,J 1054 [TAQ],Aleksandar,,before Psellos' tonsure [1054]
Ioannes,66,433377,Constantinople: Hagia Sophia,https://pleiades.stoa.org/places/307220778,,Anna Komnene,167.95,Constantinople: Hagia Sophia: was confined by <Eustratios 11> to the buildings of Hagia Sophia,Specifies presence,J 1081-1084,Aleksandar,,"the patriarch was Eustratios Garidas, i.e., 1081-84"
Ioannes,118,443472,Choirobakchoi,,,Anna Komnene,384.21,Choirobakchoi: was appointed eparchos of the city while <Alexios 1> was at Choirobakchoi,Dignity,,,,
Ioannes,128,434104,Dyrrachion,https://pleiades.stoa.org/places/573193,,Anna Komnene,252.17,Dyrrachion: was doux of Dyrrachion,Dignity,,,,
Ioannes,102,234714,Side,,,Attaleiates: History,180.10 / 133.8,Side: was metropolitan of Side,Dignity,,,,
Ioannes,102,234721,Side,,,Attaleiates: History,182.13-14 / 135.5,Side: was metropolitan of Side,Dignity,,,,
Ioannes,61,234784,Traianoupolis (Thrace),https://pleiades.stoa.org/places/501649,,Attaleiates: History,246.21 / 178.14,Traianoupolis (Thrace): met his brother (<Nikephoros 62>) at Traianoupolis (Thrace),Specifies presence,,,,
Ioannes,61,234791,Herakleia (Thrace),https://pleiades.stoa.org/places/511333,,Attaleiates: History,250.14-15 / 181.1,Herakleia (Thrace): captured and pillaged Herakleia (Thrace),Specifies presence,,,,
Ioannes,61,234795,Constantinople: Hagios Panteleemon,,,Attaleiates: History,251.19 / 181.22-23,Constantinople: Hagios Panteleemon: crossed with his troops the bridge of  Hagios Panteleemon,Specifies presence,,,,
Ioannes,61,234796,Bosporos,https://pleiades.stoa.org/places/520977,,Attaleiates: History,251.20 / 181.23,Bosporos: crossed the bridge of Hagios Panteleemon and encamped along the Bosporos,Specifies presence,,,,
Ioannes,61,234799,Athyras (Thrace),https://pleiades.stoa.org/places/511172,,Attaleiates: History,252.19 / 182.13,Athyras: encamped with two units from his army at the village of Athyras,Specifies presence,,,,
Ioannes,61,234798,Constantinople: Hagios Panteleemon,,,Attaleiates: History,252.5 / 182.2,Constantinople: Hagios Panteleemon: set fire to the houses between the Bosporos and  Hagios Panteleemon,Specifies presence,,,,Actually Attaleiates further specifies which part of the Bosporos: Anaplous region.
Ioannes,61,234797,Bosporos,https://pleiades.stoa.org/places/520977,,Attaleiates: History,252.6 / 182.3,Bosporos: set fire to the houses between the bridge of Hagios Panteleemon and the Bosporos,Specifies presence,,,,Actually Attaleiates further specifies which part of the Bosporos: Anaplous region.
Ioannes,61,234815,Raidestos (Thrace),https://pleiades.stoa.org/places/511187,,Attaleiates: History,261.20 / 188.7,Raidestos (Thrace): reached with his troops and entered Raidestos (Thrace),Specifies presence,,,,
Ioannes,113,234456,Kypsella (Thrace),https://pleiades.stoa.org/places/501489,,Attaleiates: History,29.12 / 23.14,Kypsella (Thrace): vanquished the Bulgarians near Kypsella (Thrace),Specifies presence near,,,,
Ioannes,113,234457,Boulgarophygon,,https://www.geonames.org/751371,Attaleiates: History,29.19 / 23.20,Boulgarophygon: after his troops' defection fled to a church at Boulgarophygon,Specifies presence,"J 1047, December 25 [TAQ]",Other,"K&K, n 57.",
Ioannes,18,234519,Trebizond,https://pleiades.stoa.org/places/857359,,Attaleiates: History,92.16 / 70.5,Trebizond: hailed from Trebizond,Does not specify presence,,,,
Ioannes,18,234521,Constantinople: Great Palace,,,Attaleiates: History,92.19 / 70.7,Constantinople: palace: had a career next to the emperor in the  palace,Specifies presence,,,,
Ioannes,18,234520,"Olympos, Mount (Bithynia)",https://pleiades.stoa.org/places/511343,,Attaleiates: History,92.22 / 70.10,"Olympos, Mount (Bithynia): became a monk on Olympos, Mount (Bithynia)",Specifies presence,,,,
Ioannes,2,437151,Danube,https://pleiades.stoa.org/places/226577,,"Basilakios, Orationes et epistulae",52.25,"Danube: had slaughtered the Pechenegs, making blood flow in the Danube",Specifies presence near,,,,
Ioannes,2,437153,Pamphylia,,,"Basilakios, Orationes et epistulae",54.16,Pamphylia: reached Cilicia by passing through Pamphylia,Specifies presence,,,,
Ioannes,2,437158,Tarsos (Cilicia),https://pleiades.stoa.org/places/648789,,"Basilakios, Orationes et epistulae",57.28-29,Tarsos (Cilicia): besieged and captured Tarsos,Specifies presence / Specifies presence near,,,,
Ioannes,2,437159,Taurus (Cilicia),https://pleiades.stoa.org/places/648792,,"Basilakios, Orationes et epistulae",56.17-18,Taurus (Cilicia): to capture Tarsos moved into the foothills of the Taurus,Specifies presence / Specifies presence near,,,,
Ioannes,2,437175,Euphrates,https://pleiades.stoa.org/places/912849,,"Basilakios, Orationes et epistulae",65.13-31,Euphrates: sent a cavalry detachment to raid beyond the Euphrates,Specifies presence / Specifies presence near,,,,
Ioannes,2,437240,Jerusalem,https://pleiades.stoa.org/places/687928,,"Basilakios, Orationes et epistulae",91.13-14,Jerusalem: was probably planning a journey to Jerusalem,Does not specify presence,,,,
Ioannes,293,437195,Orient (whole),,,"Basilakios, Orationes et epistulae","84, tit",Orient (whole): was megas domestikos of the Orient (whole),Dignity,,,,
Ioannes,293,437196,Orient and West (whole),,,"Basilakios, Orationes et epistulae","84, tit",Orient and West (whole): was megas domestikos of the Orient and West (whole),Dignity,,,,
Ioannes,293,437197,West (whole),,,"Basilakios, Orationes et epistulae","84, tit",West (whole): was megas domestikos of the West (whole),Dignity,,,,
Ioannes,293,437241,Jerusalem,https://pleiades.stoa.org/places/687928,,"Basilakios, Orationes et epistulae",91.13-14,Jerusalem: may have been preparing for an imperial pilgrimage to Jerusalem,Does not specify presence,,,,
Ioannes,141,226475,"Edessa (Rohas, Mesopotamia)",https://pleiades.stoa.org/places/658457,,Boilas,39,"Edessa (Rohas, Mesopotamia): served as katepano of Edessa (Rohas, Mesopotamia)",Dignity,,,,
Ioannes,142,226478,Iberia (theme),,,Boilas,39,Iberia (theme): served as doux of Iberia (theme),Dignity,,,,
Ioannes,102,224983,Side,,,Chrysobull of 1079,30.1,Side: was metropolitan of Side,Dignity,,,,
Ioannes,265,225002,Mokissos (Cappadocia),https://pleiades.stoa.org/places/619174,,Chrysobull of 1079,31.20,Mokissos (Cappadocia): was metropolitan of Mokissos (Cappadocia),Dignity,,,,
Ioannes,266,225008,Otranto (Apulia),https://pleiades.stoa.org/places/442615,,Chrysobull of 1079,31.26,Otranto (Apulia): was metropolitan of Otranto (Apulia),Dignity,,,,
Ioannes,267,225012,Euchaneia,,,Chrysobull of 1079,31.30,Euchaneia: was metropolitan of Euchaneia,Dignity,,,,
Ioannes,18,227396,Trebizond,https://pleiades.stoa.org/places/857359,,Glykas,606.16,Trebizond: hailed from Trebizond,Does not specify presence,,,,
Ioannes,18,227397,"Olympos, Mount (Bithynia)",https://pleiades.stoa.org/places/511343,,Glykas,606.17,"Olympos, Mount (Bithynia): led an ascetic life on Olympos, Mount (Bithynia)",Specifies presence,,,,
Ioannes,68,227337,Constantinople: Great Palace,,,Glykas,588.12-13,Constantinople: Great Palace: walked in procession to Blachernai from the  Great Palace,Specifies presence,,,,
Ioannes,68,227356,Mitylene,https://pleiades.stoa.org/places/550763,,Glykas,593.7,Mitylene: banished Monomachos (<Konstantinos 9>) to Mitylene,Does not specify presence,,,,
Ioannes,102,227414,Side,,,Glykas,613.5,Side: was metropolitan of Side,Dignity,,,,
Ioannes,2,436989,Cilicia,https://pleiades.stoa.org/places/981514,,Italikos,247.20,Cilicia: made an expedition to Cilicia,Specifies presence,,,,
Ioannes,2,436990,Pamphylia,,,Italikos,247.20,Pamphylia: approached Cilicia via the valleys of Pamphylia,Specifies presence near,,,,
Ioannes,2,436991,Taurus (Cilicia),https://pleiades.stoa.org/places/648792,,Italikos,248.3,Taurus (Cilicia): moved from place to place in the Cilician Taurus,Specifies presence,,,,
Ioannes,2,436992,Korykos,,,Italikos,250.24,Korykos: attacked Korykos,Specifies presence near,,,,
Ioannes,2,436993,Lamos (Cilicia),,,Italikos,251.1,Lamos (Cilicia): fought battles on the river Lamos,Specifies presence,,,,
Ioannes,2,436998,Tarsos (Cilicia),https://pleiades.stoa.org/places/648789,,Italikos,252.16,Tarsos (Cilicia): captured Tarsos (from westerners),Specifies presence,,,,
Ioannes,2,436999,Adana,https://pleiades.stoa.org/places/648548,,Italikos,252.16,Adana: moved against Adana,Specifies presence / Specifies presence near,,,,
Ioannes,2,437000,"Mopsuestia (Missis(a), Cilicia)",https://pleiades.stoa.org/places/658538,,Italikos,252.16-17,"Mopsuestia (Missis(a), Cilicia): siezed both cities of Mopsuestia",Specifies presence,,,,
Ioannes,2,437001,Anazarbos,https://pleiades.stoa.org/places/658378,,Italikos,253.5,Anazarbos: besieged Anazarbos (defended by Armenians),Specifies presence near,,,,
Ioannes,2,437002,Euphrates,https://pleiades.stoa.org/places/912849,,Italikos,256.16,Euphrates: achieved wonders on the banks of the Euphrates,Specifies presence,,,,
Ioannes,2,437004,Alexandretta,https://pleiades.stoa.org/places/658371,,Italikos,257.12-13,Alexandretta: fought at Alexandretta,Specifies presence,,,,
Ioannes,2,437007,Antioch (on the Orontes),https://pleiades.stoa.org/places/658381,,Italikos,260.6,Antioch (on the Orontes): achieved wonderful deeds at Antioch,Specifies presence,,,,
Ioannes,2,437011,Shayzar (Cesarea Magna),,,Italikos,263.1,Shayzar (Cesarea Magna): attacked but showed mercy to Shayzar,Specifies presence / Specifies presence near,,,,
Ioannes,2,437012,Sangarios (river),,,Italikos,267.15,Sangarios (river): attacked those living near the Sangarios,Specifies presence near,,,,
Ioannes,2,437056,Jerusalem,https://pleiades.stoa.org/places/687928,,Italikos,290.1,Jerusalem: planned to complete his Syrian campaign with a visit to Jerusalem and the holy places,Does not specify presence,,,,
Ioannes,2,437060,Anazarbos,https://pleiades.stoa.org/places/658378,,Italikos,290.15-16,Anazarbos: died near Anazarbos,Specifies presence near,,,,
Ioannes,102,444410,Side,,,Italos trial,l. 69,Side: was metropolitan of Side,Dignity,,,,
Ioannes,499,444379,Sardis (Lydia),https://pleiades.stoa.org/places/550867,,Italos trial,l. 413,Sardis (Lydia): was metropolitan of Sardis,Dignity,,,,
Ioannes,265,444386,Mokissos (Cappadocia),https://pleiades.stoa.org/places/619174,,Italos trial,"ll. 5, 72, 415",Mokissos (Cappadocia): was metropolitan of Mokissos,Dignity,,,,
Ioannes,500,444389,Koloneia (on Lykos),https://pleiades.stoa.org/places/857194,,Italos trial,"ll. 74, 415",Koloneia (on Lykos): was metropolitan of Koloneia,Dignity,,,,
Ioannes,138,227996,Arabissos,https://pleiades.stoa.org/places/628925,,Kekaumenos,140.8,Arabissos: decided to take up a post at the episkepsis of Arabissos,Specifies presence near,,,,
Ioannes,138,228000,Constantinople: Hagios Paulos,,,Kekaumenos,140.16-17,Constantinople: Hagios Paulos: was locked up in a dark room at the orphanotropheion of  Hagios Paulos,Specifies presence,,,,
Ioannes,139,228005,Larissa (Thessaly),https://pleiades.stoa.org/places/540905,,Kekaumenos,188.31,Larissa (Thessaly): hailed from Larissa (Thessaly),Does not specify presence,,,,
Ioannes,2,355311,Laodikeia (Phrygia),https://pleiades.stoa.org/places/638955,,Kinnamos,5.17-6.5,Laodikeia (Phrygia): captured and garrisoned Laodikeia (Phrygia),Specifies presence,,,,
Ioannes,2,355312,Philadelphia (Lydia),https://pleiades.stoa.org/places/550822,,Kinnamos,5.19,Philadelphia (Lydia): fortified Philadelphia (Lydia),Specifies presence,,,,
Ioannes,2,355314,Sozopolis (Pisidia),https://pleiades.stoa.org/places/638758,,Kinnamos,6.5-7.11,Sozopolis (Pisidia): captured Sozopolis (Pisidia),Specifies presence,,,,
Ioannes,2,355315,Hierakoryphite,,,Kinnamos,7.12,Hierakoryphite: captured Hierakoryphite,Specifies presence,,,,
Ioannes,2,355322,Tempon (Serbia),,,Kinnamos,11.8,Tempon (Serbia): made a feint via Tempon (Serbia),Specifies presence,,,,
Ioannes,2,355323,Chramon,,,Kinnamos,11.5-20,Chramon: captured Chramon,Specifies presence,,,,
Ioannes,2,355324,Branicevo,,,Kinnamos,11.19-12.01,Branicevo: garrisoned Branicevo,Specifies presence,,,,
Ioannes,2,355328,Branicevo,,,Kinnamos,"12.13-16, 13.1",Branicevo: went to rebuild Branicevo,Specifies presence,,,,
Ioannes,2,355330,Kake Skala,,,Kinnamos,13.4,Kake Skala: escaped by Kake Skala,Specifies presence,,,,
Ioannes,2,355331,Kastamon (Paphlagonia),https://pleiades.stoa.org/places/844974,,Kinnamos,13.10-15,Kastamon (Paphlagonia): attacked and captured Kastamon (Paphlagonia),Specifies presence,,,,
Ioannes,2,355333,Ikonion,https://pleiades.stoa.org/places/648647,,Kinnamos,14.13-15,Ikonion: sent an embassy to Ikonion,Does not specify presence,,,,
Ioannes,2,355334,Gangra,https://pleiades.stoa.org/places/844926,,Kinnamos,14.18-15.23,Gangra: attacked and captured Gangra,Specifies presence,,,,
Ioannes,2,355335,Kastamon (Paphlagonia),https://pleiades.stoa.org/places/844974,,Kinnamos,15.7-12,Kastamon (Paphlagonia): recaptured Kastamon (Paphlagonia),Specifies presence,,,,
Ioannes,2,355336,Ryndakene,,,Kinnamos,15.7-12,Ryndakene: wintered at Ryndakene,Dignity,,,,
Ioannes,2,355338,Cilicia,https://pleiades.stoa.org/places/981514,,Kinnamos,16.6,Cilicia: rushed to recapture Cilicia,Dignity,,,,
Ioannes,2,355339,"Mopsuestia (Missis(a), Cilicia)",https://pleiades.stoa.org/places/658538,,Kinnamos,16.19-21,"Mopsuestia (Missis(a), Cilicia): captured Mopsuestia (Missis(a), Cilicia)",Dignity,,,,
Ioannes,2,355340,Tarsos (Cilicia),https://pleiades.stoa.org/places/648789,,Kinnamos,16.19-21,Tarsos (Cilicia): took Tarsos (Cilicia),Specifies presence,,,,
Ioannes,2,355341,Adana,https://pleiades.stoa.org/places/648548,,Kinnamos,16.19-21,Adana: took Adana,Specifies presence,,,,
Ioannes,2,355342,Anazarbos,https://pleiades.stoa.org/places/658378,,Kinnamos,16.19-18.2,Anazarbos: besieged and captured Anazarbos,Specifies presence,,,,
Ioannes,2,355349,Vahka (Syria),,,Kinnamos,18.12-20.17,Vahka (Syria): bypassed and later captured Vahka (Syria),Specifies presence,,,,
Ioannes,2,355353,Kafartab (Syria),,,Kinnamos,19.21-22,Kafartab (Syria): captured Kafartab (Syria),Specifies presence,,,,
Ioannes,2,355354,Shayzar (Cesarea Magna),,,Kinnamos,19.22-20.9,Shayzar (Cesarea Magna): captured by siege the city and on terms the citadel of Shayzar (Cesarea Magna),Specifies presence,,,,
Ioannes,2,355355,Kapniskerti (Cilicia),,,Kinnamos,20.16-17,Kapniskerti (Cilicia): captured Kapniskerti (Cilicia),Specifies presence,,,,
Ioannes,2,355356,Neokaisareia,https://pleiades.stoa.org/places/614769,,Kinnamos,21.4,Neokaisareia: was beaten off from Neokaisareia,Specifies presence near,,,,
Ioannes,2,355358,Sozopolis (Pisidia),https://pleiades.stoa.org/places/638758,,Kinnamos,22.5-8,Sozopolis (Pisidia): by his presence alone beat off an attack on Sozopolis (Pisidia),Specifies presence,,,,
Ioannes,2,355359,Pousgouse,,,Kinnamos,22.8-22,Pousgouse: captured the islands in lake Pousgouse,Specifies presence,,,,
Ioannes,2,355360,Antioch (on the Orontes),https://pleiades.stoa.org/places/658381,,Kinnamos,18.10-19.8,Antioch (on the Orontes): besieged Antioch (on the Orontes),Specifies presence near,,,,
Ioannes,2,355372,Lopadion (Bithynia),,https://www.geonames.org/738449,Kinnamos,38.9-10,Lopadion (Bithynia): built a fortress at Lopadion (Bithynia),Specifies presence,,,,
Ioannes,2,355572,Cilicia,https://pleiades.stoa.org/places/981514,,Kinnamos,24.7-8,Cilicia: died in Cilicia,Specifies presence,,,,
Ioannes,2,355776,Chios,https://pleiades.stoa.org/places/550497,,Kinnamos,281.12,Chios: endured the capture by the Venetians of Chios,Specifies presence,,,,
Ioannes,2,355777,Rhodes,https://pleiades.stoa.org/places/590031,,Kinnamos,281.13,Rhodes: endured the plundering by the Venetians of Rhodes,Does not specify presence,,,,
Ioannes,2,355778,Mitylene,https://pleiades.stoa.org/places/550763,,Kinnamos,281.13,Mitylene: endured the plundering by the Venetians of Mitylene,Does not specify presence,,,,
Ioannes,2,355831,Constantinople: Pantokrator,,,Kinnamos,31.10-13,Constantinople: Pantokrator: was buried in the monastery of  Pantokrator,Specifies presence,,,,
Ioannes,293,355422,Ancona,https://pleiades.stoa.org/places/413014,,Kinnamos,102.3,Ancona: was to harry Italy from Ancona,Does not specify presence,,,,
Ioannes,293,355423,Boöses,,,Kinnamos,102.5,Boöses: stopped at the river Boöses,Specifies presence,,,,
Ioannes,2,228430,Armenia,https://pleiades.stoa.org/places/874350,,Kleinchroniken,57.2,Armenia: embarked on a second expedition to Antioch and Armenia,Does not specify presence,,,,
Ioannes,2,228431,Antioch (on the Orontes),https://pleiades.stoa.org/places/658381,,Kleinchroniken,57.2,Antioch (on the Orontes): embarked on a second expedition to Armenia and Antioch,Does not specify presence,,,,
Ioannes,2,228432,Jerusalem,https://pleiades.stoa.org/places/687928,,Kleinchroniken,57.2,Jerusalem: failed to reach Jerusalem,Does not specify presence,,,,
Ioannes,2,228439,Jerusalem,https://pleiades.stoa.org/places/687928,,Kleinchroniken,58.2,Jerusalem: wished to send his son <Andronikos 109> to (in order to rule over?) Jerusalem,Does not specify presence,,,,
Ioannes,2,228440,Rome,https://pleiades.stoa.org/places/423025,,Kleinchroniken,58.2,Rome: wished to send his son <Alexios 103> to be crowned (?) in Rome,Does not specify presence,,,,
Ioannes,293,228451,Constantinople: Great Palace,,,Kleinchroniken,58.3,Constantinople: Great Palace: took <Manuel 1> and entered the  Great Palace,Specifies presence,,,,
Ioannes,293,228452,Constantinople: Boukoleon,,,Kleinchroniken,58.3,Constantinople: Boukoleon: took <Manuel 1> from Chrysopolis across to  Boukoleon,Specifies presence,,,,
Ioannes,293,228453,Chrysopolis (Bithynia),https://pleiades.stoa.org/places/520995,,Kleinchroniken,58.3,Chrysopolis (Bithynia): took <Manuel 1> to Boukoleon from Chrysopolis (Bithynia),Specifies presence,,,,
Ioannes,147,339703,Thessalonike,https://pleiades.stoa.org/places/491741,,Lavra,223.2,"Thessalonike: was krites and anagrapheus of Bolereon, Strymon and Thessalonike",Dignity,,,,
Ioannes,147,339704,Strymon,https://pleiades.stoa.org/places/501629,,Lavra,223.2,"Strymon: was krites and anagrapheus of Thessalonike, Bolereon and Strymon",Dignity,,,,
Ioannes,147,339705,Boleron,,,Lavra,223.2,"Boleron: was krites and anagrapheus of Thessalonike, Strymon and Boleron",Dignity,,,,
Ioannes,179,339757,Kellia (near Hierissos),,,Lavra,253.10,Kellia (near Hierissos): claimed for Iveron the locality of Kellia (near Hierissos),Does not specify presence,,,,
Ioannes,297,229651,Attaleia,https://pleiades.stoa.org/places/638778,,Lazaros of Galesion,530F,Attaleia: hailed from Attaleia,Specifies presence,,,,
Ioannes,299,229712,Thrakesion,,,Lazaros of Galesion,540A,Thrakesion: was entrusted with the episkepsis of Myrelaion in Thrakesion,Dignity,,,,
Ioannes,299,229713,Constantinople: Myrelaion,,,Lazaros of Galesion,540A,Constantinople: Myrelaion: was entrusted with the episkepsis (in Thrakesion) of  Myrelaion,?,,,,This myrelaion is clearly in Thrakesion so I don't see what Constantinople has to do with this.
Ioannes,299,229711,Ephesos,https://pleiades.stoa.org/places/599612,,Lazaros of Galesion,540B,Ephesos: served as dioiketes of Artokopeion (?) and Ephesos,Dignity,,,,
Ioannes,299,229714,Artokopeion (Thrakesion),,,Lazaros of Galesion,540B,Artokopeion (Thrakesion): served as dioiketes of Ephesos and Artokopeion (Thrakesion),Dignity,,,,
Ioannes,303,229748,Opsikion,,,Lazaros of Galesion,558A,Opsikion: hailed from the theme of Opsikion,Specifies presence,,,,
Ioannes,304,229749,Sardis (Lydia),https://pleiades.stoa.org/places/550867,,Lazaros of Galesion,558C,Sardis (Lydia): hailed from Sardis (Lydia),Specifies presence,,,,
Ioannes,304,229750,"Galesion, Mount: Theotokos",,,Lazaros of Galesion,558D,"Galesion, Mount: Theotokos: distinguished himself through his ascetic lifestyle at the monastery of the  Theotokos",Specifies presence,,,,
Ioannes,18,230545,Constantinople: Mangana,,,Mauropous: Orations,198.10,Constantinople: Mangana: was appointed nomophylax at the school of law within the compound of Saint Georgios at  Mangana,Dignity,,,,
Ioannes,289,230523,Euchaïta,https://pleiades.stoa.org/places/857120,,Mauropous: Orations,1,Euchaïta: was metropolitan of Euchaïta,Dignity,,,,
Ioannes,289,230525,Hagios Theodoros (Paphlagonia),,,Mauropous: Orations,24,Hagios Theodoros (Paphlagonia): wrote an epigram about a chrysobull granted to his monastery of Hagios Theodoros (Paphlagonia),Does not specify presence,,,,
Ioannes,289,230526,Hagios Theodoros (Paphlagonia),,,Mauropous: Orations,27,Hagios Theodoros (Paphlagonia): wrote an epigram about the typikon of his monastery of Hagios Theodoros (Paphlagonia),Does not specify presence,,,,
Ioannes,289,230532,Constantinople: Mangana,,,Mauropous: Orations,37,Constantinople: Mangana: wrote an epigram about an imperial donation to Saint Georgios of  Mangana,Does not specify presence,,,,
Ioannes,289,230536,Euchaïta,https://pleiades.stoa.org/places/857120,,Mauropous: Orations,50-51,Euchaïta: donated liturgical books to the church of Euchaïta,Does not specify presence,,,,
Ioannes,289,230537,Euchaïta,https://pleiades.stoa.org/places/857120,,Mauropous: Orations,119,Euchaïta: delivered a speech on the feastday of Saint Theodoros at Euchaïta,Specifies presence,,,,
Ioannes,289,230538,Constantinople: Mangana,,,Mauropous: Orations,139,Constantinople: Mangana: delivered a speech in the church of the tropaiophoros at  Mangana,Specifies presence,,,,
Ioannes,289,230539,Euchaïta,https://pleiades.stoa.org/places/857120,,Mauropous: Orations,160,Euchaïta: delivered a speech to the people in the church of Euchaïta,Specifies presence,,,,
Ioannes,2,435730,Constantinople: Great Palace,,,"Niketas Choniates, Historia",7.70,Constantinople: Great Palace: cemented his seizure of power by occupying the Great Palace,Specifies presence,,,,
Ioannes,2,435784,Laodikeia (Phrygia),https://pleiades.stoa.org/places/638955,,"Niketas Choniates, Historia",12.2-3,Laodikeia (Phrygia): captured and fortified Laodikeia,Specifies presence,,,,
Ioannes,2,435785,Phrygia,https://pleiades.stoa.org/places/609502,,"Niketas Choniates, Historia",12.1,Phrygia: after his accession made an attack on the area of Phrygia,Specifies presence,,,,
Ioannes,2,435788,Sozopolis (Pisidia),https://pleiades.stoa.org/places/638758,,"Niketas Choniates, Historia",12.14-13.36,Sozopolis (Pisidia): used a strategem to capture Sozopolis,Specifies presence,,,,
Ioannes,2,435794,Hierakoryphite,,,"Niketas Choniates, Historia",13.36-37,Hierakoryphite: went on from Sozopolis to take Hierakoryphetis,Specifies presence,,,,
Ioannes,2,435803,Nikomedeia,https://pleiades.stoa.org/places/511337,,"Niketas Choniates, Historia",16.21-22,Nikomedeia: moved Serbian prisoners and settled them in the area of Nikomedeia,Does not specify presence,,,,
Ioannes,2,435839,Philippopolis,https://pleiades.stoa.org/places/216927,,"Niketas Choniates, Historia",17.48-49,Philippopolis: heard of the Hungarian invasion at Philippopolis,Does not specify presence,,,,
Ioannes,2,435840,Danube,https://pleiades.stoa.org/places/226577,,"Niketas Choniates, Historia",17.52-55,Danube: sent ships via the Black Sea up the Danube,Does not specify presence,,,,
Ioannes,2,435843,Zeugminon (Serbia),,,"Niketas Choniates, Historia",18.58-59,Zeugminon (Serbia): captured,Specifies presence,J 1128-1129,Editor,,
Ioannes,2,435845,Italy,,,"Niketas Choniates, Historia",18.68-69,"Italy: tried to win over western neighbours, especially those on the seaboard of Italy",Does not specify presence,J 1132,Editor,,
Ioannes,2,435850,Kastamon (Paphlagonia),https://pleiades.stoa.org/places/844974,,"Niketas Choniates, Historia",18.74,Kastamon (Paphlagonia): besieged and captured Kastamon,Specifies presence,J 1132-1133,Editor,,
Ioannes,2,435851,Bithynia,,,"Niketas Choniates, Historia",18.72,Bithynia: marched to Kastamon through Bithynia,Specifies presence,,,,
Ioannes,2,435853,Paphlagonia,,,"Niketas Choniates, Historia",18.72,Paphlagonia: marched to Kastamon through Paphlagonia,Specifies presence,,,,
Ioannes,2,435870,Ryndakos,,,"Niketas Choniates, Historia",20.23,Ryndakos: wintered at the fortress he had build by the river Ryndakos,Specifies presence,,,,
Ioannes,2,435872,Kastamon (Paphlagonia),https://pleiades.stoa.org/places/844974,,"Niketas Choniates, Historia",20.24-25,Kastamon (Paphlagonia): for a second time captured Kastamon,Specifies presence,,,,
Ioannes,2,435873,Gangra,https://pleiades.stoa.org/places/844926,,"Niketas Choniates, Historia",21.43-46,Gangra: besieged and captured the imposing town of Gangra,Specifies presence,J 1135-1136,Editor,,
Ioannes,2,435874,Constantinople: Hagia Sophia,https://pleiades.stoa.org/places/307220778,,"Niketas Choniates, Historia",19.95-96,Constantinople: Hagia Sophia: ended his triumph for Kastamon by giving thanks in Hagia Sophia,Does not specify presence,,,,
Ioannes,2,435901,Vahka (Syria),,,"Niketas Choniates, Historia",22.64-25.48,Vahka (Syria): after single combat between champions captured Vahka,Specifies presence,J 1138,Editor,,
Ioannes,2,435904,Anazarbos,https://pleiades.stoa.org/places/658378,,"Niketas Choniates, Historia",25.49-27.1,Anazarbos: after an exhausting siege took the populous city of Anazarbos,Specifies presence,J 1139,Editor,,
Ioannes,2,435906,Cilician Gates,,,"Niketas Choniates, Historia",21.57-58,Cilician Gates: entered Cilicia via the pass of the Cilician Gates,Specifies presence,,,,
Ioannes,2,435907,Adana,https://pleiades.stoa.org/places/648548,,"Niketas Choniates, Historia",21.59,Adana: after entering Cilicia immediately captured Adana,Specifies presence,J 1135-1136,Editor,,
Ioannes,2,435908,Tarsos (Cilicia),https://pleiades.stoa.org/places/648789,,"Niketas Choniates, Historia",21.60,Tarsos (Cilicia): after entering Cilicia soon captured Tarsos,Specifies presence,,,,
Ioannes,2,435910,Antioch (on the Orontes),https://pleiades.stoa.org/places/658381,,"Niketas Choniates, Historia",27.2-9,Antioch (on the Orontes): was welcomed for a few days' visit to Antioch,Specifies presence,"J 1137, August 29",Editor,,
Ioannes,2,435945,Hierapolis (Syria),https://pleiades.stoa.org/places/658480,,"Niketas Choniates, Historia",28.28-29,"Hierapolis (Syria): decided yo ignore Hierapolis, as it was not defensible, lying in a flat plain",Does not specify presence,,,,
Ioannes,2,435949,Kafartab (Syria),,,"Niketas Choniates, Historia",28.45-29.48,"Kafartab (Syria): soon captured Kafartab, a large city, centre of several walled towns",Specifies presence,J 1138,Editor,,
Ioannes,2,435951,Shayzar (Cesarea Magna),,,"Niketas Choniates, Historia",30.85-2,Shayzar (Cesarea Magna): was bribed not to push home his assault on Shayzar,Does not specify presence,,,,
Ioannes,2,435953,"Edessa (Rohas, Mesopotamia)",https://pleiades.stoa.org/places/658457,,"Niketas Choniates, Historia",30.87-90,"Edessa (Rohas, Mesopotamia): was prevented from capturing Shayzar (why?) by bad news from Edessa",Does not specify presence,,,,
Ioannes,2,435954,Euphrates,https://pleiades.stoa.org/places/912849,,"Niketas Choniates, Historia",27.10,Euphrates: gathered booty from towns across the Euphrates,Specifies presence / Specifies presence near,,,,
Ioannes,2,435958,Antioch (on the Orontes),https://pleiades.stoa.org/places/658381,,"Niketas Choniates, Historia",31.16-19,Antioch (on the Orontes): was welcomed by an elaborate  ceremonial entry into Antioch,Specifies presence,,,,
Ioannes,2,435960,Cilicia,https://pleiades.stoa.org/places/981514,,"Niketas Choniates, Historia",31.19-20,Cilicia: returned home from Antioch via Cilicia,Specifies presence,,,,
Ioannes,2,435961,Ikonion,https://pleiades.stoa.org/places/648647,,"Niketas Choniates, Historia",31.21-24,Ikonion: sent a detachment to punish the people of Ikonion,Does not specify presence,,,,
Ioannes,2,435974,Sangarios (river),,,"Niketas Choniates, Historia",33.62,Sangarios (river): went to protect weak areas along the Sangarios,Specifies presence,J 1139,Editor,,
Ioannes,2,435975,Lopadion (Bithynia),,https://www.geonames.org/738449,"Niketas Choniates, Historia",33.63-65,"Lopadion (Bithynia): from the Sangarios, withdrew to Lopadion",Specifies presence,J 1139,Editor,,
Ioannes,2,435977,Armeniakon,,,"Niketas Choniates, Historia",34.84-85,Armeniakon: had to expel enemies from Armeniakon,Does not specify presence,J 1126,Editor,,
Ioannes,2,435983,Pontos,https://pleiades.stoa.org/places/344460,,"Niketas Choniates, Historia",34.87-88,Pontos: made an expedition into Pontos,Specifies presence,J 1126,Editor,,
Ioannes,2,435984,Paphlagonia,,,"Niketas Choniates, Historia",34.87-88,Paphlagonia: marched into Pontos via the valleys of Pahlagonia,Specifies presence,J 1126,Editor,,
Ioannes,2,436016,Lopadion (Bithynia),,https://www.geonames.org/738449,"Niketas Choniates, Historia",37.73-75,Lopadion (Bithynia): left Constantinople for Lopadion,?,,,,I cannot find a mention of Lopadion in this section.
Ioannes,2,436021,Attaleia,https://pleiades.stoa.org/places/638778,,"Niketas Choniates, Historia",37.82,Attaleia: set out to spend some time around Attaleia,Specifies presence,J 1141-1142,Editor,,
Ioannes,2,436026,Pousgouse,,,"Niketas Choniates, Historia",37.86,Pousgouse: captured islands in lake Pousgouse,Specifies presence,,,,
Ioannes,2,436027,Ryndakos,,,"Niketas Choniates, Historia",37.74,Ryndakos: spent the summer around the fortress he had built by the Ryndakos,Specifies presence / Specifies presence near,,,,
Ioannes,2,438981,Antioch (on the Orontes),https://pleiades.stoa.org/places/658381,,"Niketas Choniates, Historia",39.54,"Antioch (on the Orontes): after allowing the plundering of suburban estates, withdrew from Antioch",Specifies presence,,,,
Ioannes,293,435765,Nicaea,https://pleiades.stoa.org/places/511268,,"Niketas Choniates, Historia",9.25,Nicaea: was captured during the First Crusade at Nicaea,Specifies presence,,,,
Ioannes,293,439036,Constantinople: Hagia Sophia,https://pleiades.stoa.org/places/307220778,,"Niketas Choniates, Historia",49.35-36,Constantinople: Hagia Sophia: won over with a chrysobull the clergy of Hagia Sophia,Does not specify presence,,,,
Ioannes,293,448303,Kerkyra,https://pleiades.stoa.org/places/530835,,"Niketas Choniates, Historia",82.53-54,Kerkyra: replaced <Stephanos 17003> as commander of the iege of Kerkyra,Does not specify presence,,,,
Ioannes,158,395342,Athos: Zygou,https://pleiades.stoa.org/places/501365,,Panteleemon,55.7,Athos: Zygou: was hegoumenos of the monastery of  Zygou,Dignity,,,,
Ioannes,2,438655,Nossiai (monastery),,,Pantokrator Typikon,686,Nossiai (monastery): stipulated how the Pantokrator was to control Nossiai as a dependent monastery,Does not specify presence,,,,
Ioannes,2,279621,Chandax,,https://www.geonames.org/261745,Patmos: Acts,1.83.27,Chandax: granted to the monks of Patmos an annual donation from the revenues of the kastron of Chandax,Does not specify presence,,,,
Ioannes,2,279622,Patmos: Theologos,,,Patmos: Acts,1.83.31,Patmos: Theologos: exempted from the antinaulon tax the ship of the monastery of  Theologos,Does not specify presence,,,,
Ioannes,313,279443,Ephesos,https://pleiades.stoa.org/places/599612,,Patmos: Acts,2.10.134,Ephesos: probably hailed from Ephesos,Does not specify presence,,,,
Ioannes,19,445103,Chalcedon,https://pleiades.stoa.org/places/520988,,Peri metatheseon,"183, no. 56",Chalcedon: his name connected him with Chalcedon,Dignity,,,,
Ioannes,2,436111,Laodikeia (Phrygia),https://pleiades.stoa.org/places/638955,,"Prodromos, Historische Gedichte",III.33-34,Laodikeia (Phrygia): attacked and captured Laodikeia,Specifies presence,,,,
Ioannes,2,436113,Sozopolis (Pisidia),https://pleiades.stoa.org/places/638758,,"Prodromos, Historische Gedichte",III.35-36,Sozopolis (Pisidia): captured,Specifies presence,,,,
Ioannes,2,436116,Kastamon (Paphlagonia),https://pleiades.stoa.org/places/844974,,"Prodromos, Historische Gedichte",III.42-67,"Kastamon (Paphlagonia): besieged and captured Kastamon, despite its circuits of walls. ",Specifies presence,,,,
Ioannes,2,436121,Halys,https://pleiades.stoa.org/places/857148,,"Prodromos, Historische Gedichte","III.44, 103, VI.13","Halys: crossed the Halys, a river now only known in heroic song",Specifies presence,,,,
Ioannes,2,436131,Halys,https://pleiades.stoa.org/places/857148,,"Prodromos, Historische Gedichte","IV.54-55, 88",Halys: was the first Roman emperor [for some time] to cross the river Halys,Specifies presence,,,,
Ioannes,2,436155,Amorion,https://pleiades.stoa.org/places/609302,,"Prodromos, Historische Gedichte",IV.273,Amorion: is recorded as winning an otherwise unknown victory at Amorion,Specifies presence,,,,
Ioannes,2,436156,Lemnos,https://pleiades.stoa.org/places/550693,,"Prodromos, Historische Gedichte",IV.273,"Lemnos: is recorded as winning an otherwise unknown victory, presumably at sea, at Lemnos",Specifies presence,,,,
Ioannes,2,436184,Kastamon (Paphlagonia),https://pleiades.stoa.org/places/844974,,"Prodromos, Historische Gedichte","IXb.9, IXc.9",Kastamon (Paphlagonia): was praised in Christmas hymns for recovering Kastamon,Does not specify presence,,,,
Ioannes,2,436185,Gangra,https://pleiades.stoa.org/places/844926,,"Prodromos, Historische Gedichte","IXb.9, IXc.9",Gangra: was praised in Christmas hymns for capturing Gangra,Does not specify presence,,,,
Ioannes,2,436196,Syria,,,"Prodromos, Historische Gedichte","XI tit, 53",Syria: returned from an expedition to Syria,Specifies presence,,,,
Ioannes,2,436197,Cilicia,https://pleiades.stoa.org/places/981514,,"Prodromos, Historische Gedichte","XI tit, 53",Cilicia: returned from an expedition to Cilicia,Specifies presence,,,,
Ioannes,2,436200,Kafartab (Syria),,,"Prodromos, Historische Gedichte",XI.54,Kafartab (Syria): returned from an expedition to Kafartab,Specifies presence,,,,
Ioannes,2,436205,Sangarios (river),,,"Prodromos, Historische Gedichte",XI.101-120,"Sangarios (river): due to high water on his way home, had problems in crossing the river Sangarios",Specifies presence / Specifies presence near,,,,
Ioannes,2,436206,Bithynia,,,"Prodromos, Historische Gedichte",XI.84,Bithynia: through his absence had lost to the Turks parts of Bithynia,Does not specify presence,,,,
Ioannes,2,436211,Euphrates,https://pleiades.stoa.org/places/912849,,"Prodromos, Historische Gedichte",XII.35,Euphrates: his forces had crossed the river Euphrates,Does not specify presence,,,,
Ioannes,2,436254,Lopadion (Bithynia),,https://www.geonames.org/738449,"Prodromos, Historische Gedichte","XVIII, tit",Lopadion (Bithynia): was visited by non-combatants at Lopadion,Specifies presence,,,,
Ioannes,2,436259,Neokaisareia,https://pleiades.stoa.org/places/614769,,"Prodromos, Historische Gedichte","XIX, tit",Neokaisareia: failed to capture Neokaisareia,Does not specify presence,,,,
Ioannes,2,436293,Danube,https://pleiades.stoa.org/places/226577,,"Prodromos, Historische Gedichte","XXV.41, 88",Danube: was said in an epitaph to have crossed the Danube,Does not specify presence,,,,
Ioannes,2,436659,Antioch (on the Orontes),https://pleiades.stoa.org/places/658381,,"Prodromos, Historische Gedichte",LXXI.24,Antioch (on the Orontes): had won a victory at Antioch,Specifies presence,,,,
Ioannes,2,436660,Shayzar (Cesarea Magna),,,"Prodromos, Historische Gedichte",LXXI.25,Shayzar (Cesarea Magna): had won a victory at Shayzar,Specifies presence,,,,
Ioannes,2,436661,Tarsos (Cilicia),https://pleiades.stoa.org/places/648789,,"Prodromos, Historische Gedichte",LXXI.24,Tarsos (Cilicia): had won a victory at Tarsos,Specifies presence,,,,
Ioannes,2,436662,Vahka (Syria),,,"Prodromos, Historische Gedichte",LXXI.24,Vahka (Syria): had won a victory at Vahka,Specifies presence,,,,
Ioannes,158,376269,Athos: Zygou,https://pleiades.stoa.org/places/501365,,Protaton,231183,"Athos, Mount: Zygou: was hegoumenos of  Zygou",Dignity,,,,
Ioannes,159,376284,Athos: Phakenou,https://pleiades.stoa.org/places/501365,,Protaton,232193,"Athos, Mount: Phakenou: was hegoumenos of the monastery of  Phakenou",Dignity,,,,
Ioannes,289,379630,Euchaïta,https://pleiades.stoa.org/places/857120,,Psellos,Leichoudes 393,Euchaita: was metropolitan of Euchaita,Specifies presence,,,,
Ioannes,289,379916,Python,,,Psellos,"Letters (K - D) 221, 263.2",Python: had bought a relation the monastery of Python,Does not specify presence,J 1050-1069,Other,Jeffreys,
Ioannes,289,379708,Euchaïta,https://pleiades.stoa.org/places/857120,,Psellos,Letters (Sathas) 40.273,Euchaïta: was metropolitan of Euchaïta,Dignity,,,,
Ioannes,102,379734,Side,,,Psellos,Letters (Sathas) 83.321,Side: was metropolitan of Side,Dignity,,,,
Ioannes,272,379940,Melitene,https://pleiades.stoa.org/places/629039,,Psellos,Monodies (Gautier) 98.1,Melitene: was metropolitan of Melitene,Dignity,,,,
Ioannes,289,379676,Euchaïta,https://pleiades.stoa.org/places/857120,,Psellos,"Orationes panegyricae XVII, 1-2 (tit.), 5",Euchaïta: was metropolitan of Euchaïta,Dignity,,,,
Ioannes,270,230909,Constantinople: Theotokos (Hagia Soros) of Ta Kyrou,,,Psellos,"Oratoria minora 138.1-2, 147.299",Constantinople: Theotokos (Hagia Soros) of Ta Kyrou: read out to the crowds in the church of  Theotokos (Hagia Soros) of Ta Kyrou,Specifies presence,,,,"A big mistake is to locate this church in Ta Kyrou, it is ascribed to Ta Kyrou only due to wrong readings of Gautier and Littlewood, actually the place is Chalkoprateia."
Ioannes,270,230907,Constantinople: Angourios (monastery),,,Psellos,Oratoria minora 144.221,Constantinople: Angourios (monastery): was a monk at the monastery of  Angourios,Dignity,,,,
Ioannes,66,230903,Longibardia,,,Psellos,Oratoria minora 65.1,Longibardia: was a native of Longibardia,Does not specify presence,,,,
Ioannes,66,230904,Italy,,,Psellos,Oratoria minora 69.1,Italy: was a native of Italy,Does not specify presence,,,,
Ioannes,18,379633,Trebizond,https://pleiades.stoa.org/places/857359,,Psellos,Xiphilinos 421,Trebizond: was born in Trebizond,Specifies presence,,,,
Ioannes,18,379635,"Olympos, Mount (Bithynia)",https://pleiades.stoa.org/places/511343,,Psellos,Xiphilinos 421,"Olympos, Mount (Bithynia): left Constantinople and became a monk on Olympos, Mount (Bithynia)",Specifies presence,,,,
Ioannes,68,248485,Constantinople: Great Palace,,,Psellos: Chronographia,V 12.16,Constantinople: Great Palace: thought that <Michael 5> would soon recall him to the palace,Does not specify presence,,,,
Ioannes,68,248482,Constantinople: Great Palace,,,Psellos: Chronographia,V 2.16,Constantinople: Great Palace: moved to the palace,Specifies presence,,,,
Ioannes,18,248592,"Olympos, Mount (Bithynia)",https://pleiades.stoa.org/places/511343,,Psellos: Chronographia,VI 196.7,"Olympos, Mount (Bithynia): retired to Olympos, Mount (Bithynia)",Specifies presence,,,,
Ioannes,63,417046,West,,,Seals,,West: was domestikos of the scholai of the West,Dignity,,,,
Ioannes,63,417084,West,,,Seals,,West: was domestikos of the scholai of the West,Dignity,,,,
Ioannes,63,417085,West,,,Seals,,West: was domestikos of the scholai of the West,Dignity,,,,
Ioannes,63,418267,West,,,Seals,,West: was domestikos of the scholai of the West,Dignity,,,,
Ioannes,63,419144,West,,,Seals,,West: was domestikos of the West,Dignity,,,,
Ioannes,64,448078,Orient,,,Seals,2567,Orient: was megas domestikos of the scholai of Orient,Dignity,,,,
Ioannes,64,448080,Orient,,,Seals,2567,Orient: was megas domestikos of the scholai of Orient,Dignity,,,,
Ioannes,101,417142,Bulgaria,,,Seals,,Bulgaria (all): was archbishop of Bulgaria (all),Dignity,,,,
Ioannes,101,417143,Bulgaria,,,Seals,,Bulgaria (all): was archbishop of Bulgaria (all),Dignity,,,,
Ioannes,102,418006,Side,,,Seals,,Side: was metropolitan of Side,Dignity,,,,
Ioannes,102,418005,Side,,,Seals,,Side: was metropolitan of Side,Dignity,,,,
Ioannes,102,418004,Side,,,Seals,,Side: was metropolitan of Side,Dignity,,,,
Ioannes,122,418306,Klaudioupolis,https://pleiades.stoa.org/places/844879,,Seals,,Klaudioupolis: was metropolitan of Klaudioupolis,Dignity,,,,
Ioannes,122,418308,Klaudioupolis,https://pleiades.stoa.org/places/844879,,Seals,,Klaudioupolis: was metropolitan of Klaudioupolis,Dignity,,,,
Ioannes,122,418307,Klaudioupolis,https://pleiades.stoa.org/places/844879,,Seals,,Klaudioupolis: was metropolitan of Klaudioupolis,Dignity,,,,
Ioannes,128,417100,Dyrrachion,https://pleiades.stoa.org/places/573193,,Seals,,Dyrrachion: was doux of Dyrrachion,Dignity,,,,
Ioannes,128,417147,Skopje (Macedonia),https://pleiades.stoa.org/places/481987,,Seals,,Skopia: was doux of Skopia,Dignity,,,,
Ioannes,128,417148,Skopje (Macedonia),https://pleiades.stoa.org/places/481987,,Seals,,Skopia: was doux of Skopia,Dignity,,,,
Ioannes,128,418270,Dyrrachion,https://pleiades.stoa.org/places/573193,,Seals,,Dyrrachion: was doux of Dyrrachion,Dignity,,,,
Ioannes,147,417042,Strymon,https://pleiades.stoa.org/places/501629,,Seals,,Strymon: was krites of Strymon,Dignity,,,,
Ioannes,147,417041,Thessalonike,https://pleiades.stoa.org/places/491741,,Seals,,Thessalonike: was krites of Thessalonike,Dignity,,,,
Ioannes,147,417040,Boleron,,,Seals,,Boleron: was krites of Boleron,Dignity,,,,
Ioannes,147,417039,"Boleron, Strymon and Thessalonike",,,Seals,,"Boleron, Strymon and Thessalonike: was krites of Boleron, Strymon and Thessalonike",Dignity,,,,
Ioannes,272,417345,Melitene,https://pleiades.stoa.org/places/629039,,Seals,,Melitene: was metropolitan of Melitene,Dignity,,,,
Ioannes,272,418488,Melitene,https://pleiades.stoa.org/places/629039,,Seals,,Melitene: was metropolitan of Melitene,Dignity,,,,
Ioannes,272,448096,Melitene,https://pleiades.stoa.org/places/629039,,Seals,4595,Melitene: was metropolitan of Melitene,Dignity,,,,
Ioannes,293,417636,Orient and West (whole),,,Seals,,Orient and West (all): was megas domestikos of Orient and West (all),Dignity,,,,
Ioannes,293,417637,Orient (whole),,,Seals,,Orient (whole): was megas domestikos of Orient (whole),Dignity,,,,
Ioannes,293,417638,West (whole),,,Seals,,West (whole): was megas domestikos of the West (whole),Dignity,,,,
Ioannes,293,418246,Orient (whole),,,Seals,,Orient (whole): was megas domestikos of Orient (whole),Dignity,,,,
Ioannes,293,418247,West (whole),,,Seals,,West (whole): was megas domestikos of the West (whole),Dignity,,,,
Ioannes,293,418248,Orient and West (whole),,,Seals,,Orient and West (all): was megas domestikos of Orient and West (all),Dignity,,,,
Ioannes,293,418527,Orient and West (whole),,,Seals,,Orient and West (all): was megas domestikos of Orient and West (all),Dignity,,,,
Ioannes,293,418528,West (whole),,,Seals,,West (whole): was megas domestikos of the West (whole),Dignity,,,,
Ioannes,293,418529,Orient (whole),,,Seals,,Orient (whole): was megas domestikos of Orient (whole),Dignity,,,,
Ioannes,102,444869,Side,,,Semeioma on Leon of Chalcedon,127.6-7,Side: was metropolitan of Side,Dignity,,,,
Ioannes,18,224806,Constantinople: Hagios Alexios,,,Synod of 1072,57.2-3,Constantinople: Hagios Alexios: convened a synod in the church of  Hagios Alexios,Specifies presence,,,,
Ioannes,262,224847,Constantinople: Hagios Alexios,,,Synod of 1072,57.2-3,Constantinople: Hagios Alexios: attended the synod at the church of  Hagios Alexios,Specifies presence,,,,
Ioannes,262,224848,Thebes (Greece),https://pleiades.stoa.org/places/541138,,Synod of 1072,57.28,Thebes (Greece): was metropolitan of Thebes (Greece),Dignity,,,,
Ioannes,261,224839,Constantinople: Hagios Alexios,,,Synod of 1072,57.2-3,Constantinople: Hagios Alexios: attended the synod at the church of  Hagios Alexios,Specifies presence,,,,
Ioannes,261,224840,Smyrna,https://pleiades.stoa.org/places/550893,,Synod of 1072,57.24,Smyrna: was metropolitan of Smyrna,Dignity,,,,
Ioannes,263,224857,Constantinople: Hagios Alexios,,,Synod of 1072,57.2-3,Constantinople: Hagios Alexios: attended the synod at the church of  Hagios Alexios,Specifies presence,,,,
Ioannes,263,224858,Parion (on Hellespont),https://pleiades.stoa.org/places/511354,,Synod of 1072,57.34,Parion (on Hellespont): was archbishop of Parion (on Hellespont),Dignity,,,,
Ioannes,264,224867,Constantinople: Hagios Alexios,,,Synod of 1072,57.2-3,Constantinople: Hagios Alexios: attended the synod at the church of  Hagios Alexios,Specifies presence,,,,
Ioannes,264,224868,Brysis,,https://www.geonames.org/740570,Synod of 1072,58.39,Brysis: was archbishop of Brysis,Dignity,,,,
Ioannes,102,225260,Side,,,Synod of 1094,218,Side: was metropolitan of Side,Dignity,,,,
Ioannes,122,225264,Klaudioupolis,https://pleiades.stoa.org/places/844879,,Synod of 1094,218,Klaudioupolis: was metropolitan of Klaudioupolis,Dignity,,,,
Ioannes,123,225306,Karabizye (Thrace),,https://www.geonames.org/748398,Synod of 1094,219,Karabizye (Thrace): was archbishop of Karabizye,Dignity,,,,
Ioannes,125,225324,Constantinople: Stoudios,,,Synod of 1094,219,Constantinople: Stoudios: was hegoumenos of the monastery of  Stoudios,Dignity,,,,
Ioannes,126,225326,Constantinople: Polyelaios,,,Synod of 1094,219,Constantinople: Polyelaios: was hegoumenos of the monastery of  Polyelaios,Dignity,,,,
Ioannes,127,225340,Constantinople: Mangana,,,Synod of 1094,220,Constantinople: Mangana: was hegoumenos of the monastery of the Tropaiophoros (St George) at  Mangana,Dignity,,,,
Ioannes,102,233022,Side,,,"Theophylaktos of Ohrid, Letters",519.7,Side: was metropolitan of Side,Dignity,,,,
Ioannes,117,232964,Skopje (Macedonia),https://pleiades.stoa.org/places/481987,,"Theophylaktos of Ohrid, Letters",191.1,Skopje (Macedonia): held the office of doux of Skopje (Macedonia),Dignity,,,,
Ioannes,128,232975,Prespa (Balkans),,,"Theophylaktos of Ohrid, Letters",203.3,Prespa (Balkans): revived (the bishopric of) Prespa (Balkans),Does not specify presence,,,,
Ioannes,128,232976,Devol,,https://www.geonames.org/791497,"Theophylaktos of Ohrid, Letters",203.3,Devol: revived (the bishopric of) Devol,Does not specify presence,,,,
Ioannes,2,441093,Shayzar (Cesarea Magna),,,Usama,90,Shayzar (Cesarea Magna): besieged Shayzar,Specifies presence,,,,
Ioannes,2,441579,Shayzar (Cesarea Magna),,,Usama,2,Shayzar (Cesarea Magna): allied himself with the Franks to attack Shayzar,Specifies presence near,,,,
Ioannes,2,441580,Shayzar (Cesarea Magna),,,Usama,90,Shayzar (Cesarea Magna): conducted a siege of Shayzar,Specifies presence near,,,,
Ioannes,157,376381,Athos: Great Lavra,https://pleiades.stoa.org/places/501365,https://www.geonames.org/735148,Vatopedi,93.24,"Athos, Mount: Great Lavra: was a monk at (and hegoumenos of?) the  Great Lavra",Dignity,,,,
Ioannes,279,376370,Philippi (Macedonia),https://pleiades.stoa.org/places/501564,,Vatopedi,89.1,Philippi (Macedonia): was bishop and metropolitan of Philippi (Macedonia),Dignity,,,,
Ioannes,147,395402,Boleron,,,Xeropotamou,"38.1, 38.33","Boleron: was anagrapheus of Strymon, Thessalonike and Boleron",Dignity,,,,
Ioannes,147,395403,Strymon,https://pleiades.stoa.org/places/501629,,Xeropotamou,"38.1., 38.33","Strymon: was anagrapheus of Boleron, Thessalonike and Strymon",Dignity,,,,
Ioannes,147,395404,Thessalonike,https://pleiades.stoa.org/places/491741,,Xeropotamou,"38.2, 38.33","Thessalonike: was anagrapheus of Boleron, Strymon and Thessalonike",Dignity,,,,
Ioannes,147,395405,Hagios Demetrios Phouskoulou (Kassandra),,,Xeropotamou,38.5-6,Hagios Demetrios Phouskoulou (Kassandra): established the periorismos of the proasteion of Hagios Panteleemon tou Sphrentze at Hagios Demetrios Phouskoulou (Kassandra),Does not specify presence,,,,
Ioannes,157,395410,Athos: Great Lavra,https://pleiades.stoa.org/places/501365,https://www.geonames.org/735148,Xeropotamou,49.41,Athos: Great Lavra: was hegoumenos of the  Great Lavra,Dignity,,,,
Ioannes,158,395412,Athos: Zygou,https://pleiades.stoa.org/places/501365,,Xeropotamou,49.42,Athos: Zygou: was hegoumenos of  Zygou,Dignity,,,,
Ioannes,18,247034,Trebizond,https://pleiades.stoa.org/places/857359,,Zonaras,18.9.17,Trebizond: originated from Trebizond,Does not specify presence,,,,
Ioannes,18,247035,"Olympos, Mount (Bithynia)",https://pleiades.stoa.org/places/511343,,Zonaras,18.9.18,"Olympos, Mount (Bithynia): frequented the monasteries on Olympos, Mount (Bithynia)",Specifies presence,,,,
Ioannes,68,246970,Mitylene,https://pleiades.stoa.org/places/550763,,Zonaras,17.22.25,Mitylene: was transported to Mitylene,Specifies presence,,,,
Ioannes,102,247085,Side,,,Zonaras,"18.16.1; cf. 18.16.6, 18.19.26",Side: was metropolitan of Side,Dignity,,,,
Ioannes,61,,,,,Zonaras,18.17.23,Constanntinople: was dispatched with a force to Constanntinople,Specifies presence,,,,
Ioannes,61,247115,Kyzikos,https://pleiades.stoa.org/places/511218,,Zonaras,18.18.2,Kyzikos: withdrew to and was trying to subject the people of Kyzikos,Specifies presence near,,,,
Ioannes,2,247193,Constantinople: Hagia Sophia,https://pleiades.stoa.org/places/307220778,,Zonaras,18.22.25,Constantinople: Hagia Sophia: was baptised in  Hagia Sophia,Specifies presence,,,,
Ioannikios,105,229810,Constantinople: Maurianos,,,Lazaros of Galesion,580B,Constantinople: Maurianos: stayed at the house of a widow (<Anonyma 188>) on the embolos of Maurianos,Specifies presence,,,,
Ioannikios,105,229814,"Galesion, Mount: Hagia Marina",,,Lazaros of Galesion,580F,"Galesion, Mount: Hagia Marina: was baptized by <Lazaros 104> at  Hagia Marina",Specifies presence,,,,
Ioannikios,101,225346,Constantinople: Hodegon,,,Synod of 1094,220,Constantinople: Hodegon: was hegoumenos of the monastery of  Hodegon,Dignity,,,,
Ionas,101,376313,Athos: Christ,https://pleiades.stoa.org/places/501365,,Hilandar,99.35,"Athos, Mount: Christ: was a monk of the monastery of  Christ",Dignity,,,,
Iouditta,101,229746,"Koumaron, Mount: Hagia Marina",,,Lazaros of Galesion,519,"Koumaron, Mount: Hagia Marina: built a new church at the monastery of <Lazaros 104> at  Hagia Marina",Does not specify presence,,,,The text says that Iouditta lived in Ephesus.
Iouditta,101,229614,Calabria,,,Lazaros of Galesion,519F,Calabria: hailed from Calabria,Specifies presence,,,,
Iouditta,101,229615,Ephesos,https://pleiades.stoa.org/places/599612,,Lazaros of Galesion,519F,"Ephesos: lived at 'the Beloved' (the Theologian), at Ephesos",Specifies presence,,,,
Ioulianos,101,225959,Tyana (Cappadocia),https://pleiades.stoa.org/places/648801,,Alexios Stoudites,"26.16, 42.13",Tyana (Cappadocia): was metropolitan of Tyana (Cappadocia),Dignity,,,,
Isaakios,1,433130,"Triaditza (Serdica, Bulgaria)",https://pleiades.stoa.org/places/207439,,Anna Komnene,107.31,"Triaditza (Serdica, Bulgaria): won a great battle near Triaditza (Serdica, Bulgaria)",Specifies presence near,,,,
Isaakios,1,433133,Lobitzos (Bulgaria),,,Anna Komnene,108.46,Lobitzos (Bulgaria): camped beneath Mt Lobitzos (Bulgaria),Specifies presence near,,,,
Isaakios,61,373008,Constantinople: Kosmidion,,,Anna Komnene,69.29,Constantinople: Kosmidion: began the Komnenian revolt by leaving the city via the Blachernai gate and making his way to  Kosmas and Damianos at Paulinou,Specifies presence,,,,
Isaakios,61,373009,Tzouroulos,,,Anna Komnene,70.60,Tzouroulos: met up with <Georgios 61> and the revolutionary troops at Tzouroulos,Specifies presence,,,,
Isaakios,61,373010,Constantinople: Hagios Georgios Sykeotes,,,Anna Komnene,84.90,Constantinople: Hagios Georgios Sykeotes: stopped in indecision at the square of Hagios Georgios Sykeotes,Specifies presence,,,,
Isaakios,61,373011,Constantinople: House of Iberitzes,,,Anna Komnene,84.95,Constantinople: House of Iberitzes: met with <Nikephoros 101> on his way from the plain of Georgios Sykeotes to secure the palace at the  House of Iberitzes,Specifies presence,,,,
Isaakios,61,373012,Constantinople: Boukoleon,,,Anna Komnene,89.66,Constantinople: Boukoleon: lived after the Komnenian revolt with his brother <Alexios 1> in the palace of  Boukoleon,Specifies presence,,,,
Isaakios,61,373024,Constantinople: Mangana,,,Anna Komnene,97.36,Constantinople: Mangana: accompanied the empress <Maria 61> as she retired from the Great Palace to the monastery of  Mangana,Specifies presence,,,,
Isaakios,61,373025,Constantinople: Hagia Sophia,https://pleiades.stoa.org/places/307220778,,Anna Komnene,144.3-4,Constantinople: Hagia Sophia: convened a synod to ratify his decision to confiscate church treasure in  Hagia Sophia,Specifies presence,,,,
Isaakios,61,373026,Philippopolis,https://pleiades.stoa.org/places/216927,,Anna Komnene,253.58,Philippopolis: heard that his son <Ioannes 128> had been accused of plotting rebellion and travelled to intervene with his brother <Alexios 1> at Philippopolis,Specifies presence,,,,
Isaakios,101,443436,Otranto (Apulia),https://pleiades.stoa.org/places/442615,,Anna Komnene,378.54,Otranto (Apulia): made an unsuccessful attack on Otranto,Specifies presence near,,,,
Isaakios,101,443458,Avlon (Albania),,,Anna Komnene,380.33,Avlon (Albania): decided to concentrate the defence at Avlon,Specifies presence near,,,,
Isaakios,61,234722,Ikonion,https://pleiades.stoa.org/places/648647,,Attaleiates: History,183.12 / 135.22,Ikonion: reached with his army Ikonion,Specifies presence,,,,Isaakios is not mention in this passage by name.
Isaakios,61,234725,Caesarea (Cappadocia),https://pleiades.stoa.org/places/629035,,Attaleiates: History,183.19 / 136.3,Caesarea (Cappadocia): decided to attack the Turks when he arrived and pitched camp at Caesarea (Cappadocia),Specifies presence,,,,
Isaakios,1,234476,Nicaea,https://pleiades.stoa.org/places/511268,,Attaleiates: History,55.1 / 41.21,Nicaea: captured and then left behind the city of Nicaea,Specifies presence,J 1057,Aleksandar,,
Isaakios,1,234479,Chrysopolis (Bithynia),https://pleiades.stoa.org/places/520995,,Attaleiates: History,58.7 / 44.6,Chrysopolis (Bithynia): learnt of his growing support while on his way to Chrysopolis (Bithynia),Specifies presence near,,,,
Isaakios,1,234480,Constantinople: Great Palace,,,Attaleiates: History,59.18 / 46.3,Constantinople: palace: crossed to Constantinople and was received at the  palace,Specifies presence,"J 1057, September 1-4",Other,"K&K, n 106.",Early September in the eleventh indiction
Isaakios,1,234481,Constantinople: Hagia Sophia,https://pleiades.stoa.org/places/307220778,,Attaleiates: History,59.20 / 46.4-5,Constantinople: Hagia Sophia: was crowned by the patriarch (<Michael 11>) in  Hagia Sophia,Specifies presence,"J 1057, September 1-4",Other,"K&K, n 106.",Early September in the eleventh indiction
Isaakios,1,234483,Constantinople: Hagia Sophia,https://pleiades.stoa.org/places/307220778,,Attaleiates: History,60.12 / 46.17-18,Constantinople: Hagia Sophia: granted the taxes due to the emperor by the clergy to the great church of  Hagia Sophia,Does not specify presence,,,,
Isaakios,1,234487,Serdica (Bulgaria),https://pleiades.stoa.org/places/207439,,Attaleiates: History,67.1-2 / 51.11,Serdica (Bulgaria): marched against the Sauromatai (Hungarians) and scared them away at Serdica (Bulgaria),Specifies presence,,,,
Isaakios,1,234489,Lobitzos (Bulgaria),,,Attaleiates: History,67.18 / 51.24,Lobitzos (Bulgaria): encamped at the foot of a hill called Lobitzos (Bulgaria),Specifies presence / Specifies presence near,"J 1059, September 24",Other,"K&K, n 122.",
Isaakios,1,234491,Bosporos,https://pleiades.stoa.org/places/520977,,Attaleiates: History,68.22-23 / 53.8-10,Bosporos: went hunting along the Bosporos,Specifies presence,,,,
Isaakios,1,234494,Constantinople: Stoudios,,,Attaleiates: History,69.13 / 53.3,Constantinople: Stoudios: retired after his abdication to the monastery of  Stoudios,Specifies presence,"J 1059, November [TPQ]",Aleksandar,,
Isaakios,1,234492,Neapolis (on Bosporos),https://pleiades.stoa.org/places/511333,,Attaleiates: History,69.3 / 52.21,Neapolis (on Bosporos): was hit by lightning while hunting at Neapolis (on Bosporos),Specifies presence,,,,
Isaakios,1,234493,Constantinople: Great Palace,,,Attaleiates: History,69.4 / 52.22,Constantinople: palace: was hit by lightning while hunting and returned immediately to the  palace,Specifies presence,,,,
Isaakios,61,376206,Portarea (Chalkidike),,,Esphigmenou,58.12,Portarea (Chalkidike): was granted the proasteion of Portarea (Chalkidike),Does not specify presence,,,,
Isaakios,1,227387,Lobitzos (Bulgaria),,,Glykas,602.11,Lobitzos (Bulgaria): encamped at the foot of Lobitzos (Bulgaria),Specifies presence / Specifies presence near,,,,
Isaakios,1,227388,Neapolis (on Bosporos),https://pleiades.stoa.org/places/511333,,Glykas,603.1,Neapolis (on Bosporos): went out hunting at Neapolis (on Bosporos),Specifies presence,,,,
Isaakios,1,227389,Constantinople: Great Palace,,,Glykas,603.7,Constantinople: Great Palace: was carried back in a boat (from Neapolis) to the  Great Palace,Specifies presence,,,,
Isaakios,1,227390,Constantinople: Stoudios,,,Glykas,603.11,Constantinople: Stoudios: went in rags to the monastery of  Stoudios,Specifies presence,,,,
Isaakios,1,227393,Constantinople: Stoudios,,,Glykas,604.8,Constantinople: Stoudios: was buried at the monastery of  Stoudios,Specifies presence,,,,
Isaakios,61,227415,Caesarea (Cappadocia),https://pleiades.stoa.org/places/629035,,Glykas,614.2,Caesaria in Cappadocia: fought against the Turks and was captured in Caesaria in Cappadocia,Specifies presence,,,,
Isaakios,102,355365,Herakleia Pontike,https://pleiades.stoa.org/places/844944,,Kinnamos,32.10-11,Herakleia Pontike: was exiled to Herakleia Pontike,Specifies presence,,,,
Isaakios,1,228415,Constantinople: Great Palace,,,Kleinchroniken,160.15,Constantinople: Great Palace: was tonsured in the  Great Palace,Specifies presence,,,,
Isaakios,1,228416,Constantinople: Stoudios,,,Kleinchroniken,160.16,Constantinople: Stoudios: became a monk at the monastery of  Stoudios,Specifies presence,,,,
Isaakios,1,339737,Athos: Amalphenon,https://pleiades.stoa.org/places/501365,,Lavra,239.31-32,Athos: Amalphenon: issued a chrysobull for the monastery of  Amalphenon,Does not specify presence,,,,
Isaakios,1,440908,Asia,,,"Manasses, Chronicle",6275,"Asia: gathered an armed host from Asia.
",?,,,,I couldn't find this place in the text.
Isaakios,1,395569,"Nea Mone, Chios",,,"Nea Mone,",Gedeon 431,"Nea Mone, Chios: granted 24 nomismata annually for the commemoration of <Konstantinos 64> at Nea Mone, Chios",Does not specify presence,,,,
Isaakios,1,395570,Theotokos Dekapolitissa (Mitylene?),,,"Nea Mone,",Gedeon 431,Theotokos Dekapolitissa (Mitylene?): granted 24 nomismata annually for the commemoration of <Ioannes 68> at Theotokos Dekapolitissa (Mitylene?),Does not specify presence,,,,
Isaakios,102,436351,Jerusalem,https://pleiades.stoa.org/places/687928,,"Prodromos, Historische Gedichte",XL.4-5,Jerusalem: made a pilgrimage to Jerusalem and all its holy places,Specifies presence,,,,
Isaakios,1,230898,Constantinople: Great Palace,,,Psellos,Oratoria minora 18.44,Constantinople: Great Palace: abdicated and left the  Great Palace,Specifies presence,,,,
Isaakios,1,230899,Constantinople: Stoudios,,,Psellos,Oratoria minora 18.44-45,"Constantinople: Stoudios: abdicated, was tonsured and reached the church of the Forerunner at  Stoudios",Specifies presence,,,,
Isaakios,1,248618,Constantinople: Great Palace,,,Psellos: Chronographia,VII 13.8,Constantinople: palace: immediately left  palace,Specifies presence,,,,
Isaakios,1,248604,Constantinople: Great Palace,,,Psellos: Chronographia,VII 34.20-1,Constantinople: palace: he would come to the sea facing  palace,Does not specify presence,,,,
Isaakios,1,248610,Marmara,https://pleiades.stoa.org/places/511378,,Psellos: Chronographia,VII 42.10-11,Marmara: made his triumphal progress to the palace from Marmara,Specifies presence,,,,
Isaakios,1,248611,Constantinople: Great Palace,,,Psellos: Chronographia,VII 42.11-13,Constantinople: palace: made his triumphal progress from the Sea of Marmara to the palace,Specifies presence,,,,
Isaakios,1,248615,Constantinople: Great Palace,,,Psellos: Chronographia,VII 75.12,Constantinople: palace: when he began to recover from his fever thought of returning to the palace,Does not specify presence,,,,
Isaakios,1,248617,Constantinople: Great Palace,,,Psellos: Chronographia,VII 79.11,Constantinople: Great Palace: was urged by his family to go to  Great Palace,Does not specify presence,,,,
Isaakios,1,248619,Constantinople: Stoudios,,,Psellos: Chronographia,VIIa 13.8-9,Constantinople: Stoudios: withdrew to the monastery of  Stoudios,Specifies presence,,,,
Isaakios,1,418266,Orient,,,Seals,,Orient: was stratopedarches of Orient,Dignity,,,,
Isaakios,1,418929,Vaspurakan,,,Seals,,Vaspurakan: was katepano of Vaspurakan,Dignity,,,,
Isaakios,1,418930,Iberia (theme),,,Seals,,Iberia: was katepano of Iberia,Dignity,,,,
Isaakios,61,417304,Antioch (on the Orontes),https://pleiades.stoa.org/places/658381,,Seals,,Antioch: was doux of Antioch,Dignity,,,,
Isaakios,61,376131,Kekaumenoi (Kassandra),,,Xenophontos,78.6,Kekaumenoi (Kassandra): was granted the proasteion of Kekaumenoi (Kassandra),Does not specify presence,,,,
Isaakios,1,247023,Lobitzos (Bulgaria),,,Zonaras,18.6.3,Lobitzos (Bulgaria): encamped at Lobitzos (Bulgaria),Specifies presence,,,,
Isaakios,1,247018,Constantinople: Hagia Sophia,https://pleiades.stoa.org/places/307220778,,Zonaras,18.5.4,Constantinople: Hagia Sophia: did not wish to lead <Michael 11> down from  Hagia Sophia,Specifies presence,,,,
Isaakios,1,247025,Neapolis (on Bosporos),https://pleiades.stoa.org/places/511333,,Zonaras,18.7.5,Neapolis (on Bosporos): was hunting near Neapolis (on Bosporos),Specifies presence near,,,,
Isaakios,1,247024,"Constantinople: Blachernai, Hagia Thekla",,,Zonaras,18.6.7,"Constantinople: Blachernai, Hagia Thekla: built the church of  Hagia Thekla at Blachernai",Does not specify presence,,,,
Isaakios,1,247026,Constantinople: Stoudios,,,Zonaras,18.7.8,Constantinople: Stoudios: found a haven in and lived out the rest of his life in  Stoudios (monastery),Specifies presence,,,,
Isaakios,1,247021,Constantinople: Mangana,,,Zonaras,18.5.12,Constantinople: Mangana: asked <Konstantinos 13> for the rights of  Mangana,Does not specify presence,,,,
Isaakios,1,247010,Nicaea,https://pleiades.stoa.org/places/511268,,Zonaras,18.2.18,"Nicaea: set out for, wishing to gain control of Nicaea",Does not specify presence,,,,
Isaakios,1,247011,Nicaea,https://pleiades.stoa.org/places/511268,,Zonaras,18.2.19,"Nicaea: took, installed an adequate garrison in and pitched camp twelve stades outside Nicaea",Specifies presence,,,,
Isaakios,61,247156,Constantinople: Forum Tauri,,,Zonaras,18.20.17,Constantinople: Forum Tauri: advanced as far as  the Forum Tauri,Specifies presence,,,,
Isaakios,61,247161,Constantinople: Great Palace,,,Zonaras,18.20.21,Constantinople: palace: approached and entered the  palace,Specifies presence,,,,
Isaakios,61,247152,Adrianople (Thrace),https://pleiades.stoa.org/places/5014275,,Zonaras,18.20.3,Adrianople (Thrace): seized Adrianople (Thrace),Specifies presence,,,,
Isaakios,61,,,,,Zonaras,18.20.3,Constantinople: left Constantinople,Specifies presence,,,,
Janah,101,431764,"Homs (Emesa, Hims, Camela)",,,Albert of Aachen,VII.33,"Homs (Emesa, Hims, Camela): was amir of Homs (Emesa, Hims, Camela)",Specifies presence,J 1103,Editor,,"1103, as suggested by the editor, p. 533, n. 44. Also, Albert doesn't call this place Homs, neither he calls Janah with that name nor an emir - instead, Albert says Camolla, Geneadoil and 'princeps Sarracenorum'"
Jaroslav,102,246976,Marmara,https://pleiades.stoa.org/places/511378,,Zonaras,17.24.5,Marmara: came inside the Sea of Marmara,Specifies presence,,,,
Joseph,61,234645,Chliat,,https://www.geonames.org/325103,Attaleiates: History,150.4 / 112.9,Chliat: was sent by <Romanos 4> at the head of a large army against Chliat,Does not specify presence,,,,
Joseph,61,234653,Mesopotamia,https://pleiades.stoa.org/places/874602,,Attaleiates: History,158.17 / 118.5,Mesopotamia: fled from Chliat to Roman territory through Mesopotamia,Specifies presence,,,,
Joseph,105,224998,Caria (Aphrodisias),https://pleiades.stoa.org/places/638753,,Chrysobull of 1079,31.16,Caria (Aphrodisias): was metropolitan of Caria (Aphrodisias),Dignity,,,,
Joseph,105,444384,Caria (Aphrodisias),https://pleiades.stoa.org/places/638753,,Italos trial,"ll. 70, 154, 414",Caria (Aphrodisias): was metropolitan of Caria,Dignity,,,,
Joseph,101,376061,Gomatou (Chalkidike),,,Kastamonitou,29.25,"Athos, Mount: Gomatou: was hegoumenos of  Gomatou",Dignity,,,,
Joseph,61,417303,Antioch (on the Orontes),https://pleiades.stoa.org/places/658381,,Seals,,Antioch: was doux of Antioch,Dignity,,,,
Joseph,61,418888,Antioch (on the Orontes),https://pleiades.stoa.org/places/658381,,Seals,,Antioch: was doux of Antioch,Dignity,,,,
Joseph,61,419164,West (whole),,,Seals,,West (whole): was doux of the West (whole),Dignity,,,,
Joseph,105,224823,Constantinople: Hagios Alexios,,,Synod of 1072,57.2-3,Constantinople: Hagios Alexios: attended the synod at the church of  Hagios Alexios,Specifies presence,,,,
Joseph,105,224824,Caria (Aphrodisias),https://pleiades.stoa.org/places/638753,,Synod of 1072,57.16,Caria: was metropolitan of Caria,Dignity,,,,
Joseph,101,395416,Athos: Gomatou,https://pleiades.stoa.org/places/501365,,Xeropotamou,49.44,Athos: Gomatou: was hegoumenos of  Gomatou,Dignity,,,,
Kallinikos,102,376312,Athos: Hagios Stephanos Berroiotou,https://pleiades.stoa.org/places/501365,,Hilandar,99.34,Athos: Hagios Stephanos Berroiotou: was hegoumenos of the monastery of  Hagios Stephanos Berroiotou,Dignity,,,,
Katakalon,61,434538,Adrianople (Thrace),https://pleiades.stoa.org/places/5014275,,Anna Komnene,287.66,Adrianople (Thrace): was one of the chief men of Adrianople,Specifies presence,,,,
Katakalon,61,234774,Adrianople (Thrace),https://pleiades.stoa.org/places/5014275,,Attaleiates: History,242.22 / 175.23,Adrianople (Thrace): was katepano of Adrianople (Thrace),Dignity,,,,
Katakalon,102,227968,Dubrovnik (Dalmatia),https://pleiades.stoa.org/places/197443,https://www.geonames.org/3201047,Kekaumenos,108.9,Dubrovnik (Dalmatia): served as strategos of Dubrovnik (Dalmatia),Dignity,,,,
Katakalon,102,227973,Stamnos (Dalmatia),https://pleiades.stoa.org/places/197526,,Kekaumenos,110.8,Stamnos (Dalmatia): was captured by <Voislav 101> and carried away to Stamnos (Dalmatia),Specifies presence,,,,
Katakalon,101,379804,Koloneia (on Lykos),https://pleiades.stoa.org/places/857194,,Psellos,"Letters (K - D) 30, 45.27-28",Koloneia: he was originally from Koloneia,Does not specify presence,,,,
Katakalon,101,248594,Koloneia (on Lykos),https://pleiades.stoa.org/places/857194,,Psellos: Chronographia,VII 3.14,Koloneia (on Lykos): he came from Koloneia (on Lykos),Specifies presence,,,,
Katakalon,101,418847,Antioch (on the Orontes),https://pleiades.stoa.org/places/658381,,Seals,,Antioch: was doux of Antioch,Dignity,,,,
Katakalon,101,246999,Koloneia (on Lykos),https://pleiades.stoa.org/places/857194,,Zonaras,18.1.5,Koloneia (on Lykos): was born in Koloneia (on Lykos),Specifies presence,,,,
Katakalon,101,247000,Antioch (on the Orontes),https://pleiades.stoa.org/places/658381,,Zonaras,18.1.5,Antioch (on the Orontes): was doux of Antioch (on the Orontes),Dignity,,,,
Katakalon,101,246922,Messina (Sicily),https://pleiades.stoa.org/places/462538,,Zonaras,17.15.23,Messina (Sicily): was governor of Messina (Sicily),Dignity,,,,
Kegen,101,417410,Patzinakia,,,Seals,,Patzinakia: was archon of Patzinakia,Dignity,,,,
Kegen,101,246988,Danube,https://pleiades.stoa.org/places/226577,,Zonaras,"17.26.5, 17.26.9",Danube: crossed Danube,Specifies presence,,,,
Kegen,101,,,,,Zonaras,17.26.7,Constantinople: visited Constantinople,Specifies presence,,,,
Kegen,101,246990,Paristrion,,,Zonaras,17.26.9,Paristrion: made his home in the area of Paristrion,Specifies presence,,,,
Kekaumenos,101,434422,Kaisaropolis (Macedonia),,,Anna Komnene,276.91-92,Kaisaropolis (Macedonia): was exiled to prison in Kaisaropolis,Specifies presence,,,,
Kerykos,103,229736,"Galesion, Mount: Petra",,,Lazaros of Galesion,556C,"Galesion, Mount: Petra: ascended the pillar of  Petra",Specifies presence,,,,
Kerykos,103,229737,"Galesion, Mount: Theotokos",,,Lazaros of Galesion,556D,"Galesion, Mount: Theotokos: moved to the pillar of the  Theotokos",Specifies presence,,,,
Kerykos,103,229738,"Koumaron, Mount: Hagia Marina",,,Lazaros of Galesion,556F,"Koumaron, Mount: Hagia Marina: carried on his shoulders a sack full of beans to  Hagia Marina",Specifies presence,,,,
Kerykos,103,229747,"Galesion, Mount: Resurrection",,,Lazaros of Galesion,557C,"Galesion, Mount: Resurrection: was carried down from his pillar to the  Resurrection",Specifies presence,,,,
Klemes,104,225975,Alania,,,Alexios Stoudites,27.5,Alania: was metropolitan of Alania,Dignity,,,,
Konon,101,376415,Athos: Kaproule,https://pleiades.stoa.org/places/501365,,Vatopedi,102.48,Athos: Kaproule: was a monk at the monastery of  Kaproule,Dignity,,,,
Konstantinos,183,225916,Side,,,Alexios Stoudites,"19.16, Rhalles-Potles 5.24, 5.32",Side: was metropolitan of Side,Dignity,,,,
Konstantinos,184,225919,Tyana (Cappadocia),https://pleiades.stoa.org/places/648801,,Alexios Stoudites,"19.20, Rhalles-Potles 5.24, 5.32",Tyana (Cappadocia): was metropolitan of Tyana (Cappadocia),Dignity,,,,
Konstantinos,185,225931,Patras,https://pleiades.stoa.org/places/570567,,Alexios Stoudites,"19.32, 26.14, Rhalles-Potles 5.32, 5.36",Patras: was metropolitan of Patras,Dignity,,,,
Konstantinos,186,225938,Chonai,,https://www.geonames.org/311962,Alexios Stoudites,"20.5, 26.31, 42.18, Rhalles-Potles 5.32, 5.36",Chonai: was metropolitan of Chonai,Dignity,,,,
Konstantinos,193,225961,Caria (Aphrodisias),https://pleiades.stoa.org/places/638753,,Alexios Stoudites,26.18,Caria: was metropolitan of Caria,Dignity,,,,
Konstantinos,192,225956,Nicaea,https://pleiades.stoa.org/places/511268,,Alexios Stoudites,"26.5, Rhalles-Potles 5.24, 5.32",Nicaea: was metropolitan of Nicaea,Dignity,,,,
Konstantinos,195,225981,Kios (Bithynia),https://pleiades.stoa.org/places/511385,,Alexios Stoudites,27.12,Kios (Bithynia): was archbishop of Kios (Bithynia),Dignity,,,,
Konstantinos,196,225985,Therma (Bulgaria),,,Alexios Stoudites,27.16,Therma (Bulgaria): was bishop of Therma (Bulgaria),Dignity,,,,
Konstantinos,197,225986,Abysiakoi,,,Alexios Stoudites,27.24,Abysiakoi: was bishop of Abysiakoi,Dignity,,,,
Konstantinos,194,225977,Apameia (Bithynia),https://pleiades.stoa.org/places/511194,,Alexios Stoudites,27.7,Apameia (Bithynia): was archbishop of Apameia (Bithynia),Dignity,,,,
Konstantinos,198,226004,Trebizond,https://pleiades.stoa.org/places/857359,,Alexios Stoudites,"Rhalles-Potles 5.24, 5.32",Trebizond: was metropolitan of Trebizond,Dignity,,,,
Konstantinos,127,433804,Kyzikos,https://pleiades.stoa.org/places/511218,,Anna Komnene,198.92,Kyzikos: stormed Kyzikos,Specifies presence,,,,
Konstantinos,127,433803,"Poimanenoi  (Poimanenon), Mysia",,,Anna Komnene,198.94,"Poimanenoi  (Poimanenon), Mysia: with a picked force, captured Poimanenon",Does not specify presence,,,,"To Poimanenoi he sent forces, he was not present there."
Konstantinos,127,433805,Apollonias (Bithynia),,,Anna Komnene,198.97,Apollonias (Bithynia): aggressively besieged Apollonias,Specifies presence,,,,
Konstantinos,122,434064,Lebounion,,,Anna Komnene,247.57,Lebounion: was leader of the Kelts at the battle of Lebounion,Dignity,,,,dignity but also specifies presence.
Konstantinos,123,434547,Adrianople (Thrace),https://pleiades.stoa.org/places/5014275,,Anna Komnene,289.54,Adrianople (Thrace): made an unsuccessful attempt to relieve Adrianople,Does not specify presence,,,,
Konstantinos,123,435493,Cyprus,https://pleiades.stoa.org/places/707498,,Anna Komnene,348.73,Cyprus: was doux of Cyprus,Dignity,,,,
Konstantinos,102,432840,Dalmatia,,,Anna Komnene,53.33,Dalmatia: was ruler of Dalmatia,Dignity,,,,
Konstantinos,61,234670,Constantinople: Great Palace,,,Attaleiates: History,168.21 / 125.9,Constantinople: Great Palace: was summoned by the augousta (<Eudokia 1>) but removed her from power when he arrived at the  Great Palace,Specifies presence,,,,
Konstantinos,61,234674,"Constantinople: Great Palace, Chrysotriklinos",,,Attaleiates: History,169.1 / 125.12,"Constantinople: Great Palace, Chrysotriklinos: placed <Michael 7> on the imperial throne in the  Great Palace, Chrysotriklinos",Specifies presence,,,,
Konstantinos,61,234678,"Piperoudion (Kyperoudes, on Bosporos)",,,Attaleiates: History,169.7 / 125.17,"Piperoudion (Kyperoudes, on Bosporos): banished <Eudokia 1> to the monastery of Piperoudion (Kyperoudes, on Bosporos)",Does not specify presence,,,,
Konstantinos,61,234682,Dokeia,,,Attaleiates: History,170.4 / 126.8,Dokeia: pitched his camp near the hideout of Diogenes (<Romanos 4>) at Dokeia,Specifies presence,,,,
Konstantinos,103,234787,Macedonia,https://pleiades.stoa.org/places/981531,,Attaleiates: History,247.18 / 179.4,Macedonia: escaped after his arrest (at Traianoupolis?) to a city in Macedonia,Specifies presence,,,,
Konstantinos,5002,234459,Adrianople (Thrace),https://pleiades.stoa.org/places/5014275,,Attaleiates: History,33.21 / 26.16,Adrianople (Thrace): pitched and fortified his camp near Adrianople (Thrace),Specifies presence near,,,,
Konstantinos,9,234474,Constantinople: Mangana,,,Attaleiates: History,48.5-6 / 36.15-16,Constantinople: Mangana: built a church and a hospital at the monastery where he was later buried at  Mangana,Specifies presence,,,,
Konstantinos,10,234495,Constantinople: Mangana,,,Attaleiates: History,71.23 / 55.2,Constantinople: Mangana: followed the established custom and visited the shrine of Hagios Georgios at  Mangana,Specifies presence,"J 1060, April 23",Other,"K&K, n. 133",Easter after the feast day of Saint Gregorios.
Konstantinos,10,234496,Constantinople: Great Palace,,,Attaleiates: History,74.5 / 56.16,Constantinople: palace: arrived safely when the rebellion broke out at the  palace,Specifies presence,,,,
Konstantinos,9,234504,Ani,https://pleiades.stoa.org/places/874322,,Attaleiates: History,79.14 / 60.14,Ani: did not manage to capture but convinced Anomymus 64 to surrender the city of Ani,Specifies presence / Specifies presence near,J 1045,Other,"K&K, n. 143.",
Konstantinos,10,234515,Athyras (Thrace),https://pleiades.stoa.org/places/511172,,Attaleiates: History,85.4 / 64.8,"Athyras: encamped at Choirobakchoi, opposite Athyras",Does not specify presence,,,,
Konstantinos,10,234514,Choirobakchoi,,,Attaleiates: History,85.4 / 64.9,Choirobakchoi: left Constantinople and encamped at Choirobakchoi,Specifies presence,,,,
Konstantinos,10,234517,Constantinople: Golden Gate,,,Attaleiates: History,92.7 / 69.11,Constantinople: Golden Gate: was carried after his death on a boat to a monastery outside the  Golden Gate,Specifies presence near,"J 1067, May 22-23",Other,K&K,
Konstantinos,10,234518,Constantinople: Hagios Nikolaos Molybistes,,,Attaleiates: History,92.8 / 69..12,Constantinople: Hagios Nikolaos Molybistes: was buried in the monastery of  Hagios Nikolaos Molybistes,Specifies presence,"J 1067, May 22-23",Other,K&K,
Konstantinos,133,226464,Tantzouten (Mesopotamia),,,Boilas,26202,Tantzouten (Mesopotamia): was dedicated by <Eustathios 105> to the church of the Theotokos at Tantzouten (Mesopotamia),Does not specify presence,,,,Tantzouten is not mentioned here at all.
Konstantinos,129,224992,Tyana (Cappadocia),https://pleiades.stoa.org/places/648801,,Chrysobull of 1079,31.10,Tyana (Cappadocia): was metropolitan of Tyana (Cappadocia),Dignity,,,,
Konstantinos,176,224995,Klaudioupolis,https://pleiades.stoa.org/places/844879,,Chrysobull of 1079,31.13,Klaudioupolis: was metropolitan of Klaudioupolis,Dignity,,,,
Konstantinos,178,225006,Kotyaion (Phrygia),https://pleiades.stoa.org/places/609444,,Chrysobull of 1079,31.24,Kotyaion (Phrygia): was metropolitan of Kotyaion (Phrygia),Dignity,,,,
Konstantinos,179,225014,Germia (Galatia),https://pleiades.stoa.org/places/609388,,Chrysobull of 1079,31.32,Germia (Galatia): was metropolitan of Germia (Galatia),Dignity,,,,
Konstantinos,9,227355,Mitylene,https://pleiades.stoa.org/places/550763,,Glykas,593.7,Mitylene: was banished by the orphanotrophos (<Ioannes 68>) to Mitylene,Specifies presence,,,,
Konstantinos,9,227357,Mitylene,https://pleiades.stoa.org/places/550763,,Glykas,593.11,Mitylene: was recalled by <Zoe 1> from Mitylene,Specifies presence,,,,
Konstantinos,9,227368,Pharos (on Bosporos),,,Glykas,595.9,Pharos (on Bosporos): faced the invading Rus' [not at the forum but] at Pharos (on Bosporos),Specifies presence,,,,
Konstantinos,9,227369,Constantinople: Chalke,,,Glykas,595.16,Constantinople: Chalke: joined the public procession to venerate the 40 Martyrs at the Christ of Chalke,Specifies presence,,,,
Konstantinos,9,227370,Constantinople: Great Palace,,,Glykas,596.3,Constantinople: Great Palace: was forced by the angry mob to return to the  Great Palace,Specifies presence,,,,
Konstantinos,9,227376,Constantinople: Mangana,,,Glykas,597.20,Constantinople: Mangana: founded a monastery at  Mangana,Does not specify presence,,,,
Konstantinos,9,227377,Iberia (theme),,,Glykas,598.4,"Iberia (theme): disbanded the 50,000-strong army of Iberia (theme)",Does not specify presence,,,,
Konstantinos,9,227378,Constantinople: Hagia Sophia,https://pleiades.stoa.org/places/307220778,,Glykas,598.10,Constantinople: Hagia Sophia: granted an allowance and lavish gifts to  Hagia Sophia,Does not specify presence,,,,
Konstantinos,9,227379,Constantinople: Mangana,,,Glykas,598.21,Constantinople: Mangana: remained bed-ridden at the monastery he founded at  Mangana,Specifies presence,,,,
Konstantinos,9,227381,Constantinople: Mangana,,,Glykas,599.10,Constantinople: Mangana: was buried in the monastery at  Mangana,Specifies presence,,,,
Konstantinos,10,227394,Constantinople: Mangana,,,Glykas,604.14-15,Constantinople: Mangana: went to venerate St George at the monastery of  Mangana,Specifies presence,,,,
Konstantinos,10,227395,Choirobakchoi,,,Glykas,605.9,Choirobakchoi: marched with 150 soldiers to Choirobakchoi,Specifies presence / Specifies presence near,,,,
Konstantinos,10,227398,Constantinople: Hagios Nikolaos Molybistes,,,Glykas,606.20,Constantinople: Hagios Nikolaos Molybistes: was buried at the monastery of  Hagios Nikolaos Molybistes,Specifies presence,,,,
Konstantinos,64,227338,Constantinople: Great Palace,,,Glykas,588.12-13,Constantinople: Great Palace: walked in procession to Blachernai from the  Great Palace,Specifies presence,,,,
Konstantinos,64,227350,Constantinople: Stoudios,,,Glykas,592.7,Constantinople: Stoudios: was tonsured with his nephew (<Michael 5>) in the monastery of  Stoudios,Specifies presence,,,,
Konstantinos,64,227351,Constantinople: Stoudios,,,Glykas,592.16,Constantinople: Stoudios: sought refuge in the sanctuary but was dragged out of the church at  Stoudios,Specifies presence,,,,
Konstantinos,64,227354,Constantinople: Sigma,,,Glykas,592.18,Constantinople: Sigma: was blinded at the  Sigma,Specifies presence,,,,
Konstantinos,115,227373,Iberia (theme),,,Glykas,596.13,Iberia (theme): was appointed (as governor?) to Iberia (theme),Dignity,,,,
Konstantinos,178,444415,Kotyaion (Phrygia),https://pleiades.stoa.org/places/609444,,Italos trial,l. 73,Kotyaion (Phrygia): was metropolitan of Kotyaion,Dignity,,,,
Konstantinos,9,228412,Mitylene,https://pleiades.stoa.org/places/550763,,Kleinchroniken,"142.67, 159.12",Mitylene: was banished to and then recalled from Mitylene,Specifies presence,,,,
Konstantinos,9,228413,"Nea Mone, Chios",,,Kleinchroniken,142.67,"Nea Mone, Chios: paid the expenses of the monastery of Nea Mone, Chios",Does not specify presence,,,,
Konstantinos,9,228414,Samos (Aegean),,,Kleinchroniken,142.67,Samos (Aegean): was on his way to exile at Samos (Aegean),Specifies presence near,,,,
Konstantinos,10,228417,Constantinople: Great Palace,,,Kleinchroniken,170.2,Constantinople: Great Palace: was crowned in the  Great Palace,Specifies presence,,,,
Konstantinos,10,228418,Constantinople: Great Palace,,,Kleinchroniken,170.2,Constantinople: Great Palace: died in the  Great Palace,Specifies presence,,,,
Konstantinos,64,228407,Constantinople: Sigma,,,Kleinchroniken,166.12,Constantinople: Sigma: was blinded at the  Sigma,Specifies presence,,,,
Konstantinos,126,255168,Derkos (Thrace): Christ Saviour,,,Kyrillos Phileotes,143,Derkos (Thrace): Christ Saviour: owned a property near the monastery of  Christ Saviour,Does not specify presence,,,,
Konstantinos,9,339635,Athos: Great Lavra,https://pleiades.stoa.org/places/501365,https://www.geonames.org/735148,Lavra,191.39,Athos: Great Lavra: entrusted to <Ioannes 368> the guardianship of the monastery of  Great Lavra,Does not specify presence,,,,
Konstantinos,139,339650,Athos: Iveron,https://pleiades.stoa.org/places/501365,https://www.geonames.org/736092,Lavra,204.9,Athos: Iveron: donated some fields (at Kamena) to (the monastery of)  Iveron,Does not specify presence,,,,
Konstantinos,139,339653,Kamena (Chalkidike),,,Lavra,205.13,Kamena (Chalkidike): met <Nikolaos 211> at Kamena (Chalkidike),Specifies presence,,,,
Konstantinos,64,229710,Constantinople: Sigma,,,Lazaros of Galesion,540A,Constantinople: Sigma: was blinded at the  Sigma,Specifies presence,,,,
Konstantinos,9,229803,Mitylene,https://pleiades.stoa.org/places/550763,,Lazaros of Galesion,579B,Mitylene: was living in exile on Mitylene,Specifies presence,,,,
Konstantinos,9,229825,Bessai (near Ephesos),,,Lazaros of Galesion,584E,Bessai (near Ephesos): granted to <Lazaros 104> some land at Bessai (near Ephesos),Does not specify presence,,,,
Konstantinos,9,440853,Mitylene,https://pleiades.stoa.org/places/550763,,"Manasses, Chronicle",6139-6141,"Mitylene: He was recalled by <Zoe 1> from Mitylene, where he had been exiled",Specifies presence,,,,
Konstantinos,9,440866,Constantinople: Mangana,,,"Manasses, Chronicle",6180-6182,Constantinople: Mangana: he constructed a splendid complex of buildings for St Georgios at the Mangana,Does not specify presence,,,,
Konstantinos,9,230524,Constantinople: Hagia Sophia,https://pleiades.stoa.org/places/307220778,,Mauropous: Orations,24,Constantinople: Hagia Sophia: instituted daily services at  Hagia Sophia,Specifies presence,,,,
Konstantinos,9,230527,Constantinople: Sergios and Bakchos,,,Mauropous: Orations,33,Constantinople: Sergios and Bakchos: sent gifts on their feastday to  Sergios and Bakchos,Does not specify presence,,,,
Konstantinos,9,230529,Constantinople: Mangana,,,Mauropous: Orations,37,Constantinople: Mangana: made a donation to Saint Georgios of  Mangana,Does not specify presence,,,,
Konstantinos,9,230533,Sosthenion (on Bosporos),https://pleiades.stoa.org/places/521070,,Mauropous: Orations,39,Sosthenion (on Bosporos): made several donations to the monastery of Saint Michael at Sosthenion (on Bosporos),Does not specify presence,,,,
Konstantinos,9,230540,Euphrates,https://pleiades.stoa.org/places/912849,,Mauropous: Orations,179.7,Euphrates: waged war against the barbarians beyond the Euphrates,Does not specify presence,,,,
Konstantinos,9,230543,Constantinople: Mangana,,,Mauropous: Orations,198.9,Constantinople: Mangana: founded a shrine dedicated to Saint Georgios at  Mangana,Does not specify presence,,,,
Konstantinos,9,230544,Constantinople: Mangana,,,Mauropous: Orations,198.10,Constantinople: Mangana: founded a school of law within the compound of his shrine of Saint Georgios at  Mangana,Does not specify presence,,,,
Konstantinos,9,395522,"Nea Mone, Chios",,,"Nea Mone,",Miklosich-Müller 5.1,"Nea Mone, Chios: established an annual grant of 72 nomismata for the monastery of Nea Mone, Chios",Does not specify presence,,,,
Konstantinos,9,395526,"Nea Mone, Chios",,,"Nea Mone,",Miklosich-Müller 5.3,"Nea Mone, Chios: issued a chrysobull offering protection to the monastery of Nea Mone, Chios",Does not specify presence,,,,
Konstantinos,9,395527,"Nea Mone, Chios",,,"Nea Mone,",Miklosich-Müller 5.5-6,"Nea Mone, Chios: issued a chrysobull concerning the residence at Constantinople of the monks of Nea Mone, Chios",Does not specify presence,,,,
Konstantinos,9,395531,Constantinople: Angouria,,,"Nea Mone,",Miklosich-Müller 5.6,Constantinople: Angouria: issued a chrysobull granting to the monks of Nea Mone a building in the area of  Angouria,Does not specify presence,,,,
Konstantinos,9,395558,Kalothekia (Thrakesion),,,"Nea Mone,",Gedeon 405,Kalothekia (Thrakesion): confirmed the purchase by Nea Mone of the estate of Kalothekia (Thrakesion),Does not specify presence,,,,
Konstantinos,9,395559,"Nea Mone, Chios",,,"Nea Mone,",gedeon 405,"Nea Mone, Chios: issued a chrysobull confirming the purchase of the estate of Kalothekia by Nea Mone, Chios",Does not specify presence,,,,
Konstantinos,9,395560,Chios,https://pleiades.stoa.org/places/550497,,"Nea Mone,",Gedeon 413,Chios: issued a chrysobull attaching to Nea Mone the Jews of Chios,Does not specify presence,,,,
Konstantinos,9,395561,"Nea Mone, Chios",,,"Nea Mone,",Gedeon 413,"Nea Mone, Chios: issued a chrysobull attaching the Jews of Chios to Nea Mone, Chios",Does not specify presence,,,,
Konstantinos,9,395562,"Nea Mone, Chios",,,"Nea Mone,",Gedeon 429,"Nea Mone, Chios: issued a chrysobull granting wheat from the estates of Helos to the monastery of Nea Mone, Chios",Does not specify presence,,,,
Konstantinos,9,395563,Helos (Patras?),,,"Nea Mone,",Gedeon 429,Helos (Patras?): issued a chrysobull granting wheat to Nea Mone from the estates of Helos (Patras?),Does not specify presence,,,,
Konstantinos,9,395564,Helos (Patras?),,,"Nea Mone,",Gedeon 429,Helos (Patras?): donated to the sebaste (<Anonyma 210>?) the estate of Helos (Patras?),Does not specify presence,,,,
Konstantinos,9,395566,Bessai (near Ephesos),,,"Nea Mone,",Gedeon 429,Bessai (near Ephesos): issued a chrysobull granting wheat to Nea Mone from the estates of Bessai (near Ephesos),Does not specify presence,,,,
Konstantinos,9,395567,"Nea Mone, Chios",,,"Nea Mone,",429,"Nea Mone, Chios: issued a chrysobull granting wheat from the estates of Bessai to Nea Mone, Chios",Does not specify presence,,,,
Konstantinos,9,395568,"Nea Mone, Chios",,,"Nea Mone,",Gedeon 430,"Nea Mone, Chios: issued a chrysobull banning the dispatch of exiles to Nea Mone, Chios",Does not specify presence,,,,
Konstantinos,9,376298,"Athos, Mount",https://pleiades.stoa.org/places/501365,,Protaton,"225.28, 236.22","Athos, Mount: sent <Kosmas 101> to Athos, Mount",Does not specify presence,,,,
Konstantinos,120,379656,Kalai,,,Psellos,Actum 2 25-36,Kalai: owned Kalai,Specifies presence,,,,
Konstantinos,120,379657,Kyklobion,,,Psellos,Actum 2 56-60,Kyklobion: was given Kyklobion,Does not specify presence,,,,
Konstantinos,120,379658,Hagios Stephanos,,,Psellos,Actum 2 60-62,Hagios Stephanos: was given Hagios Stephanos,Does not specify presence,,,,
Konstantinos,13,379632,Constantinople: Martyr Kallinikos,,,Psellos,Leichoudes 415,Constantinople: Martyr Kallinikos: built a convent dedicated to the Theotokos on the site of the church of  Martyr Kallinikos,Does not specify presence,,,,
Konstantinos,13,379727,Kouzenas (Magnesia),,,Psellos,Letters (Sathas) 68.300,Kouzenas (Magnesia): was born at Kouzenas (Magnesia),Specifies presence,,,,
Konstantinos,9,379670,Mitylene,https://pleiades.stoa.org/places/550763,,Psellos,"Orationes panegyricae II, 563-566",Mitylene: he was exiled to Mitylene,Specifies presence,,,,
Konstantinos,9,379673,Antioch (on the Orontes),https://pleiades.stoa.org/places/658381,,Psellos,"Orationes panegyricae VI, 57-58","Antioch (on the Orontes): like his father, <Theodosios 109>, was originally from Antioch (on the Orontes)",Does not specify presence,,,,
Konstantinos,64,248503,Constantinople: Great Palace,,,Psellos: Chronographia,V 31.11,Constantinople: palace: dashed up against the doors of and entered the  palace,Specifies presence,,,,
Konstantinos,64,248501,Constantinople: Great Palace,,,Psellos: Chronographia,V 31.2-3,"Constantinople: palace: when he heard of the revolt, happened to be away from the  palace",Does not specify presence,,,,
Konstantinos,64,248509,Constantinople: Hippodrome,https://pleiades.stoa.org/places/773739435,,Psellos: Chronographia,V 32.13,Constantinople: Hippodrome: led <Zoe 1> up on high in the  Hippodrome,Specifies presence,,,,
Konstantinos,64,248515,Constantinople: Dios (Stoudios?),,,Psellos: Chronographia,V 38.6-7,Constantinople:  Stoudios: landed at  Stoudios,Specifies presence,,,,
Konstantinos,64,248523,Constantinople: Stoudios,,,Psellos: Chronographia,V 44.5-7,Constantinople: Stoudios: had taken refuge at the altar of  Stoudios (?),Specifies presence,,,,
Konstantinos,64,248529,Constantinople: Stoudios,,,Psellos: Chronographia,V 45.4,Constantinople: Stoudios: was driven from  Stoudios (?),Specifies presence,,,,
Konstantinos,63,248539,Dalasa,,,Psellos: Chronographia,VI 12.2-3,Dalasa: he came from Dalasa,Specifies presence,,,,
Konstantinos,63,248540,Constantinople: Great Palace,,,Psellos: Chronographia,VI 12.7,Constantinople: Great Palace: he was barred from the Great Palace,Specifies presence,,,,
Konstantinos,112,248541,Constantinople: Great Palace,,,Psellos: Chronographia,VI 13.8-9,Constantinople: palace: was removed by <Michael 4> from  palace,Specifies presence,,,,
Konstantinos,9,248544,Constantinople: Great Palace,,,Psellos: Chronographia,VI 15.3,Constantinople: Great Palace: was brought by <Zoe 1> to the palace,Specifies presence,,,,
Konstantinos,9,248547,Mitylene,https://pleiades.stoa.org/places/550763,,Psellos: Chronographia,VI 17.8,Mitylene: was exiled by <Michael 4> to Mitylene,Specifies presence,,,,
Konstantinos,9,248549,Constantinople: Great Palace,,,Psellos: Chronographia,VI 19.12-13,Constantinople: Great Palace: with a brilliant escort he entered the palace,Specifies presence,,,,
Konstantinos,9,248565,Constantinople: Chalke,,,Psellos: Chronographia,VI 88.2-5,Constantinople: Chalke: presided over the triumph from the prison of the Chalke,Specifies presence,,,,
Konstantinos,9,248569,Constantinople: Great Palace,,,Psellos: Chronographia,VI 88.8,Constantinople: Great Palace: returned (after celebrating a triumph) to the palace,Specifies presence,,,,
Konstantinos,9,248571,Constantinople: Great Palace,,,Psellos: Chronographia,VI 96.2,Constantinople: Great Palace: returned from the sea in triumph to the palace,Specifies presence,,,,
Konstantinos,10,248620,Constantinople: Great Palace,,,Psellos: Chronographia,VIIa 23.5-6,Constantinople: palace: after the expedition against the Uzes returned to the  palace,Specifies presence,,,,
Konstantinos,61,248630,Amaseia,https://pleiades.stoa.org/places/857018,,Psellos: Chronographia,VIIa 33.5-6,Amaseia: came near and tried to drive <Romanos 4> out of Amaseia,Specifies presence near,,,,
Konstantinos,9,418115,Opsikion,,,Seals,,Opsikion: was krites of Opsikion,Dignity,,,,
Konstantinos,9,418297,Boukellarion,,,Seals,,Boukellarion: was protonotarios of Boukellarion,Dignity,,,,
Konstantinos,61,417069,Anatolikon,,,Seals,,Anatolikon: was strategos of Anatolikon,Dignity,,,,
Konstantinos,64,417067,Antioch (on the Orontes),https://pleiades.stoa.org/places/658381,,Seals,,Antioch: was doux of Antioch,Dignity,,,,
Konstantinos,64,417068,Orient,,,Seals,,Orient: was domestikos of the scholai of Orient,Dignity,,,,
Konstantinos,64,418245,Orient,,,Seals,,Orient: was domestikos of Orient,Dignity,,,,
Konstantinos,101,417154,Serbia,,,Seals,,Serbia: was strategos of Serbia,Dignity,,,,
Konstantinos,120,418995,Constantinople: Mangana,,,Seals,,Constantinople: Mangana: was megas kourator of the sekreton of  Mangana,Dignity,,,,
Konstantinos,123,417907,Cyprus,https://pleiades.stoa.org/places/707498,,Seals,,Cyprus: was doux of Cyprus,Dignity,,,,
Konstantinos,123,417908,Cyprus,https://pleiades.stoa.org/places/707498,,Seals,,Cyprus: was doux of Cyprus,Dignity,,,,
Konstantinos,123,418649,Cyprus,https://pleiades.stoa.org/places/707498,,Seals,,Cyprus: was doux of Cyprus,Dignity,,,,
Konstantinos,126,418788,Hellas and Peloponnesos,,,Seals,,Hellas and Peloponnesos: was praitor of Hellas and Peloponnesos,Dignity,,,,
Konstantinos,126,418789,Peloponnesos,,,Seals,,Peloponnesos: was praitor of Peloponnesos,Dignity,,,,
Konstantinos,126,418790,Hellas,https://pleiades.stoa.org/places/1001896,,Seals,,Hellas: was praitor of Hellas,Dignity,,,,
Konstantinos,267,417033,Italy,,,Seals,,Italy: was katepano of Italy,Dignity,,,,
Konstantinos,198,417454,Trebizond,https://pleiades.stoa.org/places/857359,,Seals,,Trebizond: was metropolitan of Trebizond,Dignity,,,,
Konstantinos,198,417455,Trebizond,https://pleiades.stoa.org/places/857359,,Seals,,Trebizond: was metropolitan of Trebizond,Dignity,,,,
Konstantinos,176,224817,Klaudioupolis,https://pleiades.stoa.org/places/844879,,Synod of 1072,57.13,Klaudioupolis: was metropolitan of Klaudioupolis,Dignity,,,,
Konstantinos,176,224818,Constantinople: Hagios Alexios,,,Synod of 1072,57.2-3,Constantinople: Hagios Alexios: attended the synod at the church of  Hagios Alexios,Specifies presence,,,,
Konstantinos,177,224869,Leukas,https://pleiades.stoa.org/places/530975,,Synod of 1072,58.40,Leukas: was archbishop of Leukas,Dignity,,,,
Konstantinos,177,224870,Constantinople: Hagios Alexios,,,Synod of 1072,57.2-3,Constantinople: Hagios Alexios: attended the synod at the church of  Hagios Alexios,Specifies presence,,,,
Konstantinos,128,225259,Nikomedeia,https://pleiades.stoa.org/places/511337,,Synod of 1094,218,Nikomedeia: was metropolitan of Nikomedeia,Dignity,,,,
Konstantinos,129,225261,Tyana (Cappadocia),https://pleiades.stoa.org/places/648801,,Synod of 1094,218,Tyana (Cappadocia): was metropolitan of Tyana (Cappadocia),Dignity,,,,
Konstantinos,130,233014,Vardar,https://pleiades.stoa.org/places/491534,,"Theophylaktos of Ohrid, Letters",461.19,Vardar: was entrusted with the rule of the region of the Vardar,Does not specify presence,,,,
Konstantinos,9,376435,Athos: Vatopedi,https://pleiades.stoa.org/places/501365,https://www.geonames.org/733922,Vatopedi,117.3,"Athos, Mount: Vatopedi: granted a solemnion of 80 nomismata to the monastery of  Vatopedi",Does not specify presence,,,,
Konstantinos,10,247027,Constantinople: Mangana,,,Zonaras,18.8.4,Constantinople: Mangana: was in the palace of Mangana (palace),Specifies presence,,,,
Konstantinos,10,247028,Constantinople: Great Palace,,,Zonaras,18.8.4,Constantinople: Great Palace: was expected to depart by sea (from the Mangana) for the  Great Palace,Specifies presence,,,,
Konstantinos,10,247029,Constantinople: Great Palace,,,Zonaras,18.8.6,Constantinople: Great Palace: judged that he must depart directly to the  Great Palace,Does not specify presence,,,,
Konstantinos,10,247032,Choirobakchoi,,,Zonaras,18.9.7,Choirobakchoi: encamped near Choirobakchoi,Specifies presence near,,,,
Konstantinos,13,247019,Constantinople: Mangana,,,Zonaras,18.5.9,Constantinople: Mangana: was entrusted with care of the  Mangana,Does not specify presence,,,,
Konstantinos,13,247020,Constantinople: Mangana,,,Zonaras,18.5.9,Constantinople: Mangana: was entrusted with the documents concerning the freedom of the  Mangana,Does not specify presence,,,,
Konstantinos,13,247022,Constantinople: Mangana,,,Zonaras,17.5.12,Constantinople: Mangana: was asked by <Isaakios 1> for the rights of  Mangana,Does not specify presence,,,,
Konstantinos,101,246889,Danube,https://pleiades.stoa.org/places/226577,,Zonaras,17.10.13,Danube: forced the Pechenegs to remain quiet after they crossed the Danube,Does not specify presence,,,,
Konstantinos,101,246890,Sirmium,,,Zonaras,17.10.13,Sirmium: was governor (doux?) of Sirmium,Dignity,,,,
Konstantinos,101,246891,Bulgaria,,,Zonaras,17.10.13,Bulgaria: was called doux of Bulgaria,Dignity,,,,
Konstantinos,63,246892,Armeniakon,,,Zonaras,17.10.18,Armeniakon: resided in the theme of Armeniakon,Specifies presence,,,,
Konstantinos,105,246885,Antioch (on the Orontes),https://pleiades.stoa.org/places/658381,,Zonaras,17.11.14-15,Antioch (on the Orontes): planned to set out for Antioch (on the Orontes),Does not specify presence,,,,
Konstantinos,101,246899,Illyricum,https://pleiades.stoa.org/places/481865,,Zonaras,17.12..8,Illyricum: was about to flee to Illyricum,Does not specify presence,,,,
Konstantinos,63,246906,Antioch (on the Orontes),https://pleiades.stoa.org/places/658381,,Zonaras,17.14.23,Antioch (on the Orontes): was the object of the goodwill of the citizens of Antioch (on the Orontes),Does not specify presence,,,,
Konstantinos,63,246907,Princes' Islands: Plate,,https://www.geonames.org/737951,Zonaras,17.14.24,Princes' Islands: Plate: was exiled to  Plate,Specifies presence,,,,
Konstantinos,63,246908,Princes' Islands: Plate,,https://www.geonames.org/737951,Zonaras,17.14.25,Princes' Islands: Plate: was transferred from  Plate,Specifies presence,,,,
Konstantinos,64,246909,Antioch (on the Orontes),https://pleiades.stoa.org/places/658381,,Zonaras,"17.14.27, 17.14.31",Antioch (on the Orontes): succeeded as doux of Antioch (on the Orontes),Dignity,,,,
Konstantinos,64,246911,"Edessa (Rohas, Mesopotamia)",https://pleiades.stoa.org/places/658457,,Zonaras,17.14.31,"Edessa (Rohas, Mesopotamia): brought aid to Edessa (Rohas, Mesopotamia)",Specifies presence,,,,
Konstantinos,64,246943,Constantinople: Agora (Forum of Constantine?),,,Zonaras,17.19.11,Constantinople: Agora: advanced through the Agora,Specifies presence,,,,
Konstantinos,64,246947,Constantinople: Stoudios,,,Zonaras,17.19.18,Constantinople: Stoudios: left for  Stoudios (monastery),Specifies presence,,,,
Konstantinos,64,246948,Constantinople: Stoudios,,,Zonaras,17.19.21,Constantinople: Stoudios: was dragged from the altar of  Stoudios (monastery),Specifies presence,,,,
Konstantinos,64,246951,Constantinople: Sigma,,,Zonaras,17.19.22,Constantinople: Sigma: reached  Sigma,Specifies presence,,,,
Konstantinos,9,246953,Mitylene,https://pleiades.stoa.org/places/550763,,Zonaras,17.20.13,Mitylene: was banished to Mitylene,Specifies presence,,,,
Konstantinos,9,246955,Damokrania: Archangel,,,Zonaras,17.20.17,Damokrania: Archangel: was encountered by <Stephanos 102> at the church of the Archangel,Specifies presence,,,,
Konstantinos,9,246964,Constantinople: Hippodrome,https://pleiades.stoa.org/places/773739435,,Zonaras,17.22.18,Constantinople: Hippodrome: raised the head of <Georgios 62> on high in   Hippodrome,Specifies presence,,,,
Konstantinos,9,246965,Constantinople: Chalke,,,Zonaras,17.22.19,Constantinople: Chalke: presided over the triumph at church of the Saviour in Chalke,Specifies presence,,,,
Konstantinos,9,246969,Cyprus,https://pleiades.stoa.org/places/707498,,Zonaras,17.22.22,Cyprus: brought back to servitude Cyprus,Specifies presence,,,,
Konstantinos,9,246992,Chrysopolis (Bithynia),https://pleiades.stoa.org/places/520995,,Zonaras,17.26.20,Chrysopolis (Bithynia): sent Pechenegs across to Chrysopolis (Bithynia),Does not specify presence,,,,
Konstantinos,9,246993,Constantinople: Mangana,,,Zonaras,17.27.18,Constantinople: Mangana: built (the monastery of) Mangana,Specifies presence,,,,
Konstantinos,9,246996,Constantinople: Mangana,,,Zonaras,17.28.19,Constantinople: Mangana: longed for death at the palace of Mangana,Specifies presence,,,,
Konstantinos,62,,,,,Zonaras,18.18.12,Constantinople: Blachernai: had fled for refuge to the palace of Blachernai,Specifies presence,,,,
Konstantinos,62,247181,Constantinople: Mangana,,,Zonaras,18.21.16-17,Constantinople: Mangana: lived in the palace of Mangana (palace),Specifies presence,,,,
Konstantios,61,234534,Constantinople: Hagia Sophia,https://pleiades.stoa.org/places/307220778,,Attaleiates: History,100.2-3 / 75.15-16,Constantinople: Hagia Sophia: joined his mother in a customary imperial procession to the great temple of  Hagia Sophia,Specifies presence,,,,
Konstantios,61,234868,Constantinople: Great Palace,,,Attaleiates: History,305.2 / 218.3,Constantinople: palace: was banished by his brother from Constantinople and from the  palace,Does not specify presence,,,,
Konstantios,61,234869,Constantinople: Great Palace,,,Attaleiates: History,305.5 / 218.5-6,Constantinople: palace: was received by Botaneiates (<Nikephoros 3>) in the  palace,Specifies presence,,,,
Konstantios,61,234874,Chrysopolis (Bithynia),https://pleiades.stoa.org/places/520995,,Attaleiates: History,307.17-18 / 219.23-24,Chrysopolis (Bithynia): sought to convince the soldiers to proclaim him emperor when he joined them at Chrysopolis (Bithynia),Specifies presence,,,,
Konstantios,61,234498,Constantinople: Mangana,,,Attaleiates: History,"71.23, 73.18 / 55.2, 56.8",Constantinople: Mangana: followed his parents onto a ship at the coast near  Mangana,Specifies presence near,"J 1060, April 23",Other,"K&K, n. 133",Easter after the feast day of Saint Gregorios.
Konstantios,61,247147,Chrysopolis (Bithynia),https://pleiades.stoa.org/places/520995,,Zonaras,18.19.22,Chrysopolis (Bithynia): crossed to Chrysopolis (Bithynia),Specifies presence,,,,
Kornelios,101,229635,"Galesion, Mount: Saviour",,,Lazaros of Galesion,525E,"Galesion, Mount: Saviour: lost his eyesight and was led down to (the monastery of) the  Saviour",Specifies presence,,,,
Kornelios,101,229636,"Galesion, Mount: Resurrection",,,Lazaros of Galesion,525F,"Galesion, Mount: Resurrection: requested and was taken to (the monastery of) the  Resurrection",Specifies presence,,,,
Kornelios,102,229672,Armenia,https://pleiades.stoa.org/places/874350,,Lazaros of Galesion,537B,Armenia: hailed from Armenia,Specifies presence,,,,
Kornelios,102,229673,Komothon (near Galesion),,,Lazaros of Galesion,537B,Komothon (near Galesion): went to fetch wine for the monastery from Komothon (near Galesion),Specifies presence,,,,
Kornelios,102,229674,Boulgarin (near Galesion),,,Lazaros of Galesion,537C,Boulgarin (near Galesion): was carried by <Laurentios 104> and <Loukas 105> to the village of Boulgarin (near Galesion),Specifies presence,,,,
Kornelios,102,229679,Barbatziana (near Galesion),,,Lazaros of Galesion,537C,Barbatziana (near Galesion): collected his pack animal from Barbatziana (near Galesion),Specifies presence,,,,
Kosmas,107,225925,Synada (Phrygia),https://pleiades.stoa.org/places/609538,,Alexios Stoudites,19.26,Synada (Phrygia): was metropolitan of Synada (Phrygia),Dignity,,,,
Kosmas,11,433097,Constantinople: Hebdomon (monastery),,,Anna Komnene,96.6,"Constantinople: Hebdomon (monastery): celebrated the liturgy, then resigned at the church at the Hebdomon",Specifies presence,,,,
Kosmas,11,228425,Rouphinianai (on Bosporos),https://pleiades.stoa.org/places/521141,,Kleinchroniken,161.21,Rouphinianai (on Bosporos): ordained <Michael 7> metropolitan at the monastery of the Theotokos at Rouphinianai (on Bosporos),Dignity,,,,
Kosmas,110,229664,Jerusalem,https://pleiades.stoa.org/places/687928,,Lazaros of Galesion,535A,Jerusalem: hailed (?) from Jerusalem,Does not specify presence,,,,
Kosmas,112,229761,"Koumaron, Mount: Hagia Marina",,,Lazaros of Galesion,566D,"Koumaron, Mount: Hagia Marina: was carried from Ephesos to  Hagia Marina",Specifies presence,,,,
Kosmas,112,229762,"Koumaron, Mount: Hagia Marina",,,Lazaros of Galesion,566D,"Koumaron, Mount: Hagia Marina: died at  Hagia Marina",Specifies presence,,,,
Kosmas,112,229763,Ephesos,https://pleiades.stoa.org/places/599612,,Lazaros of Galesion,566D,Ephesos: went to distribute alms but fell ill at Ephesos,Specifies presence,,,,
Kosmas,113,229764,"Galesion, Mount: Saviour",,,Lazaros of Galesion,568B,"Galesion, Mount: Saviour: died at (the monastery of) the  Saviour",Specifies presence,,,,
Kosmas,114,229819,Ephesos,https://pleiades.stoa.org/places/599612,,Lazaros of Galesion,582C,Ephesos: went to report to the metropolitan (<Anonymus 553>) at Ephesos,Specifies presence,,,,
Kosmas,11,341703,"Latros, Mount",https://pleiades.stoa.org/places/599753,,Patmos: Typikon,62,"Latros, Mount: entrusted <Christodoulos 101> with Latros, Mount",Does not specify presence,J 1091 [TAQ],Aleksandar,,This document was produced in May 1091.
Kosmas,101,376264,"Athos, Mount",https://pleiades.stoa.org/places/501365,,Protaton,"226.36, 236.22","Athos, Mount: was sent by <Konstantinos 9> to Athos, Mount",Specifies presence,,,,
Kosmas,101,376297,"Athos, Mount",https://pleiades.stoa.org/places/501365,,Protaton,"226.36, 237.31","Athos, Mount: arrived (from Constantinople) on Athos, Mount",Specifies presence,,,,
Kosmas,101,376299,Athos: Karyes,https://pleiades.stoa.org/places/501365,https://www.geonames.org/735972,Protaton,226.38,"Athos, Mount: Karyes: summoned the monks and hegoumenoi (of Athos) at  Karyes",Specifies presence,,,,
Kosmas,102,225258,Caesarea (Cappadocia),https://pleiades.stoa.org/places/629035,,Synod of 1094,218,Caesaria in Cappadocia: was metropolitan of Caesaria in Cappadocia,Dignity,,,,
Kutulmush,101,246980,Vaspurakan,,,Zonaras,17.25.16,Vaspurakan: sent  an embassy to the ruler of Vaspurakan,Does not specify presence,,,,
Kutulmush,101,246982,Pasar (Khurasan),,https://www.geonames.org/121343,Zonaras,17.25.20,Pasar (Khurasan): occupied Pasar (Khurasan),Specifies presence,,,,
Kyriakos,101,225910,Ephesos,https://pleiades.stoa.org/places/599612,,Alexios Stoudites,"18.30, 25.12, 42.8",Ephesos: was archbishop of Ephesos,Dignity,,,,
Kyriakos,101,226001,Ephesos,https://pleiades.stoa.org/places/599612,,Alexios Stoudites,"Rhalles-Potles 5.24, 5.32",Ephesos: was metropolitan of Ephesos,Dignity,,,,
Kyriakos,113,229822,Galesion (near Ephesos),,,Lazaros of Galesion,584A,Galesion (near Ephesos): hailed (?) form the village of Galesion (near Ephesos),Does not specify presence,,,,
Kyrillos,104,229726,Ephesos,https://pleiades.stoa.org/places/599612,,Lazaros of Galesion,543E,Ephesos: came across the topoteretes (<Anonymus 529>) at Ephesos,Specifies presence,,,,
Kyrillos,104,229823,Pentakrene (near Mount Galesion),,,Lazaros of Galesion,584B,Pentakrene (near Mount Galesion): was sent by <Lazaros 104> to the monastery's proasteion of Pentakrene (near Mount Galesion),Specifies presence,,,,
Kyrillos,105,229824,Pentakrene (near Mount Galesion),,,Lazaros of Galesion,584B,Pentakrene (near Mount Galesion): was sent by <Lazaros 104> to the monastery's proasteion of Pentakrene (near Mount Galesion),Specifies presence,,,,
Kyrillos,101,225344,"Constantinople: Hagioi Probos, Tarachos and Andronikos",,,Synod of 1094,220,"Constantinople: Hagioi Probos, Tarachos and Andronikos: was hegoumenos of the monastery of  Hagioi Probos, Tarachos and Andronikos",Dignity,,,,
Laurentios,102,225962,Dyrrachion,https://pleiades.stoa.org/places/573193,,Alexios Stoudites,"26.21, 42.17, Rhalles-Potles 5.36",Dyrrachion: was metropolitan of Dyrrachion,Dignity,,,,
Laurentios,101,376316,Athos: Berroiotou,https://pleiades.stoa.org/places/501365,,Hilandar,99.36,"Athos, Mount: Berroiotou: was hegoumenos of the monastery of  Berroiotou",Dignity,,,,
Laurentios,104,229675,Boulgarin (near Galesion),,,Lazaros of Galesion,537C,Boulgarin (near Galesion): carried the drunken <Kornelios 102> to the village of Boulgarin (near Galesion),Specifies presence,,,,
Laurentios,104,229678,Barbatziana (near Galesion),,,Lazaros of Galesion,537C,Barbatziana (near Galesion): led the pack animal of the drunken <Kornelios 102> to Barbatziana (near Galesion),Specifies presence,,,,
Laurentios,101,395362,Athos: Berroiotou,https://pleiades.stoa.org/places/501365,,Panteleemon,63.60,Athos: Berroiotou: was hegoumenos of the monastery of  Berroiotou,Dignity,,,,
Laurentios,102,417104,Dyrrachion,https://pleiades.stoa.org/places/573193,,Seals,,Dyrrachion: was metropolitan of Dyrrachion,Dignity,,,,
Laurentios,102,434737,Dyrrachion,https://pleiades.stoa.org/places/573193,,Synodal edict (1054),156.5,Dyrrachion: was metropolitan of Dyrrachion,Dignity,,,,
Laurentios,101,376121,Athos: Berroiotou,https://pleiades.stoa.org/places/501365,,Xenophontos,75213,"Athos, Mount: Berroiotou: was hegoumenos of the monastery of  Berroiotou",Dignity,,,,
Lazaros,104,229546,Asia,,,Lazaros of Galesion,509D,Asia: hailed from the land of Asia,Specifies presence,,,,
Lazaros,104,229547,Magnesia (on Meander),https://pleiades.stoa.org/places/599778,,Lazaros of Galesion,509D,Magnesia (on Meander): hailed from a rural area near the borders of Magnesia (on Meander),Specifies presence near,,,,
Lazaros,104,229551,Kalathai (near Ephesos),,,Lazaros of Galesion,510A,Kalathai (near Ephesos): was taken by his uncle (<Elias 104>) to his monastery of Kalathai (near Ephesos),Specifies presence,,,,
Lazaros,104,229552,Kalathai (near Ephesos),,,Lazaros of Galesion,510B,Kalathai (near Ephesos): escaped secretly but was brought back to the monastery of Kalathai (near Ephesos),Specifies presence,,,,
Lazaros,104,229553,Strobilion (near Ephesos),,,Lazaros of Galesion,510C,Strobilion (near Ephesos): was sent to the monastery of Strobilion (near Ephesos),Specifies presence,,,,
Lazaros,104,229554,Chonai,,https://www.geonames.org/311962,Lazaros of Galesion,511A,Chonai: took the road and reached Chonai,Specifies presence,,,,
Lazaros,104,229556,Chonai: Archangel,,,Lazaros of Galesion,511B,Chonai: Archangel: prayed in the narthex of the shrine of the  Archangel,Specifies presence,,,,
Lazaros,104,229559,Attaleia,https://pleiades.stoa.org/places/638778,,Lazaros of Galesion,511F,Attaleia: arrived but then had to flee from Attaleia,Specifies presence,,,,
Lazaros,104,229561,Jerusalem,https://pleiades.stoa.org/places/687928,,Lazaros of Galesion,513E,Jerusalem: took the road to Jerusalem,Does not specify presence,,,,
Lazaros,104,229562,Antioch (on the Orontes),https://pleiades.stoa.org/places/658381,,Lazaros of Galesion,513E,Antioch (on the Orontes): reached Antioch (on the Orontes),Specifies presence,,,,
Lazaros,104,229563,Jerusalem,https://pleiades.stoa.org/places/687928,,Lazaros of Galesion,514C,Jerusalem: reached Jerusalem,Specifies presence,J 1000,Other,"Malamout, Route, 315",
Lazaros,104,229564,Jerusalem: Holy Sepulchre,,https://www.geonames.org/8335062,Lazaros of Galesion,514D,Jerusalem: Holy Sepulchre: was approached by the archdeacon while sitting in the  Holy Sepulchre,Specifies presence,,,,
Lazaros,104,229566,Hagios Sabas (Judean desert),,,Lazaros of Galesion,514D,Hagios Sabas (Judean desert): wished to remain at the lavra and was admitted at Hagios Sabas (Judean desert),Specifies presence,,,,
Lazaros,104,229567,Hagios Sabas (Judean desert),,,Lazaros of Galesion,514D,Hagios Sabas (Judean desert): spent 6 years at the monastery of Hagios Sabas (Judean desert),Specifies presence,,,,
Lazaros,104,229568,Hagios Sabas (Judean desert),,,Lazaros of Galesion,514E,Hagios Sabas (Judean desert): was expelled from the lavra of Hagios Sabas (Judean desert),Specifies presence,,,,
Lazaros,104,229570,Hagios Euthymios (Judean desert),,,Lazaros of Galesion,514E,Hagios Euthymios (Judean desert): spent some time at the lavra of Hagios Euthymios (Judean desert),Specifies presence,,,,
Lazaros,104,229571,Hagios Sabas (Judean desert),,,Lazaros of Galesion,514E-F,Hagios Sabas (Judean desert): was readmitted at the lavra of Hagios Sabas (Judean desert),Specifies presence,,,,
Lazaros,104,229574,Hagios Sabas (Judean desert),,,Lazaros of Galesion,515A,Hagios Sabas (Judean desert): returned after his ordination by the patriarch (<Orestes 102>) to Hagios Sabas (Judean desert),Specifies presence,,,,
Lazaros,104,229577,Rome,https://pleiades.stoa.org/places/423025,,Lazaros of Galesion,515F,Rome: decided to leave with <Paulos 116> for Rome,Does not specify presence,J 1009,Editor,,
Lazaros,104,229581,Tiberias (Palestine),https://pleiades.stoa.org/places/678431,,Lazaros of Galesion,516F,Tiberias (Palestine): reached with <Paulos 116> the city of Tiberias (Palestine),Specifies presence,,,,
Lazaros,104,229582,Thabor,https://pleiades.stoa.org/places/678419,,Lazaros of Galesion,517A,Thabor: worshipped with <Paulos 116> on Thabor,Specifies presence,,,,
Lazaros,104,229585,Damascus,https://pleiades.stoa.org/places/678106,,Lazaros of Galesion,517A,Damascus: went down from Mount Thabor to Damascus,Specifies presence,,,,
Lazaros,104,229586,"Lebanon, Mount",https://pleiades.stoa.org/places/678267,,Lazaros of Galesion,517A,"Lebanon, Mount: crossed from Damascus over Lebanon, Mount",Specifies presence,,,,
Lazaros,104,229589,Tripoli (Palestine),https://pleiades.stoa.org/places/668394,,Lazaros of Galesion,517A,Tripoli (Palestine): crossed Mount Lebanon and reached Tripoli (Palestine),Specifies presence,,,,
Lazaros,104,229590,Laodikeia (Syria),https://pleiades.stoa.org/places/668290,,Lazaros of Galesion,517A,Laodikeia (Syria): arrived at and decided to part from <Paulos 116> at Laodikeia (Syria),Specifies presence,,,,
Lazaros,104,229592,Antioch (on the Orontes),https://pleiades.stoa.org/places/658381,,Lazaros of Galesion,517B,Antioch (on the Orontes): left Laodikeia and reached Antioch (on the Orontes),Specifies presence,,,,
Lazaros,104,229593,Wondrous Mountain (Syria),,https://www.geonames.org/301975,Lazaros of Galesion,517B,Wondrous Mountain (Syria): visited the monastery of Symeon on the Wondrous Mountain (Syria),Specifies presence,,,,
Lazaros,104,229594,Cilicia,https://pleiades.stoa.org/places/981514,,Lazaros of Galesion,517B,Cilicia: crossed into Cappadocia from Cilicia,Specifies presence,,,,
Lazaros,104,229595,Cappadocia,,,Lazaros of Galesion,517B,Cappadocia: crossed Cilicia and reached Cappadocia,Specifies presence,,,,
Lazaros,104,229596,Argaios,https://pleiades.stoa.org/places/619114,,Lazaros of Galesion,517B,Argaios: was prevented by the locals from climbing Argaios,Specifies presence / Specifies presence near,,,,
Lazaros,104,229597,Caesarea (Cappadocia),https://pleiades.stoa.org/places/629035,,Lazaros of Galesion,517E,Caesaria: prayed in the church of Basileios at Caesaria,Specifies presence,,,,
Lazaros,104,229598,Euchaneia,,,Lazaros of Galesion,518C,Euchaneia: worshipped the martyr Theodoros at Euchaneia,Specifies presence,,,,
Lazaros,104,229599,Euchaïta,https://pleiades.stoa.org/places/857120,,Lazaros of Galesion,518C,Euchaïta: worshipped and prayed in the church of the martyr Theodoros Teron at Euchaïta,Specifies presence,,,,
Lazaros,104,229601,Chonai,,https://www.geonames.org/311962,Lazaros of Galesion,518D,Chonai: travelled through Anatolikon to Chonai,Specifies presence,,,,
Lazaros,104,229602,Ephesos,https://pleiades.stoa.org/places/599612,,Lazaros of Galesion,518D,Ephesos: visited the church of the Theologian at Ephesos,Specifies presence,,,,
Lazaros,104,229604,Oroboi (near Ephesos),https://pleiades.stoa.org/places/658560,,Lazaros of Galesion,518E,Oroboi (near Ephesos): went to see <Georgios 193> at Oroboi (near Ephesos),Specifies presence,,,,
Lazaros,104,229605,Ephesos,https://pleiades.stoa.org/places/599612,,Lazaros of Galesion,519B,Ephesos: returned from Oroboi and prayed in the church of the Theologian at Ephesos,Specifies presence,,,,
Lazaros,104,229606,Malpadeas (near Ephesos),,,Lazaros of Galesion,519B,Malpadeas (near Ephesos): left Ephesos and reached the village of Malpadeas (near Ephesos),Specifies presence,,,,
Lazaros,104,229607,Appion (near Ephesos),,,Lazaros of Galesion,519B-C,Appion (near Ephesos): was led by <Georgios 194> to a monastery of the Theotokos known as Appion (near Ephesos),Specifies presence,,,,
Lazaros,104,229610,"Koumaron, Mount (near Ephesos)",,,Lazaros of Galesion,519C,"Koumaron, Mount (near Ephesos): was led by the hegoumenos (<Anonymus 494>) to the foot of mount Koumaron, Mount (near Ephesos)",Specifies presence,,,,
Lazaros,104,229740,"Koumaron, Mount: Hagia Marina",,,Lazaros of Galesion,519C,"Koumaron, Mount: Hagia Marina: was led by  the hegoumenos of Theotokos of Appion (<Anonymus 494>) to the shrine of  Hagia Marina",Specifies presence,,,,
Lazaros,104,229617,"Galesion, Mount",,https://www.geonames.org/308356,Lazaros of Galesion,520E,"Galesion, Mount: decided to move to the cave of <Paphnoutios 101> on Galesion, Mount",Specifies presence,,,,
Lazaros,104,229624,"Galesion, Mount: Petra",,,Lazaros of Galesion,522B,"Galesion, Mount: Petra: went to see the stylite (<Anonymus 496>) at  Petra",Specifies presence,,,,
Lazaros,104,229630,"Galesion, Mount: Theotokos",,,Lazaros of Galesion,524B,"Galesion, Mount: Theotokos: saw <Philippikos 101> being dragged by demons from the top of his pillar (at the monastery) of the  Theotokos",Specifies presence,,,,
Lazaros,104,229744,"Koumaron, Mount: Hagia Marina",,,Lazaros of Galesion,526A,"Koumaron, Mount: Hagia Marina: was persuaded by the metropolitan of Ephesos (<Theodoros 184>) to settle at  Hagia Marina",Specifies presence,,,,
Lazaros,104,229743,"Koumaron, Mount: Hagia Marina",,,Lazaros of Galesion,526B,"Koumaron, Mount: Hagia Marina: together with <Ignatios 107>, <Georgios 194> and 3 monks left  Hagia Marina",Specifies presence,,,,
Lazaros,104,229642,"Galesion, Mount: Saviour",,,Lazaros of Galesion,527D,"Galesion, Mount: Saviour: spent 12 years at (the monastery of) the  Saviour",Specifies presence,,,,
Lazaros,104,229663,Bessai (near Ephesos),,,Lazaros of Galesion,533F,Bessai (near Ephesos): built a monastery at Bessai (near Ephesos),Specifies presence,,,,
Lazaros,104,229699,"Galesion, Mount: Saviour",,,Lazaros of Galesion,539B,"Galesion, Mount: Saviour: sent <Stephanos 144> together with the other eunuchs to (the monastery of) the  Saviour",Does not specify presence,,,,
Lazaros,104,229735,Ephesos,https://pleiades.stoa.org/places/599612,,Lazaros of Galesion,554B,Ephesos: sent a monk (<Anonymus 538>) on business to Ephesos,Does not specify presence,,,,
Lazaros,104,229753,"Galesion, Mount: Theotokos",,,Lazaros of Galesion,561A,"Galesion, Mount: Theotokos: sent <Nikon 103> to serve the brothers at the  Theotokos",Does not specify presence,,,,
Lazaros,104,229758,"Galesion, Mount: Petra",,,Lazaros of Galesion,561E,"Galesion, Mount: Petra: allowed <Nikon 103> to ascend the pillar at  Petra",Does not specify presence,,,,
Lazaros,104,229776,Galesion (near Ephesos),,,Lazaros of Galesion,573D,Galesion (near Ephesos): sent <Nikolaos 188> to fetch cheese from the village of Galesion (near Ephesos),Does not specify presence,,,,
Lazaros,104,229781,Bessai (near Ephesos),,,Lazaros of Galesion,574A,Bessai (near Ephesos): founded a monastery at Bessai (near Ephesos),Does not specify presence,,,,
Lazaros,104,229778,Bessai (near Ephesos),,,Lazaros of Galesion,574A-C,Bessai (near Ephesos): dissuaded <Stephanos 144> and <Neilos 102> from moving to Bessai (near Ephesos),Does not specify presence,,,,
Lazaros,104,229782,Bessai (near Ephesos),,,Lazaros of Galesion,574C,Bessai (near Ephesos): intended (or was pressed?) to move to Bessai (near Ephesos),Does not specify presence,,,,
Lazaros,104,229783,Bessai (near Ephesos),,,Lazaros of Galesion,575E,Bessai (near Ephesos): persuaded <Ignatios 107> to move to Bessai (near Ephesos),Does not specify presence,,,,
Lazaros,104,229786,Kampsai (near Ephesos),,,Lazaros of Galesion,575E,Kampsai (near Ephesos): dissuaded <Ignatios 107> from moving to Kampsai (near Ephesos),Does not specify presence,,,,
Lazaros,104,229815,"Galesion, Mount: Hagia Marina",,,Lazaros of Galesion,580F,"Galesion, Mount: Hagia Marina: had <Ioannikios 105> baptized at  Hagia Marina",Specifies presence,,,,
Lazaros,104,229820,Bessai (near Ephesos),,,Lazaros of Galesion,582D-E,Bessai (near Ephesos): built the church of the Theotokos at Bessai (near Ephesos),Specifies presence,,,,
Lazaros,104,229826,Bessai (near Ephesos),,,Lazaros of Galesion,584E,Bessai (near Ephesos): was granted by the emperor (<Konstantinos 9>) some land at Bessai (near Ephesos),Does not specify presence,,,,
Lazaros,104,229830,"Galesion, Mount: Resurrection",,,Lazaros of Galesion,585D,"Galesion, Mount: Resurrection: stipulated in his rule that there should be 40 monks at (the monastery of the)  Resurrection",Does not specify presence,,,,
Lazaros,104,229831,"Galesion, Mount: Saviour",,,Lazaros of Galesion,585D,"Galesion, Mount: Saviour: stipulated in his rule that there should be 12 monks at (the monastery of the)  Saviour",Does not specify presence,,,,
Lazaros,104,229832,"Galesion, Mount: Theotokos",,,Lazaros of Galesion,585D,"Galesion, Mount: Theotokos: stipulated in his rule that there should be 12 monks at (the monastery of the)  Theotokos",Does not specify presence,,,,
Lazaros,104,229835,"Galesion, Mount: Hagia Marina",,,Lazaros of Galesion,588E,"Galesion, Mount: Hagia Marina: spent 7 years at (the monastery of)  Hagia Marina",Specifies presence,,,,
Lazaros,104,229836,"Galesion, Mount",,https://www.geonames.org/308356,Lazaros of Galesion,588E,"Galesion, Mount: spent 41 years on Galesion, Mount",Specifies presence,,,,
Leon,151,225911,Caesarea (Cappadocia),https://pleiades.stoa.org/places/629035,,Alexios Stoudites,19.11,Caesaria: was metropolitan of Caesaria,Dignity,,,,
Leon,152,225950,Rousion (Thrace),,,Alexios Stoudites,"20.18, 27.9",Rousion (Thrace): was archbishop of Rousion (Thrace),Dignity,,,,
Leon,154,225954,Athens,https://pleiades.stoa.org/places/579885,,Alexios Stoudites,"26.1, Rhalles-Potles 5.37",Athens: was metropolitan of Athens,Dignity,,,,
Leon,155,225967,Larissa (Thessaly),https://pleiades.stoa.org/places/540905,,Alexios Stoudites,26.27,Larissa (Thessaly): was metropolitan of Larissa (Thessaly),Dignity,,,,
Leon,151,225955,Caesarea (Cappadocia),https://pleiades.stoa.org/places/629035,,Alexios Stoudites,26.3,Caesaria: was archbishop of Caesaria,Dignity,,,,
Leon,156,226007,Brysis,,https://www.geonames.org/740570,Alexios Stoudites,"Rhalles-Potles 5.24, 5.32",Brysis: was archbishop of Brysis,Dignity,,,,
Leon,114,396877,Chalcedon,https://pleiades.stoa.org/places/520988,,Anna Komnene,215.59,Chalcedon: was metropolitan of Chalcedon,Dignity,,,,
Leon,61,234446,Melitene,https://pleiades.stoa.org/places/629039,,Attaleiates: History,22.10 / 18.6,Melitene: was strategos of Melitene,Dignity,,,,
Leon,61,234445,Adrianople (Thrace),https://pleiades.stoa.org/places/5014275,,Attaleiates: History,22.6 / 18.3,Adrianople (Thrace): came from (was a native of?) Adrianople,?,,,,This is unclear in both the source and in PBW.
Leon,61,234449,Adrianople (Thrace),https://pleiades.stoa.org/places/5014275,,Attaleiates: History,23.1-2 / 18.17-18,Adrianople (Thrace): left secretly Constantinople and reached very quickly Adrianople,Specifies presence,"J 1047, September 14",Source,,"""On September 14, the first indiction"""
Leon,61,234455,Raidestos (Thrace),https://pleiades.stoa.org/places/511187,,Attaleiates: History,28.12 / 22.21,Raidestos (Thrace): left Thermopolis and marched against Raidestos (Thrace),Specifies presence near,,,,
Leon,61,234454,Thermopolis (Thrace),https://pleiades.stoa.org/places/216709,,Attaleiates: History,28.9 / 22.19,Thermopolis (Thrace): lifted his siege of Constantinople and encamped at Thermopolis (Thrace),Specifies presence,,,,
Leon,61,234458,Boulgarophygon,,https://www.geonames.org/751371,Attaleiates: History,29.19 / 23.20,Boulgarophygon: after his troops' defection fled to a church at Boulgarophygon,Specifies presence,"J 1047, December 25 [TAQ]",Other,"K&K, n 57.",
Leon,148,225004,Rhodes,https://pleiades.stoa.org/places/590031,,Chrysobull of 1079,31.22,Rhodes: was metropolitan of Rhodes,Dignity,,,,
Leon,149,225007,Chonai,,https://www.geonames.org/311962,Chrysobull of 1079,31.25,Chonai: was metropolitan of Chonai,Dignity,,,,
Leon,119,376046,Boleron,,,Dionysiou,41.16,"Boleron: was krites of the velon of the hippodrome of Strymon, Thessalonike and Boleron",Dignity,,,,
Leon,119,376047,Strymon,https://pleiades.stoa.org/places/501629,,Dionysiou,41.16,"Strymon: was krites of the velon of the hippodrome of Boleron, Thessalonike and Strymon",Dignity,,,,
Leon,119,376048,Thessalonike,https://pleiades.stoa.org/places/491741,,Dionysiou,41.16,"Thessalonike: was krites of the velon of the hippodrome of Boleron, Strymon and Thessalonike",Dignity,,,,
Leon,61,227371,Iberia (theme),,,Glykas,596.6,Iberia (theme): served as governor (strategos?) of Iberia (theme),Dignity,,,,
Leon,61,227374,Arkadioupolis (Thrace),https://pleiades.stoa.org/places/511185,,Glykas,596.20,Arkadioupolis (Thrace): marched against Arkadioupolis (Thrace),Specifies presence / Specifies presence near,,,,
Leon,114,444381,Chalcedon,https://pleiades.stoa.org/places/520988,,Italos trial,"ll. 68, 153, 414",Chalcedon: was metropolitan of Chalcedon,Dignity,,,,
Leon,149,444391,Chonai,,https://www.geonames.org/311962,Italos trial,"ll. 74, 416",Chonai: was metropolitan of Chonai,Dignity,,,,
Leon,223,444390,Kamachos (Anzitene),,,Italos trial,"ll. 5, 73, 415",Kamachos (Anzitene): was metropolitan of Kamachos,Dignity,,,,
Leon,111,227961,Iberia (theme),,,Kekaumenos,86.2,Iberia (theme): went to collect taxes from Mesopotamia and Iberia (theme),Specifies presence,,,,
Leon,111,227962,Mesopotamia,https://pleiades.stoa.org/places/874602,,Kekaumenos,86.2,Mesopotamia: went to collect taxes from Iberia and Mesopotamia,Specifies presence,,,,
Leon,160,229652,Attaleia,https://pleiades.stoa.org/places/638778,,Lazaros of Galesion,531A,Attaleia: hailed from Attaleia,Specifies presence,,,,
Leon,160,229653,Attaleia: Theotokos Aigyptia,https://pleiades.stoa.org/places/638778,,Lazaros of Galesion,531B,Attaleia: Theotokos Aigyptia: was taken to be healed in the church of the  Theotokos Aigyptia,Specifies presence,,,,
Leon,160,229654,"Galesion, Mount: Saviour",,,Lazaros of Galesion,531D,"Galesion, Mount: Saviour: went (for a second time, from Attaleia) up to the monastery of the  Saviour",Specifies presence,,,,
Leon,160,229655,Ephesos,https://pleiades.stoa.org/places/599612,,Lazaros of Galesion,531E,Ephesos: talked to the metropolitan (<Anonymus 508>) and then left Ephesos,Specifies presence,,,,
Leon,160,229656,Attaleia,https://pleiades.stoa.org/places/638778,,Lazaros of Galesion,531E,Attaleia: left Ephesos and returned to Attaleia,Specifies presence,,,,
Leon,160,229657,"Galesion, Mount: Saviour",,,Lazaros of Galesion,531E,"Galesion, Mount: Saviour: went (for a third time, from Attaleia) to the monastery of the  Saviour",Specifies presence,,,,
Leon,108,435143,Ohrid,https://pleiades.stoa.org/places/481900,,Leo IX  ,ep. I to Keroularios (Will) 68A.7,Ohrid: was metropolitan of Ohrid,Dignity,,,,
Leon,108,434751,Bulgaria,,,Leon of Ohrid (Greek),56 tit,Bulgaria: was archbishop of Bulgaria,Dignity,,,,
Leon,226,445334,Arkadioupolis (Thrace),https://pleiades.stoa.org/places/511185,,Niketas Stethatos (Darrouzes),458,Arkadioupolis (Thrace): was bishop of Arkadioupolis,Dignity,,,,
Leon,61,248574,Iberia (theme),,,Psellos: Chronographia,VI 100. 26,Iberia (theme): was appointed governor of Iberia (theme),Dignity,,,,
Leon,61,342123,Macedonia,https://pleiades.stoa.org/places/981531,,Psellos: Chronographia,VI 103.8-9,Macedonia: hailed from Macedonia,Specifies presence,,,,
Leon,61,248572,Adrianople (Thrace),https://pleiades.stoa.org/places/5014275,,Psellos: Chronographia,VI 99.4-7,Adrianople (Thrace): lived in Adrianople,Specifies presence,,,,
Leon,114,417653,Chalcedon,https://pleiades.stoa.org/places/520988,,Seals,,Chalcedon: was metropolitan of Chalcedon,Dignity,,,,
Leon,154,419379,Athens,https://pleiades.stoa.org/places/579885,,Seals,,Athens: was metropolitan of Athens,Dignity,,,,
Leon,114,444942,Chalcedon,https://pleiades.stoa.org/places/520988,,Semeioma on Leon of Chalcedon,114.4,Chalcedon: was metropolitan of Chalcedon,Dignity,,,,
Leon,116,224853,Constantinople: Hagios Alexios,,,Synod of 1072,57.2-3,Constantinople: Hagios Alexios: attended the synod at the church of  Hagios Alexios,Dignity,,,,
Leon,116,224854,"Boleron, Strymon and Thessalonike",,,Synod of 1072,57.32,Bizye: was archbishop of Bizye,Dignity,,,,
Leon,146,224833,Constantinople: Hagios Alexios,,,Synod of 1072,57.1-2,Constantinople: Hagios Alexios: attended the synod at the church of  Hagios Alexios,Specifies presence,,,,
Leon,146,224834,Mokissos (Cappadocia),https://pleiades.stoa.org/places/619174,,Synod of 1072,57.21,Mokissos (Cappadocia): was metropolitan of Mokissos (Cappadocia),Dignity,,,,
Leon,147,224843,Kotyaion (Phrygia),https://pleiades.stoa.org/places/609444,,Synod of 1072,57.26,Kotyaion (Phrygia): was metropolitan of Kotyaion (Phrygia),Dignity,,,,
Leon,147,224844,Constantinople: Hagios Alexios,,,Synod of 1072,57.2-3,Constantinople: Hagios Alexios: attended the synod at the church of  Hagios Alexios,Specifies presence,,,,
Leon,114,225207,Chalcedon,https://pleiades.stoa.org/places/520988,,Synod of 1094,216,Chalcedon: served as metropolitan of Chalcedon,Dignity,,,,
Leon,116,225305,"Boleron, Strymon and Thessalonike",,,Synod of 1094,219,Bizye: was metropolitan of Bizye,Dignity,,,,
Leon,154,434754,Athens,https://pleiades.stoa.org/places/579885,,Synodal edict (1054),168.12,Athens: was metropolitan of Athens,Dignity,,,,
Leon,61,246972,Iberia (theme),,,Zonaras,17.23.10,Iberia (theme): was appointed governor of Iberia,Dignity,,,,
Leon,61,246973,Adrianople (Thrace),https://pleiades.stoa.org/places/5014275,,Zonaras,17.23.13,Adrianople (Thrace): was brought to Adrianople,Specifies presence,,,,
Leon,61,,,,,Zonaras,17.23.19,Constantinople: Blachernai: came near the circuit-wall of the city at Blachernai,Specifies presence near,,,,
Leon,61,246971,Adrianople (Thrace),https://pleiades.stoa.org/places/5014275,,Zonaras,17.23.3,Adrianople (Thrace): lived in Adrianople,Specifies presence,,,,
Leon,61,246975,Thrace,,,Zonaras,17.23.34,Thrace: expected to win the forts of Thrace,Specifies presence near,,,,
Leontios,108,229613,Hypselon (near Ephesos),,,Lazaros of Galesion,519E,Hypselon (near Ephesos): founded a monastery on Mount Hypselon (near Ephesos),Specifies presence,,,,
Leontios,103,395353,Athos: Aristoboulou,https://pleiades.stoa.org/places/501365,,Panteleemon,55.9,Athos: Aristoboulou: was hegoumenos of the monastery of  Aristoboulou,Dignity,,,,
Leontios,105,224849,Dristra,https://pleiades.stoa.org/places/216800,,Synod of 1072,57.29,Dristra: was metropolitan of Dristra,Dignity,,,,
Leontios,105,224850,Constantinople: Hagios Alexios,,,Synod of 1072,57.2-3,Constantinople: Hagios Alexios: attended the synod at the church of  Hagios Alexios,Specifies presence,,,,
Liparites,101,234471,Iberia (theme),,,Attaleiates: History,45.3 / 34.12,Iberia (theme): led the troops gathered at the borders of Iberia (theme),Specifies presence,,,,
Loukas,105,229676,Boulgarin (near Galesion),,,Lazaros of Galesion,537C,Boulgarin (near Galesion): carried the drunken <Kornelios 102> to the village of Boulgarin (near Galesion),Specifies presence,,,,
Loukas,105,229677,Barbatziana (near Galesion),,,Lazaros of Galesion,537C,Barbatziana (near Galesion): led the pack animal of the drunken <Kornelios 102> to Barbatziana (near Galesion),Specifies presence,,,,
Loukas,101,225348,Hagios Phokas (on Bosporos),,,Synod of 1094,220,Hagios Phokas (on Bosporos): was hegoumenos of the monastery of Hagios Phokas (on Bosporos),Dignity,,,,
Loukianos,102,229639,Kepion (near Ephesos),,,Lazaros of Galesion,526F,Kepion (near Ephesos): dwelt in the village of Kepion (near Ephesos),Specifies presence,,,,
Lykanthes,101,247008,Pisidia,https://pleiades.stoa.org/places/639060,,Zonaras,18.2.11,Pisidia: was commander of Pisidia,Dignity,,,,
Lykanthes,101,247009,Lykaonia,https://pleiades.stoa.org/places/1001911,,Zonaras,18.2.11,Lykaonia: was commander of Lykaonia,Dignity,,,,
Lytoboes,101,227976,Devol,,https://www.geonames.org/791497,Kekaumenos,110.23,Devol: hailed from Devol,Does not specify presence,,,,
Lytoboes,101,227977,Demetrias,https://pleiades.stoa.org/places/540730,,Kekaumenos,110.21,Demetrias: was sent by Delianos (<Petros 102>) to occupy Demetrias,Specifies presence / Specifies presence near,,,,
Lytoboes,101,227978,Demetrias,https://pleiades.stoa.org/places/540730,,Kekaumenos,110.27,Demetrias: rebuilt the crumbling walls and fortified the kastron of Demetrias,Specifies presence,,,,
Mahmud,101,234877,Katma (Syria),,https://www.geonames.org/165923,Attaleiates: History,117.20 / 89.8,Katma (Syria): owned the village of Katma (Syria),Does not specify presence,,,,
Mahmud,102,234469,Persia,,,Attaleiates: History,44.5 / 33.21,Persia: was the reigning ruler of Persia,Dignity,,,,
Mahmud,101,,,,,Zonaras,18.11.20,Aleppo: was commander of Aleppo,Dignity,,,,
Mahmud,102,246978,Isfahan,https://pleiades.stoa.org/places/902990,,Zonaras,17.25.11,Isfahan: clashed with Turks and was killed near Isfahan,Specifies presence near,,,,
Mansur,5000,234820,Nicaea,https://pleiades.stoa.org/places/511268,,Attaleiates: History,266.19 / 191.14,Nicaea: went to see <Nikephoros 3> Botaneiates at Nicaea,Specifies presence,,,,
Mansur,5000,234841,Chrysopolis (Bithynia),https://pleiades.stoa.org/places/520995,,Attaleiates: History,276.21 / 198.22,Chrysopolis (Bithynia): encamped with his troops at Chrysopolis (Bithynia),Specifies presence,,,,"Although Attaleiates does not mention this person by name here, this is an interpolation by PBW."
Manuel,62,431981,Jerusalem,https://pleiades.stoa.org/places/687928,,Albert of Aachen,XII.7,Jerusalem: spent Easter with full ceremonial at Jerusalem,Specifies presence,"J 1111, April 7",,,"Editor, p. 834, n. 12."
Manuel,62,433710,Kios (Bithynia),https://pleiades.stoa.org/places/511385,,Anna Komnene,190.95,Kios (Bithynia): attacked the fleet of <Abul-Kasim 15001> at Kios,Specifies presence,,,,
Manuel,62,373097,Holy Cross (Cyprus),,,Anna Komnene,263.74,Holy Cross (Cyprus): pursued Rapsomates (<Anonymus 418>) to Holy Cross (Cyprus),Does not specify presence,,,,"In this line Manuel's is not present in the Holy Cross, but he reached there in the two following lines (75 and 76)"
Manuel,62,373098,Dyrrachion,https://pleiades.stoa.org/places/573193,,Anna Komnene,303.15,Dyrrachion: was sent to escort Oubos (<Hugh 4001>) to Constantinople from Dyrrachion,Does not specify presence,,,,
Manuel,62,373100,Philippopolis,https://pleiades.stoa.org/places/216927,,Anna Komnene,303.17,"Philippopolis: was sent to escort Oubos (<Hugh 4001>) from Dyrrachion to Constantinople, making a detour via Philippopolis",Does not specify presence,,,,
Manuel,62,373101,Nicaea,https://pleiades.stoa.org/places/511268,,Anna Komnene,321.49,Nicaea: explained to the Turks what would befall them if they allowed the Crusaders to capture Nicaea,Specifies presence,,,,
Manuel,119,435272,Orient (whole),,,Anna Komnene,324.66,Orient (whole): was strategos autokrator of the whole Orient,Dignity,,,,
Manuel,62,373102,Kyr Georgios (Bithynia?),,,Anna Komnene,327.82,Kyr Georgios (Bithynia?): sent small groups of Turkish commanders from Nicaea to the small town of Kyr Georgios (Bithynia?),Does not specify presence,"J 1097, June 19",Editor,,
Manuel,62,435308,Nicaea,https://pleiades.stoa.org/places/511268,,Anna Komnene,329.34,Nicaea: was doux of Nicaea,Dignity,,,,
Manuel,62,435481,Cilicia,https://pleiades.stoa.org/places/981514,,Anna Komnene,349.60,Cilicia: was ordered by <Alexios 1> to attack Cilicia,Does not specify presence,,,,
Manuel,62,435488,Attaleia,https://pleiades.stoa.org/places/638778,,Anna Komnene,349.62,Attaleia: reported the insubordination of <Alexios 1>'s favourites from Attaleia,Specifies presence,,,,
Manuel,62,435500,Mar'ash,,,Anna Komnene,350.17,Mar'ash: captured the whole area of Mar'ash,Specifies presence,J 1099,Editor,,NB: Maras is not mentioned in this section but in the previous (350.87)
Manuel,62,435547,Cyprus,https://pleiades.stoa.org/places/707498,,Anna Komnene,352.76,Cyprus: was sent to make peace with <Bohemond 61> from Cyprus,Specifies presence,,,,
Manuel,62,435546,Laodikeia (Syria),https://pleiades.stoa.org/places/668290,,Anna Komnene,352.79,Laodikeia (Syria): was sent to make peace with <Bohemond 61> at Laodikeia,Specifies presence,,,,"""specifies presence"" because I know Bohemond was in Laodikeia, but nothing in this section separately suggests that Bohemund was in Laodikeia!"
Manuel,62,443793,Cyprus,https://pleiades.stoa.org/places/707498,,Anna Komnene,430.80,Cyprus: was sent to pick up ships and money from Cyprus,Specifies presence,,,,
Manuel,62,443794,Tripoli (Palestine),https://pleiades.stoa.org/places/668394,,Anna Komnene,430.86,Tripoli (Palestine): began his attempt to discredit <Tancred 61> at Tripoli,Specifies presence,,,,
Manuel,61,234615,Sebasteia (Cappadocia),https://pleiades.stoa.org/places/629075,,Attaleiates: History,139.20 / 104.25-105.1,Sebasteia (Cappadocia): arrived and encamped near Sebasteia (Cappadocia),Specifies presence near,,,,
Manuel,61,234616,Caesarea (Cappadocia),https://pleiades.stoa.org/places/629035,,Attaleiates: History,139.7 / 104.16,Caesarea (Cappadocia): gathered his forces at Caesarea (Cappadocia),Specifies presence,,,,
Manuel,63,253981,Stroumitza (Macedonia),,https://www.geonames.org/785380,Eleousa: Acts,26.8,Stroumitza (Macedonia): was bishop of Stroumitza (Macedonia),Dignity,,,,
Manuel,63,253982,Veljusa (Macedonia),,https://www.geonames.org/784505,Eleousa: Acts,26.9-10,Veljusa (Macedonia): founded the monastery of the Theotokos at Veljusa (Macedonia),Specifies presence,,,,
Manuel,63,240571,Stroumitza (Macedonia),,https://www.geonames.org/785380,Eleousa: Typikon,69.4,Stroumitza (Macedonia): founded monastery of the Theotokos Eleousa in the village Ano Palaiokastron in the theme of Stroumitza (Macedonia),Specifies presence,,,,
Manuel,63,240572,Ano Palaiokastron,,,Eleousa: Typikon,69.3-5,Ano Palaiokastron: founded monastery of the Theotokos Eleousa in the village of Ano Palaiokastron,Specifies presence,,,,
Manuel,63,240573,Stroumitza (Macedonia),,https://www.geonames.org/785380,Eleousa: Typikon,70.2-3,Stroumitza (Macedonia): was bishop of Stroumitza (Macedonia),Dignity,,,,
Manuel,63,240574,"Auxentios, Mount",,,Eleousa: Typikon,70.4,"Auxentios, Mount: had been one of the congregation of monks in the venerable monastery of Auxentios, Mount",Specifies presence,,,,
Manuel,63,240575,Palaiokastron (Stroumitza),,,Eleousa: Typikon,71.29,Palaiokastron (Stroumitza): bought land and built a church dedicated to the Mother of God at Palaiokastron (Stroumitza),Does not specify presence,,,,
Manuel,63,240576,Stroumitza (Macedonia),,https://www.geonames.org/785380,Eleousa: Typikon,71.29,Stroumitza (Macedonia): bought land on which he built a church to the Mother of God in Palaiokastron in the theme of  Stroumitza (Macedonia),Does not specify presence,,,,
Manuel,63,240577,Palaiokastron (Stroumitza),,,Eleousa: Typikon,73.27-8,Palaiokastron (Stroumitza): settled men disposed to live in solitude in his monastery of the Mother of God at Palaiokastron (Stroumitza),Does not specify presence,,,,
Manuel,63,240578,Stroumitza (Macedonia),,https://www.geonames.org/785380,Eleousa: Typikon,88.7,Stroumitza (Macedonia): prescribed that each new superior of his monastery be given the seal by the bishop of Stroumitza (Macedonia),Does not specify presence,,,,
Manuel,63,240579,Stroumitza (Macedonia),,https://www.geonames.org/785380,Eleousa: Typikon,91.1-3,Stroumitza (Macedonia): was bishop of Stroumitza (Macedonia),Dignity,,,,
Manuel,61,247061,Sebasteia (Cappadocia),https://pleiades.stoa.org/places/629075,,Zonaras,18.12.15,Sebasteia (Cappadocia): came to Sebasteia (Cappadocia),Specifies presence,,,,
Maria,61,434331,"Christoupolis (Kavalla, Macedonia)",https://pleiades.stoa.org/places/501523,https://www.geonames.org/735861,Anna Komnene,270.77,"Christoupolis (Kavalla, Macedonia): had two estates at Christoupolis",Does not specify presence,,,,
Maria,62,432885,Constantinople: Petrion,,,Anna Komnene,68.8,Constantinople: Petrion: was confined with the Komnenian women in the monastery of Petrion,Specifies presence,,,,
Maria,62,432896,Constantinople: Kosmidion,,,Anna Komnene,69.29,Constantinople: Kosmidion: was found by the Komnenians as they escaped at Kosmidion,Specifies presence,,,,
Maria,106,226423,Cappadocia,,,Boilas,21.35,"Cappadocia: abandoned together with her parents and siblings (<Eustathios 105>, <Anna 102>, <Eirene 102>, <Romanos 106>) Cappadocia",Specifies presence,,,,
Maria,106,226455,Bouzina (Mesopotamia),,,Boilas,23.98,Bouzina (Mesopotamia): received as part of her dowry from her father <Eustathios 105> half of his property of Bouzina (Mesopotamia),Does not specify presence,,,,
Maria,106,226463,Paraboniou (Mesopotamia),,,Boilas,25174,Paraboniou (Mesopotamia): was bequeathed by her father (<Eustathios 105>) his estate of Paraboniou (Mesopotamia),Does not specify presence,,,,
Maria,64,373962,Constantinople: Hagios Mamas,,,Eustathios Romaios,"Peira, 15.16","Constantinople: Hagios Mamas: received, as payment of debt, the monastery of  Hagios Mamas",Does not specify presence,,,,
Maria,101,227392,Constantinople: Myrelaion,,,Glykas,604.2,Constantinople: Myrelaion: led an ascetic life at the monastery of  Myrelaion,Specifies presence,,,,
Maria,110,339651,Athos: Iveron,https://pleiades.stoa.org/places/501365,https://www.geonames.org/736092,Lavra,204.9,Athos: Iveron: donated some fields (at Kamena) to (the monastery of)  Iveron,Does not specify presence,,,,
Maria,64,229833,Pausolype (near Mount Galesion),,,Lazaros of Galesion,584E,Pausolype (near Mount Galesion): granted 720 nomismata to <Lazaros 104> which were used for the construction of (the monastery at) Pausolype (near Mount Galesion),Does not specify presence,,,,
Maria,64,379679,Mitylene,https://pleiades.stoa.org/places/550763,,Psellos,Poema 17.61-70,Mitylene: she followed Konstantinos IX to exile in Mitylene,Specifies presence,,,,
Maria,104,342124,Paphlagonia,,,Psellos: Chronographia,IV 12.8,Paphlagonia: hailed form Paphlagonia,Does not specify presence,,,,
Maria,64,248553,Constantinople: Great Palace,,,Psellos: Chronographia,VI 58.1,Constantinople: palace: was introduced into  palace,Specifies presence,,,,
Maria,64,248554,Constantinople: Great Palace,,,Psellos: Chronographia,VI 59.2,Constantinople: palace: was brought into  palace,Specifies presence,,,,
Maria,64,248557,Constantinople: Hippodrome,https://pleiades.stoa.org/places/773739435,,Psellos: Chronographia,VI 61.6-10,Constantinople: Hippodrome: went in procession to the Hippodrome,Specifies presence,,,,
Maria,64,417047,Constantinople: Mangana,,,Seals,,"Constantinople: Mangana, St Georgios the Tropaiophoros: possessed  Mangana, St Georgios the Tropaiophoros",Specifies presence,,,,
Maria,61,232951,Princes' Islands: Prinkipo,,https://www.geonames.org/750249,Synod of 1094,139.22,Princes' Islands: Prinkipo: resided on the small island of  Prinkipo,Specifies presence,,,,
Maria,104,246923,Ephesos,https://pleiades.stoa.org/places/599612,,Zonaras,17.15.29,Went to Ephesos because of a vow,Specifies presence,,,,
Maria,64,246958,Mitylene,https://pleiades.stoa.org/places/550763,,Zonaras,17.21.17,Mitylene: was brought back from Mitylene,Does not specify presence,,,,
Maria,64,246994,Constantinople: Kynegion,,,Zonaras,17.27.18,Constantinople: Kynegion: resided at  Kynegion (house of the),Specifies presence,,,,
Maria,61,247103,Alania,,,Zonaras,"18.17.7, 18.19.10, 18.21.16",Alania: was from Alania,Specifies presence,,,,
Maria,61,,,,,Zonaras,18.18.12,Constantinople: Blachernai: had fled for refuge to the palace at Blachernai,Specifies presence,,,,
Maria,61,247175,Constantinople: Great Palace,,,Zonaras,18.21.16,Constantinople: Great Palace: moved out of  Palace,Specifies presence,,,,
Maria,61,247180,Constantinople: Mangana,,,Zonaras,18.21.16-17,Constantinople: Mangana: lived in the palace at the monastery of Mangana (palace),Specifies presence,,,,
Maria,61,247177,Constantinople: Mangana,,,Zonaras,18.21.17,Constantinople: Mangana: had already received the palace at the monastery of Mangana (palace),Specifies presence,,,,
Maria,61,247179,Constantinople: Hebdomon (monastery),,,Zonaras,18.21.17,Constantinople: Hebdomon (monastery): had already received  Hebdomon (monastery),Does not specify presence,,,,
Meletios,102,225912,Herakleia (Thrace?),,,Alexios Stoudites,"19.12, 26.4",Herakleia (Thrace?): was metropolitan of Herakleia (Thrace?),Dignity,,,,
Meletios,103,229634,"Galesion, Mount: Theotokos",,,Lazaros of Galesion,525C,"Galesion, Mount: Theotokos: went to seek a blessing from <Lazaros 104> at the pillar of the  Theotokos",Specifies presence,,,,
Meletios,103,229633,"Galesion, Mount: Saviour",,,Lazaros of Galesion,525D,"Galesion, Mount: Saviour: with the blessing of <Lazaros 104> reached safely (the monastery of) the  Saviour",Specifies presence,,,,
Meletios,104,229732,Kyr Loukas (near Mount Galesion),,,Lazaros of Galesion,550A,Kyr Loukas (near Mount Galesion): settled at the village of Kyr Loukas (near Mount Galesion),Specifies presence,,,,
Meletios,104,229733,Bessai (near Ephesos),,,Lazaros of Galesion,550C,Bessai (near Ephesos): died at the monastery of Bessai (near Ephesos),Specifies presence,,,,
Menas,102,229647,Samakion (near Galesion),,,Lazaros of Galesion,529F,Samakion (near Galesion): was a priest in the village of Samakion (near Galesion),Dignity,,,,
Merkourios,103,229757,"Galesion, Mount: Petra",,,Lazaros of Galesion,561E,"Galesion, Mount: Petra: lived as a stylite on a pillar at  Petra",Specifies presence,,,,
Methodios,102,229769,Magnesia (on Meander),https://pleiades.stoa.org/places/599778,,Lazaros of Galesion,570C,Magnesia (on Meander): went with <Barnabas 101> to Magnesia (on Meander),Specifies presence,,,,
Methodios,102,229770,Magnesia (on Meander),https://pleiades.stoa.org/places/599778,,Lazaros of Galesion,570D,Magnesia (on Meander): fled again after poisoning <Ignatios 107> to Magnesia (on Meander),Specifies presence,,,,
Metrophanes,101,376045,Athos: Thessalonikeos,https://pleiades.stoa.org/places/501365,,Dionysiou,40.7,"Athos, Mount: Thessalonikeos: was hegoumenos of  Thessalonikeos",Dignity,,,,
Metrophanes,101,376053,Kassandra (Chalkidike),,,Dionysiou,41.21,Kassandra (Chalkidike): was ceded by <Konstantinos 251> the eastern half of a disputed property on Kassandra (Chalkidike),Does not specify presence,,,,
Metrophanes,101,395434,Athos: Thessalonikeos,https://pleiades.stoa.org/places/501365,,Xeropotamou,58.24,Athos: Thessalonikeos: was hegoumenos of the monastery of Hagios Panteleemon  Thessalonikeos,Dignity,,,,
Michael,106,225904,Euchaïta,https://pleiades.stoa.org/places/857120,,Alexios Stoudites,"11.31, 19.1, 26.2",Euchaïta: was metropolitan of Euchaïta,Dignity,,,,
Michael,109,225913,Ankyra,https://pleiades.stoa.org/places/619103,,Alexios Stoudites,"19.13, 26.6",Ankyra: was metropolitan of Ankyra,Dignity,,,,
Michael,205,225918,Amaseia,https://pleiades.stoa.org/places/857018,,Alexios Stoudites,"19.18, 26.8",Amaseia: was metropolitan of Amaseia,Dignity,,,,
Michael,206,225923,Myra (Lycia),https://pleiades.stoa.org/places/639005,,Alexios Stoudites,19.24,Myra (Lycia): was metropolitan of Myra (Lycia),Dignity,,,,
Michael,207,225929,Athens,https://pleiades.stoa.org/places/579885,,Alexios Stoudites,19.30,Athens: was metropolitan of Athens,Dignity,,,,
Michael,208,225937,Kotyaion (Phrygia),https://pleiades.stoa.org/places/609444,,Alexios Stoudites,"20.4, 26.24",Kotyaion (Phrygia): was metropolitan of Kotyaion (Phrygia),Dignity,,,,
Michael,210,225971,Kamachos (Anzitene),,,Alexios Stoudites,26.33,Kamachos (Anzitene): was metropolitan of Kamachos (Anzitene),Dignity,,,,
Michael,211,225979,Leontopolis,https://pleiades.stoa.org/places/857381,,Alexios Stoudites,27.10,Leontopolis: was archbishop of Leontopolis,Dignity,,,,
Michael,207,226016,Athens,https://pleiades.stoa.org/places/579885,,Alexios Stoudites,"Ralles-Potles V, 36",Athens: sent to the patriarch (<Alexios 11>) a letter concerning a disputed marriage from Athens,Specifies presence,,,,
Michael,272,433139,Cappadocia,,,Anna Komnene,110.18,Cappadocia: was a local commander in Cappadocia,Dignity,,,,
Michael,272,433140,Choma,,,Anna Komnene,110.18-19,Choma: was the local commander of Choma,Dignity,,,,
Michael,121,434047,Choirenoi,,,Anna Komnene,243.23,Choirenoi: was charged with the crossing of the infantry and cavalry over the pontoon bridge at Choirenoi,Does not specify presence,,,,"I don't see anywhere in this passage that it was Michael connected to Choirenoi. Michael comes only later on the same page, but this reference (243.23) is incorrect."
Michael,101,432839,Dalmatia,,,Anna Komnene,53.33,Dalmatia: was ruler of Dalmatia,Dignity,,,,
Michael,202,254190,Raidestos (Thrace),https://pleiades.stoa.org/places/511187,,Attaleiates: Diataxis,39360,Raidestos (Thrace): founded a poorhouse (ptochotropheion) at Raidestos (Thrace),Does not specify presence,,,,
Michael,202,254197,Constantinople: Hagios Georgios Kyparissiou,,,Attaleiates: Diataxis,45450,Constantinople: Hagios Georgios Kyparissiou: left an allowance to the clergy of  Hagios Georgios Kyparissiou,Does not specify presence,,,,
Michael,202,254202,Raidestos: Hagios Georgios,,,Attaleiates: Diataxis,47508,Raidestos: Hagios Georgios: held a charistikion for 2 people and instituted an annual grant of 3 nomismata for the monastery of  Hagios Georgios,Does not specify presence,,,,
Michael,202,254208,Raidestos: Prodromos,,,Attaleiates: Diataxis,49524,Raidestos: Prodromos: instituted an annual grant of 1 nomisma trachy for the church of  Prodromos,Does not specify presence,,,,
Michael,202,254209,Raidestos: Theotokos Eleousa,,,Attaleiates: Diataxis,49525,Raidestos: Theotokos Eleousa: instituted an annual grant of 1 nomisma for the church of  Theotokos Eleousa,Does not specify presence,,,,
Michael,202,254210,Raidestos: Archangel,,,Attaleiates: Diataxis,49526,Raidestos: Archangel: instituted an annual grant of 1 nomisma for the church of the  Archangel,Does not specify presence,,,,
Michael,202,254211,Raidestos (Thrace),https://pleiades.stoa.org/places/511187,,Attaleiates: Diataxis,49531,Raidestos (Thrace): ordained that a refuge for pilgrims should be built in his aule at Raidestos (Thrace),Does not specify presence,,,,
Michael,202,254217,Bandophoros,,,Attaleiates: Diataxis,123.1717,Bandophoros: owned the estate of Bandophoros,Does not specify presence,,,,
Michael,202,254218,Koukos,https://pleiades.stoa.org/places/501479,,Attaleiates: Diataxis,123.1718,Koukos: owned the estate of Koukos,Does not specify presence,,,,
Michael,202,254221,Leuke ton Armenion,,,Attaleiates: Diataxis,123.1720,Leuke ton Armenion: owned the estate of Leuke ton Armenion,Does not specify presence,,,,
Michael,202,254222,Phletra,,,Attaleiates: Diataxis,123.1721,Phletra: owned an estate with a miraculous fountrain at Phletra,Does not specify presence,,,,
Michael,202,254219,Tzachnistai (?),,,Attaleiates: Diataxis,123.17.19,Tzachnistai (?): owned the estate of Tzachnistai (?),Does not specify presence,,,,
Michael,202,254220,Hagia Helene,,,Attaleiates: Diataxis,123.1719-1720,Hagia Helene: owned the estate of Hagia Helene,Does not specify presence,,,,
Michael,202,254180,Raidestos (Thrace),https://pleiades.stoa.org/places/511187,,Attaleiates: Diataxis,23.85,Raidestos (Thrace): decided to consecrate to God one of his properties at Raidestos (Thrace),Does not specify presence,,,,
Michael,202,254188,Raidestos (Thrace),https://pleiades.stoa.org/places/511187,,Attaleiates: Diataxis,29.188-189,Raidestos (Thrace): owned a house with a chapel at Raidestos (Thrace),Does not specify presence,,,,
Michael,202,254189,Constantinople: Panoiktirmon,,,Attaleiates: Diataxis,39.358-359,Constantinople: Panoiktirmon: founded the monastery of the poorhouse of  Christ Panoiktirmon,Does not specify presence,,,,
Michael,202,254191,Mesokomion,,,Attaleiates: Diataxis,"43.429, 47.482-483",Mesokomion: purchased and then bequeathed to Panoiktirmon and to his son estates at Mesokomion,Does not specify presence,,,,
Michael,202,254195,Sely(m)bria (Thrace),https://pleiades.stoa.org/places/511414,,Attaleiates: Diataxis,"43.433, 47.487",Sely(m)bria (Thrace): owned rental properties at Sely(m)bria (Thrace),Does not specify presence,,,,
Michael,202,254194,Raidestos (Thrace),https://pleiades.stoa.org/places/511187,,Attaleiates: Diataxis,43.434-436,Raidestos (Thrace): erected buildings on land bought from the fisc outside the western gate of the kastron of Raidestos (Thrace),Does not specify presence,,,,
Michael,202,254193,Raidestos (Thrace),https://pleiades.stoa.org/places/511187,,Attaleiates: Diataxis,"43.434, 47.487-488",Raidestos (Thrace): owned rental properties outside the western gate of the kastron of Raidestos (Thrace),Does not specify presence,,,,
Michael,202,254198,Constantinople: Hagios Georgios Kyparissiou,,,Attaleiates: Diataxis,45.450-451,Constantinople: Hagios Georgios Kyparissiou: bequeathed to his heirs his sepulchre at  Hagios Georgios Kyparissiou,Does not specify presence,,,,
Michael,202,254201,Raidestos (?): Hagios Nikolaos Phalkon,,,Attaleiates: Diataxis,47.507-508,Raidestos (?): Hagios Nikolaos Phalkon: instituted an annual grant of 3 nomismata to the monastery of  Hagios Nikolaos Phalkon,Does not specify presence,,,,
Michael,202,254205,Raidestos: Hagios Prokopios,,,Attaleiates: Diataxis,47.511-515,"Raidestos: Hagios Prokopios: rebuilt, was charistikarios together with his son <Theodoros 176>, and instituted an annual grant for the nunnery of  Hagios Prokopios",Does not specify presence,,,,
Michael,202,254207,Raidestos: Theotokos of Daphne,,,Attaleiates: Diataxis,49.515-516,Raidestos: Theotokos of Daphne: instituted an annual grant of 2 nomismata for the nunnery of  Theotokos of Daphne,Does not specify presence,,,,
Michael,204,254213,Constantinople: Panoiktirmon,,,Attaleiates: Diataxis,"95.1273-1275, 123.1723-125.1731",Constantinople: Panoiktirmon: donated books to the monastery of  Christ Panoiktirmon,Does not specify presence,,,,
Michael,204,254212,Constantinople: Panoiktirmon,,,Attaleiates: Diataxis,"95.1275, 123.171723-1724",Constantinople: Panoiktirmon: was hegoumenos of the monastery of  Christ Panoiktirmon,Does not specify presence,,,,
Michael,4,234425,Constantinople: Kosmidion,,,Attaleiates: History,10.18-19 / 9.3,Constantinople: Kosmidion: was buried at the monastery of  Kosmas and Damianos,Specifies presence / Specifies presence near,,,,"περί means 'by' or 'near' the monastery so it might be near, not in. Also, Attaleiates calls this monasteri 'Agioi Anargyroi', that are Cosmas and Damianos, but still, PBW should state the name as it is in the source, and it is not Kosmidion."
Michael,4,234424,Serdica (Bulgaria),https://pleiades.stoa.org/places/207439,,Attaleiates: History,10.5 / 8.2,Serdica (Bulgaria): marched against the Bulgarian rebels through Serdica (Bulgaria),Specifies presence,J 1040 [TPQ],Editor,,
Michael,4,234423,Illyricum,https://pleiades.stoa.org/places/481865,,Attaleiates: History,10.5 / 8.3,Illyricum: advanced to Serdica and invaded and conquered Illyricum,Specifies presence,,,,
Michael,7,234533,Constantinople: Hagia Sophia,https://pleiades.stoa.org/places/307220778,,Attaleiates: History,100.2-3 / 75.15-16,Constantinople: Hagia Sophia: joined his mother in a customary imperial procession to the great temple of  Hagia Sophia,Specifies presence,,,,
Michael,202,234575,Artah (Syria),,,Attaleiates: History,118.23 / 90.4,Artah: reached together with the Roman army the fort of Artah,?,,,,Attaleiates does not mention this person in this passage at all.
Michael,202,234582,Taurus (Cilicia),https://pleiades.stoa.org/places/648792,,Attaleiates: History,120.19 / 91.16,Taurus (Cilicia): escaped from danger when his horse fell into a ravine while crossing the Taurus (Cilicia),,,,,
Michael,5,234429,Constantinople: Holy Apostles,,,Attaleiates: History,13.6-7 / 11.3,Constantinople: Holy Apostles: returned after the procession to the palace from the great church of the  Holy Apostles,Does not specify presence,,,,At this section Michael is not present in the church.
Michael,5,234428,Constantinople: Great Palace,,,Attaleiates: History,13.7 / 11.3,Constantinople: palace: returned after the procession from the Holy Apostles to the  palace,Specifies presence,,,,
Michael,202,234596,Chliat,,https://www.geonames.org/325103,Attaleiates: History,131.2 / 98.22,Chliat: suggested to <Romanos 4> to besiege and capture the city of Chliat,Does not specify presence,,,,
Michael,202,234649,Mantzikert,,https://www.geonames.org/304916,Attaleiates: History,152.17-18 / 114.3,Mantzikert: was present at the siege and surrender of Mantzikert,Specifies presence near,,,,This entire section in Attaleiates is taking place at the Roman camp *outside* the walls of Manzikert.
Michael,202,234657,Trebizond,https://pleiades.stoa.org/places/857359,,Attaleiates: History,167.5 / 124.5,Trebizond: after the defeat at Mantzikert fled to and then sailed from Trebizond,Specifies presence,,,,
Michael,7,234671,"Constantinople: Great Palace, Chrysotriklinos",,,Attaleiates: History,169.1 / 125.12,"Constantinople: Great Palace, Chrysotriklinos: was placed on the imperial throne in the  Great Palace, Chrysotriklinos",Specifies presence,,,,
Michael,5,234438,Constantinople: Sigma,,,Attaleiates: History,17.11 / 14.5,Constantinople: Sigma: was thrown off the mule his was riding and blinded at  Sigma,Specifies presence,,,,
Michael,5,234435,Constantinople: Great Palace,,,Attaleiates: History,17.4 / 13.24,Constantinople: Great Palace: was attacked by <Theodora 1>'s supporters and forced to flee from the  Great Palace,Specifies presence,,,,
Michael,5,234436,Constantinople: Stoudios,,,Attaleiates: History,17.5 / 13.25,Constantinople: Stoudios: fled from the Great Palace to the sanctuary in the monastery of  Stoudios,Specifies presence,,,,
Michael,5,234437,Constantinople: Stoudios,,,Attaleiates: History,17.5 / 13.25,Constantinople: Stoudios: was dragged out of the sanctuary where he had sought refuge in the monastery of  Stoudios,Specifies presence,,,,
Michael,5004,234717,Nikomedeia,https://pleiades.stoa.org/places/511337,,Attaleiates: History,181.4 / 134.2,Nikomedeia: hailed from Nikomedeia,Specifies presence,,,,
Michael,7,234746,Constantinople: Great Palace,,,Attaleiates: History,192.5 / 141.28,Constantinople: Great Palace: summoned the senate in the  Great Palace,Specifies presence,,,,
Michael,202,234770,Crete,https://pleiades.stoa.org/places/589748,,Attaleiates: History,228.16 / 166.14,Crete: saw the church built by Nikephoros Phokas when he visited Crete,Specifies presence,,,,
Michael,202,234775,Raidestos (Thrace),https://pleiades.stoa.org/places/511187,,Attaleiates: History,244.6 / 176.19,Raidestos (Thrace): visited the estates he owned at Raidestos (Thrace),Specifies presence,,,,
Michael,202,234778,Raidestos (Thrace),https://pleiades.stoa.org/places/511187,,Attaleiates: History,245.10 / 177.14,Raidestos (Thrace): decided to leave and was eventually allowed to get out of Raidestos (Thrace),Specifies presence,,,,
Michael,202,234780,Constantinople: Great Palace,,,Attaleiates: History,246.2 / 177.26,Constantinople: palace: upon his arrival in the city went to see <Nikephoros 63> at the  palace,Specifies presence,,,,
Michael,7,234813,Constantinople: Great Palace,,,Attaleiates: History,260.14 / 187.12,Constantinople: palace: carried the holy vessels he confiscated from churches to the  palace,Specifies presence,,,,
Michael,7,234819,Nicaea,https://pleiades.stoa.org/places/511268,,Attaleiates: History,265.3-4 / 190.11-12,Nicaea: sent mercenary troops to defend Nicaea,Does not specify presence,,,,
Michael,7,234832,Constantinople: Stoudios,,,Attaleiates: History,270.22 / 194.5,Constantinople: Stoudios: was forced to take the monastic habit in the monastery of  Stoudios,Does not specify presence,,,,"At this point Michael VII was in Blachernae, and even later in the text Michael is still in Blachernae, not in Stoudios."
Michael,195,234843,Neokaisareia,https://pleiades.stoa.org/places/614769,,Attaleiates: History,278.19 / 200.4,Neokaisareia: was bishop of Neokaisareia,Dignity,,,,
Michael,195,234844,Euxeinos Pontos,,,Attaleiates: History,279.13 / 200.17,Euxeinos Pontos: died in a fort for outcasts by the mouth of the Euxeinos Pontos,Specifies presence / Specifies presence near,,,,
Michael,5005,234851,Nikomedeia,https://pleiades.stoa.org/places/511337,,Attaleiates: History,296.22 / 212.12,Nikomedeia: hailed from Nikomedeia,Does not specify presence,,,,
Michael,7,234861,Ephesos,https://pleiades.stoa.org/places/599612,,Attaleiates: History,303.14 / 217.6,Ephesos: was appointed metropolitan of Ephesos,Dignity,,,,
Michael,118,234461,"Rentakion, Mount",,,Attaleiates: History,36.16 / 28.14,"Rentakion, Mount: attacked the Pechenegs and his troops pursued them up to Mount Rentakion",Specifies presence,,,,
Michael,118,234462,Toplitzos (Thrace),https://pleiades.stoa.org/places/729073,,Attaleiates: History,36.22 / 28.18,Toplitzos (Thrace): marched against the Pechenegs to defend Toplitzos (Thrace),Specifies presence,J 1051-1052,Other,"K&K, n. 69.",
Michael,118,234460,Charioupolis,https://pleiades.stoa.org/places/511206,,Attaleiates: History,36.3-4 / 28.3,Charioupolis: pitched his camp outside the castle of Charioupolis,Specifies presence near,,,,
Michael,118,234464,Haimos,https://pleiades.stoa.org/places/216830,,Attaleiates: History,37.17-21 / 29.8,Haimos: on his way to attack the Pechenegs crossed the Haimos,Specifies presence,,,,
Michael,118,234465,Preslav (Great),,,Attaleiates: History,37.21 / 29.10,Preslav (Great): spent a day preparing for war against the Pechenegs near Preslav (Great),Specifies presence,,,,
Michael,118,234463,Sidera (Haimos),,https://www.geonames.org/734313,Attaleiates: History,37.6-7 / 28.23,Sidera (Haimos): made secure from Pecheneg raids the land this side of the (pass of) Sidera (Haimos),Specifies presence,,,,
Michael,11,234478,Constantinople: Hagia Sophia,https://pleiades.stoa.org/places/307220778,,Attaleiates: History,57.17 (56.22) / 43.20 (43.6),Constantinople: Hagia Sophia: acting as arbitrator between emperor and rebels went into the sanctuary of  Hagia Sophia,Specifies presence,,,,
Michael,11,234482,Constantinople: Hagia Sophia,https://pleiades.stoa.org/places/307220778,,Attaleiates: History,59.20 / 46.4-5,Constantinople: Hagia Sophia: crowned Komnenos (<Isaakios 1>) in  Hagia Sophia,Specifies presence,"J 1057, September 1-4",Other,"K&K, n 106.",Early September in the eleventh indiction
Michael,7,234499,Constantinople: Mangana,,,Attaleiates: History,"71.23, 73.18 / 55.2, 56.8",Constantinople: Mangana: followed his parents onto a ship at the coast near  Mangana,Specifies presence near,"J 1060, April 23",Other,"K&K, n. 133",Easter after the feast day of Saint Gregorios.
Michael,4,234420,Paphlagonia,,,Attaleiates: History,8.19-20 / 7.2,Paphlagonia: was a native of the province of Paphlagonia,Does not specify presence,,,,
Michael,4,234421,Thessalonike,https://pleiades.stoa.org/places/491741,,Attaleiates: History,9.19 / 7.19,Thessalonike: was chased away by the Bulgarian rebels while staying in the region of Thessalonike,Specifies presence near,,,,
Michael,140,226444,Ophidobouni (Mesopotamia),,,Boilas,22.64,Ophidobouni (Mesopotamia): requested from and was ceded by <Eustathios 105> Boilas the chorion of Ophidobouni (Mesopotamia),Does not specify presence,,,,
Michael,140,226447,Kousneria (Mesopotamia),,,Boilas,22.65,Kousneria (Mesopotamia): requested from and was ceded by <Eustathios 105> Boilas the property of Kousneria (Mesopotamia),Does not specify presence,,,,
Michael,140,226448,Kalmouche (Mesopotamia),,,Boilas,22.65,Kalmouche (Mesopotamia): requested from and was ceded by <Eustathios 105> Boilas the property of Kalmouche (Mesopotamia),Does not specify presence,,,,
Michael,141,226458,Isaiou (Mesopotamia),,,Boilas,23109,Isaiou (Mesopotamia): purchased for 5 pounds from his father-in-law <Eustathios 105> his chorion of Isaiou (Mesopotamia),Does not specify presence,,,,
Michael,142,226466,Tantzouten (Mesopotamia),,,Boilas,27212,Tantzouten (Mesopotamia): was dedicated by <Eustathios 105> to the church of the Theotokos at Tantzouten (Mesopotamia),Does not specify presence,,,,
Michael,131,225011,Pompeioupolis (Paphlagonia),https://pleiades.stoa.org/places/845041,,Chrysobull of 1079,31.29,Pompeioupolis (Paphlagonia): was metropolitan of Pompeioupolis (Paphlagonia),Dignity,,,,
Michael,196,224994,Thessalonike,https://pleiades.stoa.org/places/491741,,Chrysobull of 1079,31.12,Thessalonike: was metropolitan of Thessalonike,Dignity,,,,
Michael,198,224999,Synada (Phrygia),https://pleiades.stoa.org/places/609538,,Chrysobull of 1079,31.18,Synada (Phrygia): was metropolitan of Synada (Phrygia),Dignity,,,,
Michael,199,225001,Syllaion (Papmhylia),https://pleiades.stoa.org/places/639109,,Chrysobull of 1079,31.19,Syllaion (Papmhylia): was metropolitan of Syllaion (Papmhylia),Dignity,,,,
Michael,200,225015,Leontopolis,https://pleiades.stoa.org/places/857381,,Chrysobull of 1079,31.33,Leontopolis: was archbishop of Leontopolis,Dignity,,,,
Michael,207,373990,Athens,https://pleiades.stoa.org/places/579885,,Eustathios Romaios,"Ralles-Potles V, 24, 32, 36",Athens: was metropolitan of Athens,Dignity,,,,
Michael,4,227320,Paphlagonia,,,Glykas,459,Paphlagonia: hailed from Paphlagonia,Does not specify presence,,,,
Michael,4,227333,"Constantinople: Great Palace, Chrysotriklinos",,,Glykas,585.13,"Constantinople: Great Palace, Chrysotriklinos: was presented by <Zoe 1> to the patriarch <Alexios 11> in the  Great Palace, Chrysotriklinos",Specifies presence,,,,
Michael,4,227345,Thessalonike,https://pleiades.stoa.org/places/491741,,Glykas,588.20,Thessalonike: went to pray at the tomb of Demetiros in Thessalonike,Specifies presence,,,,
Michael,5,227346,Princes' Islands: Prinkipo,,https://www.geonames.org/750249,Glykas,590.19,Princes' Islands: Prinkipo: banished <Zoe 1> to  Prinkipo,Does not specify presence,,,,
Michael,5,227349,Constantinople: Stoudios,,,Glykas,"591.17, 592.7",Constantinople: Stoudios: decided to flee to the monastery of  Stoudios,Does not specify presence,,,,
Michael,5,227352,Constantinople: Stoudios,,,Glykas,592.16,Constantinople: Stoudios: sought refuge in the sanctuary but was dragged out of the church at  Stoudios,Specifies presence,,,,
Michael,5,227353,Constantinople: Sigma,,,Glykas,592.18,Constantinople: Sigma: was blinded at the  Sigma,Specifies presence,,,,
Michael,7,227422,Constantinople: Stoudios,,,Glykas,616.5,Constantinople: Stoudios: was tonsured and taken to the monastery of  Stoudios,Specifies presence,,,,
Michael,7,227423,Ephesos,https://pleiades.stoa.org/places/599612,,Glykas,617.6,Ephesos: was elected archpriest but visited Ephesos only once,Specifies presence,,,,
Michael,7,227424,Constantinople: Manuel,,,Glykas,617.6-7,Constantinople: Manuel: lived and worked in the monastery of  Manuel,Specifies presence,,,,
Michael,108,227322,Antioch (on the Orontes),https://pleiades.stoa.org/places/658381,,Glykas,581.6,Antioch (on the Orontes): served as ruler of Antioch (on the Orontes),Dignity,,,,
Michael,114,227360,Dyrrachion,https://pleiades.stoa.org/places/573193,,Glykas,594.5,Dyrrachion: served as governor (doux?) of Dyrrachion,Dignity,,,,
Michael,114,227361,Triballos (western Balkans),https://pleiades.stoa.org/places/482023,,Glykas,594.5-6,Triballos (western Balkans): marched to attack the Serbs in Triballos (western Balkans),Specifies presence,,,,
Michael,130,444385,Laodikeia (Phrygia),https://pleiades.stoa.org/places/638955,,Italos trial,"ll. 70, 414",Laodikeia (Phrygia): was metropolitan of Laodikeia (Phrygia),Dignity,,,,
Michael,198,444417,Synada (Phrygia),https://pleiades.stoa.org/places/609538,,Italos trial,l. 71,Synada (Phrygia): was metropolitan of Synada (Phrygia),Dignity,,,,
Michael,4,227987,Bulgaria,,,Kekaumenos,118.36,Bulgaria: led a campaign against Bulgaria,Does not specify presence,,,,
Michael,4,227988,"Triaditza (Serdica, Bulgaria)",https://pleiades.stoa.org/places/207439,,Kekaumenos,120.1,"Triaditza (Serdica, Bulgaria): advanced to Triaditza (Serdica, Bulgaria)",Specifies presence near,,,,
Michael,4,227989,Boianos (Bulgaria),,https://www.geonames.org/732995,Kekaumenos,120.1,Boianos (Bulgaria): captured Boianos (Bulgaria),Specifies presence,,,,
Michael,4,228044,Paphlagonia,,,Kekaumenos,236.15,Paphlagonia: hailed from Paphlagonia,Does not specify presence,,,,
Michael,114,227965,Dyrrachion,https://pleiades.stoa.org/places/573193,,Kekaumenos,104.14,Dyrrachion: served as katepano of Dyrrachion,Dignity,,,,
Michael,114,227966,Diokleia,https://pleiades.stoa.org/places/481808,,Kekaumenos,104.17,Diokleia: raided Diokleia,Specifies presence / Specifies presence near,,,,
Michael,5,228403,Constantinople: Sigma,,,Kleinchroniken,"142.66, 159.10, 166.12",Constantinople: Sigma: was dragged by the mob and was blinded by <Nikephoros 141> by the column at the  Sigma,Specifies presence,,,,
Michael,5,228404,Constantinople: Stoudios,,,Kleinchroniken,"142.66, 159.10, 166.12",Constantinople: Stoudios: sought refuge and was tonsured at the monastery of  Stoudios,Specifies presence,,,,
Michael,5,228406,Princes' Islands: Prinkipo,,https://www.geonames.org/750249,Kleinchroniken,166.12,Princes' Islands: Prinkipo: banished <Zoe 1> to the island of  Prinkipo,Specifies presence,,,,
Michael,7,228421,Constantinople: Great Palace,,,Kleinchroniken,161.20,Constantinople: Great Palace: removed his mother <Eudokia 1> from the  Great Palace,Specifies presence,,,,
Michael,7,228422,Constantinople: Stoudios,,,Kleinchroniken,"145.76, 161.21",Constantinople: Stoudios: was banished to the monastery of  Stoudios,Specifies presence,,,,
Michael,7,228423,Ephesos,https://pleiades.stoa.org/places/599612,,Kleinchroniken,"145.76, 161.21",Ephesos: became metropolitan of Ephesos,Dignity,,,,
Michael,7,228424,Rouphinianai (on Bosporos),https://pleiades.stoa.org/places/521141,,Kleinchroniken,161.21,Rouphinianai (on Bosporos): was ordained metropolitan by the patriarch <Kosmas 11> at the monastery of the Theotokos at Rouphinianai (on Bosporos),Specifies presence,,,,
Michael,121,255169,Derkos (Thrace): Christ Saviour,,,Kyrillos Phileotes,212,Derkos (Thrace): Christ Saviour: arrived late at night at the monastery of  Christ Saviour,Specifies presence,,,,
Michael,6,339636,Athos: Great Lavra,https://pleiades.stoa.org/places/501365,https://www.geonames.org/735148,Lavra,194.32,Athos: Great Lavra: granted an annual donation of 3 pounds (of gold) to the monastery of  Great Lavra,Does not specify presence,,,,
Michael,6,339637,"Athos, Mount",https://pleiades.stoa.org/places/501365,,Lavra,194.29,"Athos, Mount: made an annual donation of 10 pounds (of gold) to the monasteries of Athos, Mount",Does not specify presence,,,,
Michael,143,339622,Athos: Hagios Petros,https://pleiades.stoa.org/places/501365,,Lavra,186.31,Athos: Hagios Petros: was hegoumenos of the monastery of  Hagios Petros,Dignity,,,,
Michael,5,229708,Constantinople: Hippodrome,https://pleiades.stoa.org/places/773739435,,Lazaros of Galesion,540A,Constantinople: Hippodrome: caused the killing of many in the  Hippodrome,Specifies presence,,,,
Michael,5,229709,Constantinople: Sigma,,,Lazaros of Galesion,540A,Constantinople: Sigma: was blinded at the  Sigma,Specifies presence,,,,
Michael,214,229817,Ephesos,https://pleiades.stoa.org/places/599612,,Lazaros of Galesion,581F,Ephesos: inspected the pillar of <Lazaros 104> and returned to Ephesos,Specifies presence,,,,
Michael,103,396284,Sicily,https://pleiades.stoa.org/places/462492,,Lupus protospatharius,58.14,Sicily: came to S Italy from Sicily,Specifies presence,J 1042,Source,,
Michael,103,396286,Bari (Apulia),https://pleiades.stoa.org/places/442500,,Lupus protospatharius,58.17-18,Bari: after a second unsuccessful battle with the Normans fled to Bari,Specifies presence,J 1042,Source,,
Michael,108,396277,Sicily,https://pleiades.stoa.org/places/462492,,Lupus protospatharius,58.7,Sicily: with <Georgios 62> Maniakes he crossed the strait to Sicily,Specifies presence,J 1042,Source,,
Michael,209,396273,Anatolikon,,,Lupus protospatharius,58.1,Anatolikon: brought with him troops from Anatolikon,Specifies presence,,,,
Michael,4,440762,Paphlagonia,,,"Manasses, Chronicle",5983,Paphlagonia: hailed from Paphlagonia,Does not specify presence,,,,
Michael,7,441019,Ephesos,https://pleiades.stoa.org/places/599612,,"Manasses, Chronicle",6573,Ephesos: was metropolitan (archbishop) of Ephesos,Dignity,,,,
Michael,7,279438,Alopekes (Meander valley),,,Patmos: Acts,2.7.71,Alopekes (Meander valley): granted properties to <Andronikos 61> in the episkepsis of Alopekes (Meander valley),Does not specify presence,"J 1073, February-March",Editor,,"February/March 1073, says the editor Dölger, see the edition, p. 7, n. 1."
Michael,7,279441,Miletos,https://pleiades.stoa.org/places/599799,,Patmos: Acts,2.8.82,Miletos: granted properties to <Andronikos 61> in the episkepsis of Miletos,Does not specify presence,"J 1073, February-March",Editor,,"February/March 1073, says the editor Dölger, see the edition, p. 7, n. 1."
Michael,143,376294,Athos: Hagios Petros,https://pleiades.stoa.org/places/501365,,Protaton,232196,"Athos, Mount: Hagios Petros: was hegoumenos of the monastery of  Hagios Petros",Dignity,,,,
Michael,61,379654,"Olympos, Mount (Bithynia)",https://pleiades.stoa.org/places/511343,,Psellos,Hypomnema 126-127,"Olympos, Mount (Bithynia): left the capital for a visit to Olympos, Mount (Bithynia)",Specifies presence,J 1054,Aleksandar,,The year of Psellos' tonsure.
Michael,11,379651,Constantinople: Hagios Andreas,,,Psellos,Kategoria 1932-2341,Constantinople: Hagios Andreas: destroyed the church of  Hagios Andreas,Specifies presence,,,,
Michael,11,379637,Bosporos,https://pleiades.stoa.org/places/520977,,Psellos,Keroularios 317,Bosporos: was imprisoned on the Bosporos,?,,,,I could not find this information in the text.
Michael,11,379638,Constantinople: Holy Apostles,,,Psellos,Keroularios 344,Constantinople: Holy Apostles: would admire the paintings at the church of the  Holy Apostles,Specifies presence,,,,
Michael,11,379642,Constantinople: Hagia Sophia,https://pleiades.stoa.org/places/307220778,,Psellos,Keroularios 363,Constantinople: Hagia Sophia: faced a dangerous mob in  Hagia Sophia,Specifies presence,,,,
Michael,11,379643,Imbros,,,Psellos,Keroularios 372,Imbros: shortly before his death was imprisoned on Imbros,Specifies presence,,,,
Michael,11,379644,Thrace,,,Psellos,Keroularios 373,Thrace: was to be tried by <Isaakios 1> in a court outside a small town in Thrace,Does not specify presence,,,,
Michael,11,379645,Madytos: Hagios Euthymios,,,Psellos,Keroularios 373-375,Madytos: Hagios Euthymios: kissed the holy tomb and saw a vision at the church of  Hagios Euthymios,Specifies presence,,,,
Michael,61,379932,Antioch (on the Orontes),https://pleiades.stoa.org/places/658381,,Psellos,Letters (Gautier) 15.36-37,Antioch (on the Orontes): was dominant as a teacher iu Antioch (on the Orontes),Does not specify presence,J 1064,Other,Jeffreys,"No, Psellos does not say that he was in Antioch but that his knowledge is superior to Antiocheans, as a figure of speech. Neither Gautier, the editor of the letter, says that Psellos was in Antioch. PBW editor Jeffreys claims that, incorrectly."
Michael,61,379933,Alexandria,https://pleiades.stoa.org/places/727070,,Psellos,Letters (Gautier) 15.36-37,Alexandria: was dominant as a teacher iu Alexandria,Does not specify presence,J 1064,Other,Jeffreys,"No, Psellos does not say that he was in Alexandria but that his knowledge is superior to Alexandrians, as a figure of speech. Neither Gautier, the editor of the letter, says that Psellos was in Alexandria. PBW editor Jeffreys claims that, incorrectly."
Michael,61,379936,Dobrosontos (Boleron),,,Psellos,Letters (Gautier) 20.46,Dobrosontos (Boleron): imagined receiving Elysium instead of Dobrosontos (Boleron),Does not specify presence,,,,Ta Dobrosontos was Psellos' property but there is no confirmation that he was there physically.
Michael,61,379800,Constantinople: Anargyroi,,,Psellos,"Letters (K - D) 12, 14.12-13","Constantinople: Anargyroi: met Romanos, metropolitan of Kyzikos, at the church of the  Anargyroi",Specifies presence,J 1040-1042,Other,"Jeffreys, 2017","Psellos met the bishop in question in the church of st. Anaryroi in 1030 as a young man. Also, there's no indication to speculate that this was Romanos the metropolitan of Kyzikos whatsoever."
Michael,61,379885,Constantinople: Acheiropoietos,,,Psellos,"Letters (K - D) 124, 148.6-149.6",Constantinople: Acheiropoietos: was charistikarios of the  Acheiropoietos,Dignity,,,,
Michael,61,379886,Medikion,,,Psellos,"Letters (K - D) 125, 149.8",Medikion: wrote to Nokolaos 104 about Medikion,Does not specify presence,J 1047-49,Other,"Jeffreys, 2017",
Michael,61,379801,Agros (Bithynia),,,Psellos,"Letters (K - D) 13, 15.23",Agros (Bithynia): claimed connection (as owner rather than as charistikarios?) with property at Agros (Bithynia),Specifies presence,J 1030-1040,Other,"Jeffreys, 2017","Psellos was in Agros, as openly stated, not only claimed connection."
Michael,61,394628,Armeniakon,,,Psellos,"Letters (K - D) 136, 161.14-163.12",Armeniakon: had been krites of Armaniakon,Dignity,,,,
Michael,61,379910,Horaia Pege (Bithynia),,,Psellos,"Letters (K - D) 177, 199.17",Horaia Pege (Bithynia): after illness would again see Horaia Pege (Bithynia),Does not specify presence,1055 [TPQ],Aleksandar,,"1055, when Psellos left Horaia Pege monastery."
Michael,61,379912,Kathara (Opsikion),,,Psellos,"Letters (K - D) 194, 221.18",Kathara (Opsikion): wrote about an icon in the monastery of Kathara (Opsikion),Specifies presence,J 1054-1056,Other,Jeffreys,"Jeffreys dates this 'letter' to 1054-6, though I don't know based on what."
Michael,61,379913,Sakelline,,,Psellos,"Letters (K - D) 201, 229.20",Sakelline: applied for renewal of the sigillion of the convent of Sakelline,Does not specify presence,J 1060-1067,Other,Jeffreys,
Michael,61,379918,Horaia Pege (Bithynia),,,Psellos,"Letters (K - D) 228, 272.7",Horaia Pege (Bithynia): wanted to die at Horaia Pege (Bithynia),Does not specify presence,J 1055-1056,Aleksandar,,"1055-6, right after Psellos left Horaia Pege."
Michael,61,379925,Constantinople: Acheiropoietos,,,Psellos,"Letters (K - D) 250, 299.1-17",Constantinople: Acheiropoietos: owned the monastery of  Acheiropoietos,Does not specify presence,,,,"Psellos was not present in this moment in Acheiropoietos, but it was his monastery in Constantinople so he must have been in the monastery."
Michael,61,379926,Constantinople: Acheiropoietos,,,Psellos,"Letters (K - D) 251, 299.20",Constantinople: Acheiropoietos: supported the monastery of  Acheiropoietos,Does not specify presence,J 1060-1067,Other,Jeffreys,
Michael,61,379705,Megala Kellia (Bithynia),,,Psellos,"Letters (K - D) 273, 318.2-3 (Sathas 36.270, 77.311)",Megala Kellia (Bithynia): had just been given the lavra of Megala Kellia (Bithynia),Does not specify presence,J 1052-1054,Aleksandar,,1052-54 [just before Psellos' tonsure]
Michael,61,394655,Basilaion,,,Psellos,"Letters (K - D) 32, 50.2",Basilaion: had received hospitality at Basilaion,Does not specify presence,J 1064 [TPQ],Other,Papaioannou,Nothing in the text of this letter tells that Psellos was in Basileia at that point. Psellos was in Constantinople receiving letters and presents from Basileia.
Michael,61,379811,Trapeza,,,Psellos,"Letters (K - D) 38, 63.3-4",Trapeza: was arranging a combined charistikion for the monastery of Trapeza,Does not specify presence,J 1060-1067,Other,Jeffreys,
Michael,61,379834,Boukellarion,,,Psellos,"Letters (K - D) 65, 99.5-7",Boukellarion: was krites of Boukellarion,Dignity,,,,
Michael,61,379855,Dobrosontos (Boleron),,,Psellos,"Letters (K - D) 89, 118.16",Dobrosontos (Boleron): was given the monastery of Dobrosontos (Boleron),Does not specify presence,J 1060-1067,Other,Jeffreys,Ta Dobrosontos was Psellos' property but there is no confirmation that he was there physically.
Michael,61,379753,Constantinople: Ta Narsou,,,Psellos,Letters (Sathas) 135.378-379,Constantinople: Ta Narsou: was born and brought up near  Ta Narsou,Specifies presence,,,,
Michael,61,379754,Constantinople: Ta Narsou,,,Psellos,Letters (Sathas) 135.378-379,Constantinople: Ta Narsou: made significant benefactions to the monastery of  Ta Narsou,Specifies presence,,,,
Michael,61,379756,Peiraieus,,,Psellos,Letters (Sathas) 135.378-379,Peiraieus: tried to arrange for the ship of ta Narsou to sail successfully to Peiraieus,Specifies presence,,,,
Michael,61,379761,"Ganos, Mount",https://pleiades.stoa.org/places/511276,,Psellos,Letters (Sathas) 150.398-399,"Ganos, Mount: he wrote to the monks of Ganos, Mount",Does not specify presence,,,,
Michael,61,379776,Caesarea (Cappadocia),https://pleiades.stoa.org/places/629035,,Psellos,Letters (Sathas) 176.455,Caesarea: wrote to three recipients from Caesarea,Does not specify presence,J 1068,Aleksandar,,"In 1068, during the first Anatolian campaign of Romanos IV."
Michael,61,379778,Mountania (Bithynia),,,Psellos,Letters (Sathas) 178.456,Mountania (Bithynia): wanted to invest as charistikarios in Mountania (Bithynia),Does not specify presence,,Jeffreys dates to 1063.,,
Michael,61,379781,Thrakesion,,,Psellos,Letters (Sathas) 180.459,Thrakesion: was krites of Thrakesion,Dignity,,,,
Michael,61,379782,Mesopotamia,https://pleiades.stoa.org/places/874602,,Psellos,Letters (Sathas) 180.459,Mesopotamia: saw service with Kataphloron in Mesopotamia,Specifies presence,J 1060-1067,Other,Jeffreys,"NB: Psellos says he visited Mesopotamia as a teenager, not at the time of writing this letter."
Michael,61,379780,Philadelphia (Lydia),https://pleiades.stoa.org/places/550822,,Psellos,Letters (Sathas) 180.459-460,Philadelphia (Lydia): three times visited Philadelphia (Lydia),Specifies presence,J 1060-1067,Other,Jeffreys,
Michael,61,379791,Agros (Bithynia),,,Psellos,Letters (Sathas) 198.492,"Agros (Bithynia): wanted to hide his frustration on his small, undeveloped estate of Agros (Bithynia)",Does not specify presence,J 1055-1056,Aleksandar,,"1055-6, mentioning Theodora."
Michael,61,379690,Medikion,,,Psellos,Letters (Sathas) 29.264,Medikion: owned the monastery of Medikion,Does not specify presence,,,,
Michael,61,379732,Kathara (Opsikion),,,Psellos,Letters (Sathas) 77.311,Kathara (Opsikion): owned the monastery of Kathara (Opsikion),Does not specify presence,,,,
Michael,61,379939,Caesarea (Cappadocia),https://pleiades.stoa.org/places/629035,,Psellos,Letters (Snipes) 1.56,Caesarea: was being dragged beyond Caesarea,Specifies presence,J 1069,Aleksandar,,"1069, during the second Anatolian expedition of Romanos IV."
Michael,61,379771,Constantinople: Hagios Petros,,,Psellos,Niketas Maïstor 93,Constantinople: Hagios Petros: taught philosophy at the school of  Hagios Petros,Specifies presence,,,,
Michael,61,230905,Constantinople: Hagia Sophia,https://pleiades.stoa.org/places/307220778,,Psellos,Oratoria minora 131.1,Constantinople: Hagia Sophia: wrote a lamentation for the collapse of  Hagia Sophia,Does not specify presence,,,,"Psellos was, of course, in Haghia Sophia, but at the moment of writing this text it is not about present, but about events from the 10th century."
Michael,61,230906,"Olympos, Mount (Bithynia)",https://pleiades.stoa.org/places/511343,,Psellos,Oratoria minora 134.1,"Olympos, Mount (Bithynia): wrote four short speeches praising Olympos, Mount (Bithynia)",Specifies presence,J 1055,Editor,,"The editor, Littlewood, proposes the date to 1055."
Michael,61,230908,Constantinople: Theotokos (Hagia Soros) of Ta Kyrou,,,Psellos,"Oratoria minora 138.1-2, 147.299",Constantinople: Theotokos (Hagia Soros) of Ta Kyrou: entered the crowded church of  Theotokos (Hagia Soros) of Ta Kyrou,Specifies presence,,,,"A big mistake is to locate this church in Ta Kyrou, it is ascribed to Ta Kyrou only due to wrong readings of Gautier and Littlewood, actually the place is Chalkoprateia."
Michael,61,379655,"Olympos, Mount (Bithynia)",https://pleiades.stoa.org/places/511343,,Psellos,Xiphilinos 421,"Olympos, Mount (Bithynia): left the capital to live on Olympos, Mount (Bithynia)",Specifies presence,,,,
Michael,61,379738,"Olympos, Mount (Bithynia)",https://pleiades.stoa.org/places/511343,,Psellos,Xiphilinos 421,"Olympos, Mount (Bithynia): would still go to Olympos, Mount (Bithynia)",Specifies presence,,,,
Michael,4,342130,Paphlagonia,,,Psellos: Chronographia,Introduction 5,Paphlagonia:  hailed from Paphlagonia,Does not specify presence,,,,
Michael,4,248459,Constantinople: Kosmidion,,,Psellos: Chronographia,IV 31.4-7,"Constantinople: Kosmidion: built a splendid church, extending the area of building at  Kosmas and Damianos at Paulinou",Does not specify presence,,,,
Michael,4,248460,Constantinople: Kosmidion,,,Psellos: Chronographia,IV 31.8-12,Constantinople: Kosmidion: enhanced it and made a divine monastery out of Sts Kosmas and Damianos at Paulinou,Does not specify presence,,,,
Michael,4,248461,Constantinople: Ptochotropheion,,,Psellos: Chronographia,IV 36.6,"Constantinople: Ptochotropheion: he built a new hospice, calling it the  Ptochotropheion",Does not specify presence,,,,
Michael,4,248467,Bulgaria,,,Psellos: Chronographia,IV 44.1,Bulgaria: reached the border of Bulgaria,Specifies presence / Specifies presence near,,,,
Michael,4,248469,Constantinople: Great Palace,,,Psellos: Chronographia,IV 49.20,Constantinople: palace: returned gloriously to the palace,Specifies presence,,,,
Michael,4,248471,Constantinople: Great Palace,,,Psellos: Chronographia,IV 50.8,Constantinople: palace: led a glorious triumph to the palace,Specifies presence,,,,
Michael,4,248472,Constantinople: Hippodrome,https://pleiades.stoa.org/places/773739435,,Psellos: Chronographia,IV 50.9,Constantinople: Hippodrome: marched the captives through the middle of the Hippodrome,Specifies presence,,,,
Michael,4,248473,Constantinople: Great Palace,,,Psellos: Chronographia,IV 52.7,Constantinople: palace: left the palace,Specifies presence,,,,
Michael,4,248474,Constantinople: Kosmidion,,,Psellos: Chronographia,IV 52.8,Constantinople: Kosmidion: went to  Kosmas and Damianos at Paulinou,Specifies presence,,,,
Michael,4,248476,Constantinople: Kosmidion,,,Psellos: Chronographia,IV 55.5-6,Constantinople: Kosmidion: was buried in the church of  Sts Kosmas and Damianos at Paulinou,Specifies presence,,,,
Michael,5,248477,Constantinople: Great Palace,,,Psellos: Chronographia,V 1.7,Constantinople: palace: was ordered to move to  palace,Specifies presence,,,,
Michael,5,248478,Constantinople: Great Palace,,,Psellos: Chronographia,V 1.8-10,Constantinople: palace: entered  palace,Specifies presence,,,,
Michael,5,248487,Constantinople: Great Palace,,,Psellos: Chronographia,V 14.2,Constantinople: palace: looking out to sea from a high spot in  palace,Specifies presence,,,,
Michael,5,248488,Constantinople: Great Palace,,,Psellos: Chronographia,"V 17.13, 15-16",Constantinople: palace: wished to drive out <Zoe 1> and live alone in the palace,Does not specify presence,,,,
Michael,5,248481,Constantinople: Great Palace,,,Psellos: Chronographia,V 2.6,Constantinople: palace: was escorted by <Anonymi 6008> to the  palace,Specifies presence,,,,
Michael,5,248491,Constantinople: Great Palace,,,Psellos: Chronographia,V 21.22; 22.21,Constantinople: palace: drove <Zoe 1> from  palace,Does not specify presence,,,,"Michael was certainly present in the palace at some point, as the emperor, but at this point in the text he is not specified as present in the palace."
Michael,5,248492,Princes' Islands: Prinkipo,,https://www.geonames.org/750249,Psellos: Chronographia,V 21.23,Princes' Islands: Prinkipo: sent <Zoe 1> to  Prinkipo,Does not specify presence,,,,
Michael,61,248496,Constantinople: Great Palace,,,Psellos: Chronographia,V 27.6-7,Constantinople: palace entrance: was standing outside the palace entrance,Specifies presence / Specifies presence near,,,,
Michael,61,248497,Constantinople: Great Palace,,,Psellos: Chronographia,V 27.8-11,Constantinople: palace: was in the outer portico of the palace,Specifies presence / Specifies presence near,,,,
Michael,5,248500,Constantinople: Great Palace,,,Psellos: Chronographia,V 30.10,Constantinople: palace: had no allies in the palace,Specifies presence,,,,
Michael,5,248499,Constantinople: Great Palace,,,Psellos: Chronographia,V 30.2-3,Constantinople: palace: sat in  palace,Specifies presence,,,,
Michael,5,248508,Constantinople: Hippodrome,https://pleiades.stoa.org/places/773739435,,Psellos: Chronographia,V 32.13,Constantinople: Hippodrome: led <Zoe 1> up on high in the Hippodrome,Specifies presence,,,,
Michael,5,248513,Constantinople: Great Palace,,,Psellos: Chronographia,V 38.4,Constantinople: palace: was afraid the people might lay hands on him somewhere in  palace,Specifies presence,,,,
Michael,5,248514,Constantinople: Stoudios,,,Psellos: Chronographia,V 38.6-7,Constantinople: Stoudios: landed at Stoudios,Specifies presence,,,,
Michael,61,248517,Constantinople: Stoudios,,,Psellos: Chronographia,"V 39.5, 7",Constantinople: Stoudios: saw that there was a citizen army surrounding Stoudios,Specifies presence,,,,
Michael,61,248518,Constantinople: Stoudios,,,Psellos: Chronographia,V 39.8-9,Constantinople: Stoudios: entering not without difficulty the church of Stoudios,Specifies presence,,,,
Michael,61,248520,Constantinople: Stoudios,,,Psellos: Chronographia,V 40.3-4,Constantinople: Stoudios: came to the holy altar (of the church of) Stoudios,Specifies presence,,,,
Michael,5,248521,Constantinople: Stoudios,,,Psellos: Chronographia,V 43.5,Constantinople: Stoudios: took hold of the altar at  Stoudios,Specifies presence,,,,
Michael,5,248526,Constantinople: Stoudios,,,Psellos: Chronographia,V 44.10-11,Constantinople: Stoudios: grasped the columns supporting the altar and refused to leave  Stoudios,Specifies presence,,,,
Michael,5,248527,Constantinople: Stoudios,,,Psellos: Chronographia,V 44.16-17,Constantinople: Stoudios: preferred to perish rather than leave Stoudios,Specifies presence,,,,
Michael,5,248522,Constantinople: Stoudios,,,Psellos: Chronographia,V 44.5-7,Constantinople: Stoudios: had taken refuge at the altar of  Stoudios,Specifies presence,,,,
Michael,5,248530,Constantinople: Stoudios,,,Psellos: Chronographia,V 45.4,Constantinople: Stoudios: was driven from  Stoudios (?),Specifies presence,,,,
Michael,5,248531,Constantinople: Stoudios,,,Psellos: Chronographia,V 46.12-13,Constantinople: Stoudios: his eyes were to be put out as soon as he left  Stoudios (?),Specifies presence,,,,
Michael,5,248534,Constantinople: Stoudios,,,Psellos: Chronographia,V 47.12-15,Constantinople: Stoudios:  was greeted by a hostile mob when he went outside  Stoudios (?),Specifies presence,,,,
Michael,4,248560,Italy,,,Psellos: Chronographia,VI 78.4-6,Italy: sent <Georgios 62> to recover  Italy,Does not specify presence,,,,
Michael,6,248605,Constantinople: Hagia Sophia,https://pleiades.stoa.org/places/307220778,,Psellos: Chronographia,VII 35.6,Constantinople: Hagia Sophia: fled to  Hagia Sophia,Specifies presence,,,,
Michael,7,248627,Constantinople: Great Palace,,,Psellos: Chronographia,VIIb 28.13-14,Constantinople: palace: was led by the palace guard to the upper parts of  palace,Specifies presence,,,,
Michael,102,417012,"Edessa (Rohas, Mesopotamia)",https://pleiades.stoa.org/places/658457,,Seals,,Edessa: was doux of Edessa,Dignity,,,,
Michael,102,417088,West (whole),,,Seals,,West (whole): was doux of the West (whole),Dignity,,,,
Michael,102,417196,Macedonia,https://pleiades.stoa.org/places/981531,,Seals,,Macedonia: was strategos of Macedonia,Dignity,,,,
Michael,102,418547,Bulgaria,,,Seals,,Bulgaria: was katepano of Bulgaria,Dignity,,,,
Michael,111,418525,Antioch (on the Orontes),https://pleiades.stoa.org/places/658381,,Seals,,Antioch: was doux of Antioch,Dignity,,,,
Michael,111,418526,West (whole),,,Seals,,West (whole): was doux of the West (whole),Dignity,,,,
Michael,117,418051,Thrakesion,,,Seals,,Thrakesion: was krites of Thrakesion,Dignity,,,,
Michael,117,418794,Opsikion,,,Seals,,Opsikion: was praitor of Opsikion,Dignity,,,,
Michael,125,417747,Boukellarion,,,Seals,,Boukellarion: was krites of the hippodrome of Boukellarion,Dignity,,,,
Michael,125,417748,Aegean Sea,https://pleiades.stoa.org/places/560221,https://www.geonames.org/265695,Seals,,Aegean Sea: was krites of Aegean Sea,Dignity,,,,
Michael,126,417091,West,,,Seals,,West: was exisotes of the West,Dignity,,,,
Michael,126,417131,Drougoubiteia,,,Seals,,Drougoubiteia: was anagrapheus of Drougoubiteia,Dignity,,,,
Michael,126,417390,West,,,Seals,,West: was exisotes of the West,Dignity,,,,
Michael,126,418564,Drougoubiteia,,,Seals,,Drougoubiteia: was anagrapheus of Drougoubiteia,Dignity,,,,
Michael,130,419356,Laodikeia,,,Seals,,Laodikeia: was metropolitan of Laodikeia,Dignity,,,,
Michael,195,417051,Neokaisareia,https://pleiades.stoa.org/places/614769,,Seals,,Neokaisareia: was metropolitan of Neokaisareia,Dignity,,,,
Michael,195,418369,Neokaisareia,https://pleiades.stoa.org/places/614769,,Seals,,Neokaisareia: was metropolitan of Neokaisareia,Dignity,,,,
Michael,195,418368,Neokaisareia,https://pleiades.stoa.org/places/614769,,Seals,,Neokaisareia: was metropolitan of Neokaisareia,Dignity,,,,
Michael,201,417212,Apros,https://pleiades.stoa.org/places/507367,,Seals,,Apros: was bishop of Apros,Dignity,,,,
Michael,207,417028,Athens,https://pleiades.stoa.org/places/579885,,Seals,,Athens: was metropolitan of Athens,Dignity,,,,
Michael,209,417032,Italy,,,Seals,,Italy: was katepano of Italy,Dignity,,,,
Michael,130,224825,Constantinople: Hagios Alexios,,,Synod of 1072,57.2-3,Constantinople: Hagios Alexios: attended the synod at the church of  Hagios Alexios,Specifies presence,,,,
Michael,130,224826,Laodikeia (Phrygia),https://pleiades.stoa.org/places/638955,,Synod of 1072,57.17,Laodikeia (Phrygia): was metropolitan of Laodikeia (Phrygia),Dignity,,,,
Michael,195,224798,Neokaisareia,https://pleiades.stoa.org/places/614769,,Synod of 1072,57.4,Neokaisareia: was metropolitan of Neokaisareia,Dignity,,,,
Michael,195,224799,Constantinople: Hagios Alexios,,,Synod of 1072,57.2-3,Constantinople: Hagios Alexios: attended the synod at the church of  Hagios Alexios,Specifies presence,,,,
Michael,196,224815,Constantinople: Hagios Alexios,,,Synod of 1072,57.2-3,Constantinople: Hagios Alexios: attended the synod at the church of  Hagios Alexios,Specifies presence,,,,
Michael,196,224816,Thessalonike,https://pleiades.stoa.org/places/491741,,Synod of 1072,57.12,Thessalonike: was metropolitan of Thessalonike,Dignity,,,,
Michael,198,224827,Synada (Phrygia),https://pleiades.stoa.org/places/609538,,Synod of 1072,57.18,Synada (Phrygia): was metropolitan of Synada (Phrygia),Dignity,,,,
Michael,198,224828,Constantinople: Hagios Alexios,,,Synod of 1072,57.2-3,Constantinople: Hagios Alexios: attended the synod at the church of  Hagios Alexios,Specifies presence,,,,
Michael,199,224831,Syllaion (Papmhylia),https://pleiades.stoa.org/places/639109,,Synod of 1072,57.20,Syllaion (Papmhylia): was metropolitan of Syllaion (Papmhylia),Dignity,,,,
Michael,199,224832,Constantinople: Hagios Alexios,,,Synod of 1072,57.2-3,Constantinople: Hagios Alexios: attended the synod at the church of  Hagios Alexios,Specifies presence,,,,
Michael,200,224855,Leontopolis,https://pleiades.stoa.org/places/857381,,Synod of 1072,57.33,Leontopolis: was archbishop of Leontopolis,Dignity,,,,
Michael,200,224856,Constantinople: Hagios Alexios,,,Synod of 1072,57.2-3,Constantinople: Hagios Alexios: attended the synod at the church of  Hagios Alexios,Specifies presence,,,,
Michael,201,224861,Constantinople: Hagios Alexios,,,Synod of 1072,57.2-3,Constantinople: Hagios Alexios: attended the synod at the church of  Hagios Alexios,Specifies presence,,,,
Michael,201,224862,Apros,https://pleiades.stoa.org/places/507367,,Synod of 1072,57.36,Apros: was archbishop of Apros,Dignity,,,,
Michael,130,225266,Laodikeia (Phrygia),https://pleiades.stoa.org/places/638955,,Synod of 1094,218,Laodikeia (Phrygia): was metropolitan of Laodikeia (Phrygia),Dignity,,,,
Michael,131,225301,Pompeioupolis (Paphlagonia),https://pleiades.stoa.org/places/845041,,Synod of 1094,219,Pompeioupolis (Paphlagonia): was metropolitan of Pompeioupolis (Paphlagonia),Dignity,,,,
Michael,132,225302,Ainos,https://pleiades.stoa.org/places/501337,,Synod of 1094,219,Ainos: was metropolitan of Ainos,Dignity,,,,
Michael,11,434841,Constantinople: Great Sekreton,,,Synodal edict (1054),167.25-26,Constantinople: Great Sekreton: convened a synod in the Great Sekreton,Specifies presence,,,,
Michael,135,233020,Constantinople: Great Palace,,,"Theophylaktos of Ohrid, Letters",515.3,Constantinople: Great Palace: was appointed (physician) at the  Great Palace,Dignity,,,,
Michael,6,376436,Athos: Vatopedi,https://pleiades.stoa.org/places/501365,https://www.geonames.org/733922,Vatopedi,117.3,"Athos, Mount: Vatopedi: granted a solemnion of 80 nomismata to the monastery of  Vatopedi",Does not specify presence,,,,
Michael,108,246883,Antioch (on the Orontes),https://pleiades.stoa.org/places/658381,,Zonaras,17.11.14,Antioch (on the Orontes): was doux of Antioch (on the Orontes),Dignity,,,,
Michael,6,247016,Constantinople: Great Palace,,,Zonaras,18.3.24,Constantinople: Great Palace: was instructed to quit the  Great Palace,Specifies presence,,,,
Michael,6,247017,Constantinople: Great Palace,,,Zonaras,18.3.26,Constantinople: Great Palace: left  Great Palace,Specifies presence,,,,
Michael,5,,,,,Zonaras,17.16.11,Constantinople: Blachernai: was adopted and embraced as son by <Zoe 1> at the church of  Blachernai,Specifies presence,,,,
Michael,4,246924,Thessalonike,https://pleiades.stoa.org/places/491741,,Zonaras,17.16.6,Thessalonike: went to Thessalonike,Specifies presence,,,,
Michael,4,246936,Bulgaria,,,Zonaras,17.17.20,Bulgaria: was within the boundaries of Bulgaria,Specifies presence,,,,
Michael,4,,,,,Zonaras,17.17.37,Constantinople: returned to Constantinople,Specifies presence,,,,
Michael,4,246940,Constantinople: Kosmidion,,,Zonaras,17.17.39,Constantinople: Kosmidion: went to  Kosmas and Damianos at Paulinou,Specifies presence,,,,
Michael,4,246941,Constantinople: Kosmidion,,,Zonaras,17.17.39,Constantinople: Kosmidion: founded Sts Kosmas and Damianos at Paulinou,Specifies presence,,,,
Michael,112,246930,Bulgaria,,,Zonaras,17.17.4,Bulgaria: was sent with a force (to) Bulgaria,Specifies presence,,,,
Michael,5,246946,Constantinople: Stoudios,,,Zonaras,17.19.18,Constantinople: Stoudios: left for  Stoudios (monastery),Specifies presence,,,,
Michael,5,246949,Constantinople: Stoudios,,,Zonaras,17.19.21,Constantinople: Stoudios: was dragged from the altar of  Stoudios (monastery),Specifies presence,,,,
Michael,5,246950,Constantinople: Sigma,,,Zonaras,17.19.22,Constantinople: Sigma: reached  Sigma,Specifies presence,,,,
Michael,6,,,,,Zonaras,17.29.7,Constantinople: originated from Constantinople,Specifies presence,,,,
Michael,7,247130,Constantinople: Stoudios,,,Zonaras,18.18.12,Constantinople: Stoudios: was led to  Stoudios (monastery),Specifies presence,,,,
Michael,7,,,,,Zonaras,18.18.12,Constantinople: Blachernai: had fled for refuge to the palace at Blachernai,Specifies presence,,,,
Michael,7,247141,Ephesos,https://pleiades.stoa.org/places/599612,,Zonaras,18.19.14,Ephesos: was elected metropolitan of and went once to Ephesos,Specifies presence,,,,
Michael,7,247142,Constantinople: Manuel,,,Zonaras,18.19.14,Constantinople: Manuel: made his dwelling at the monastery of  Manuel (monastery),Specifies presence,,,,
Michael,274,247194,Constantinople: Great Palace,,,Zonaras,18.22.30,Constantinople: Great Palace: was driven from  Palace,Specifies presence,,,,
Moyses,102,225908,Mesopotamia,https://pleiades.stoa.org/places/874602,,Alexios Stoudites,13.16,Mesopotamia: hailed from Mesopotamia,Specifies presence,,,,
Muhammad,101,443886,Nicaea,https://pleiades.stoa.org/places/511268,,Anna Komnene,197.54,Nicaea: was left in command of  Nicaea,Dignity,,,,
Muhammad,101,443887,"Poimanenoi  (Poimanenon), Mysia",,,Anna Komnene,444.16,"Poimanenoi  (Poimanenon), Mysia: was ravaging in the direction of Poimanenon",Specifies presence near,J 1113,Aleksandar,,
Neilos,101,229628,"Galesion, Mount: Saviour",,,Lazaros of Galesion,523E-F,"Galesion, Mount: Saviour: was sent out and then lost his way back to the monastery of the  Saviour",Specifies presence,,,,
Neilos,102,229780,Bessai (near Ephesos),,,Lazaros of Galesion,574C,Bessai (near Ephesos): was dissuaded by <Lazaros 104> from moving to Bessai (near Ephesos),Does not specify presence,,,,
Neophytos,101,229671,Lydia,https://pleiades.stoa.org/places/991385,,Lazaros of Galesion,536E,Lydia: hailed from Lydia,Specifies presence,,,,
Neophytos,102,229692,Constantinople: Hagios Ioannes Chrysostomos,,,Lazaros of Galesion,538C,Constantinople: Hagios Ioannes Chrysostomos: came across the nun who had visited <Lazaros 104> (<Anonyma 179>) in (the church of?)  Hagios Ioannes Chrysostomos,Specifies presence,,,,
Nestor,101,234757,Dristra,https://pleiades.stoa.org/places/216800,,Attaleiates: History,205.7 / 151.2,Dristra: was appointed doux and sent to the kastron of Dristra,Specifies presence,,,,"Actually Attaleiates says 'katepano' and not doux. I'm not sure if it's a good idea to equalize these two titles/dignities, as the editors in PBW do."
Nestor,101,234762,Macedonia,https://pleiades.stoa.org/places/981531,,Attaleiates: History,207.22 / 152.23,Macedonia: invaded with the Pechenegs Macedonia,Specifies presence,J 1075,Other,"K&K, n. 251.",
Nestor,101,234763,Thrace,,,Attaleiates: History,208.2 / 152.25,Thrace: marched with a large army towards Constantinople through Thrace,Specifies presence,,,,
Nestor,101,234765,Macedonia,https://pleiades.stoa.org/places/981531,,Attaleiates: History,209.14 / 153.27,Macedonia: left Constantinople with his army and advanced through Macedonia,Specifies presence,,,,
Nestor,101,234766,Danube,https://pleiades.stoa.org/places/226577,,Attaleiates: History,209.16 / 154.1,Danube: pillaged the villages and estates around the Danube,Specifies presence near,,,,
Nestor,101,247097,Paristrion,,,Zonaras,18.17.3,Paristrion: was appointed doux of Paristrion,Dignity,,,,
Nestor,101,,,,,Zonaras,18.17.4,Constantinople: came to and encamped before Constantinople,Specifies presence near,,,,
Nestor,101,247099,Thrace,,,Zonaras,18.17.6,Thrace: ravaged Thrace,Specifies presence,,,,
Nestor,101,247100,Macedonia,https://pleiades.stoa.org/places/981531,,Zonaras,18.17.6,Macedonia: ravaged Macedonia,Specifies presence,,,,
Nestor,101,247101,Bulgaria,,,Zonaras,18.17.6,Bulgaria: ravaged the parts adjacent to Thrace and Macedonia Bulgaria,Specifies presence,,,,
Nikephoros,138,225947,Kios (Bithynia),https://pleiades.stoa.org/places/511385,,Alexios Stoudites,"20.15, Rhalles-Potles 5.32",Kios (Bithynia): was archbishop of Kios (Bithynia),Dignity,,,,
Nikephoros,139,225951,Karabizye (Thrace),,https://www.geonames.org/748398,Alexios Stoudites,20.19,Karabizye (Thrace): was archbishop of Karabizye (Thrace),Dignity,,,,
Nikephoros,115,432964,Thessalonike,https://pleiades.stoa.org/places/491741,,Anna Komnene,75,Thessalonike: was offered ownership of Thessalonike,?,,,,"""75"" is not a clear reference so I cannot find this entry in Anna's text."
Nikephoros,117,396872,Antioch (on the Orontes),https://pleiades.stoa.org/places/658381,,Anna Komnene,7.56,Antioch: worked at his history on the campaign against Antioch,Specifies presence near,,,,
Nikephoros,115,434014,Ainos,https://pleiades.stoa.org/places/501337,,Anna Komnene,242.91,Ainos: to recruit Bulgarian and Vlach troops went to Ainos,Does not specify presence,,,,
Nikephoros,64,434369,Crete,https://pleiades.stoa.org/places/589748,,Anna Komnene,271.25,Crete: was doux of Crete,Dignity,,,,
Nikephoros,64,434423,Kaisaropolis (Macedonia),,,Anna Komnene,276.91-92,Kaisaropolis (Macedonia): was exiled to prison in Kaisaropolis,Specifies presence,,,,
Nikephoros,62,434537,Adrianople (Thrace),https://pleiades.stoa.org/places/5014275,,Anna Komnene,287.66,Adrianople (Thrace): remained one of the chief men of Adrianople,Specifies presence,,,,
Nikephoros,117,445211,Philippopolis,https://pleiades.stoa.org/places/216927,,Anna Komnene,457.21-22,Philippopolis: was involved in reforming Manichaeans with <Alexios 1> at Philippopolis,Specifies presence,,,,
Nikephoros,115,432955,Damalis,https://pleiades.stoa.org/places/521001,,Anna Komnene,75.23,Damalis: was rumoured to have been proclaimed emperor and to have reached Damalis,Does not specify presence,,,,"A rumour, therefore not confirmed truth."
Nikephoros,3,433031,Constantinople: Hagia Sophia,https://pleiades.stoa.org/places/307220778,,Anna Komnene,86.57-58,"Constantinople: Hagia Sophia: when he abdicated, first went to Hagia Sophia",Specifies presence,,,,
Nikephoros,3,433047,Constantinople: Peribleptos,,,Anna Komnene,87.6,Constantinople: Peribleptos: was escorted for tonsure to the Peribleptos,Specifies presence,,,,
Nikephoros,103,254216,Antioch (on the Orontes),https://pleiades.stoa.org/places/658381,,Attaleiates: Diataxis,"99.1329, 101.1344",Antioch (on the Orontes): was patriarch of Antioch (on the Orontes),Dignity,,,,
Nikephoros,61,234652,Theodosioupolis (Erzerum),https://pleiades.stoa.org/places/874373,,Attaleiates: History,155.6 / 115.23,Theodosioupolis (Erzerum): was katepano of Theodosioupolis (Erzerum),Dignity,,,,
Nikephoros,61,234660,Theodosioupolis (Erzerum),https://pleiades.stoa.org/places/874373,,Attaleiates: History,168.9 / 124.25-26,Theodosioupolis (Erzerum): was doux of Theodosioupolis (Erzerum),Dignity,,,,
Nikephoros,63,234715,Boukellarion,,,Attaleiates: History,180.20 / 133.17,Boukellarion: hailed from Boukellarion,Dignity,,,,
Nikephoros,63,234718,Antioch (on the Orontes),https://pleiades.stoa.org/places/658381,,Attaleiates: History,181.23 / 134.17,Antioch (on the Orontes): was imprisoned by imperial decree (from <Eudokia 1>) at Antioch (on the Orontes),Specifies presence,"J 1067, May [TPQ]",Other,"K&K, n. 232.",
Nikephoros,63,234716,Antioch (on the Orontes),https://pleiades.stoa.org/places/658381,,Attaleiates: History,181.6 / 134.3,Antioch (on the Orontes): served as doux of Antioch (on the Orontes),Dignity,"J 1067, May [TPQ]",Other,"K&K, n. 232.",
Nikephoros,63,234720,Peloponnesos,,,Attaleiates: History,182.4 / 134.22,Peloponnesos: was appointed by <Romanos 4> Diogenes krites of Hellas and Peloponnesos,Dignity,,,,
Nikephoros,63,234719,Hellas,https://pleiades.stoa.org/places/1001896,,Attaleiates: History,182.5 / 134.22,Hellas: was appointed by <Romanos 4> krites of Peloponnesos and Hellas,Dignity,,,,
Nikephoros,3,234733,Sangarios (river),,,Attaleiates: History,185.20 / 137.15,Sangarios (river): advised <Ioannes 62> to wait for reinforcements and not to cross the bridge of Zompos over the Sangarios,Does not specify presence,,,,
Nikephoros,63,234756,Raidestos (Thrace),https://pleiades.stoa.org/places/511187,,Attaleiates: History,201.20 / 148.17,Raidestos (Thrace): built and let out a granary outside the city of Raidestos (Thrace),Does not specify presence,,,,The fact that this happened in Radeistos doesn't mean he was personally present there.
Nikephoros,63,234755,Constantinople: Hebdomon (monastery),,,Attaleiates: History,201.5 / 148.5,Constantinople: Hebdomon (monastery): received as a grant and established his treasury at the monastery of  Hebdomon,Does not specify presence,,,,The fact that the emperor kept his money in Hebdomon doesn't mean he was personally present there.
Nikephoros,62,234772,Dyrrachion,https://pleiades.stoa.org/places/573193,,Attaleiates: History,242.14 / 175.16-17,Dyrrachion: was doux of Dyrrachion,Dignity,,,,
Nikephoros,62,234773,Adrianople (Thrace),https://pleiades.stoa.org/places/5014275,,Attaleiates: History,242.18 / 175.19,Adrianople (Thrace): left Dyrrachion with troops and supporters and advanced to Adrianople (Thrace),Does not specify presence,,,,Bryennios is not in Adrianople at this point yet.
Nikephoros,3,234771,Lampe (Phrygia),,,Attaleiates: History,242.5 / 175.9,Lampe (Phrygia): is described by <Michael 202> Attaleiates as a shining light from Lampe (Phrygia),Specifies presence,,,,"Attaleiates' description of the town of Lampe doesn't specify the point here. The point is that Nikephoros 3 came from Lampe, a name that in Greek is also associated with the words 'shine' or 'glow' and therefore the subject in Attaleiates is described as a 'fire bearer, light bearer'. Also, Attaleiates only says that Nikephoros was 'from Lampe'. But in this case I leave 'specifies presence' as subjectivelly it seems he was born in Lampe, and also SKylitzes mentions that Botaneiates was proclaimed an emperor in Lampe."
Nikephoros,61,234785,Thessalonike,https://pleiades.stoa.org/places/491741,,Attaleiates: History,246.11 / 178.6,Thessalonike: came across Bryennios (<Nikephoros 62>) in the city of Thessalonike,Specifies presence,,,,
Nikephoros,62,234782,Thessalonike,https://pleiades.stoa.org/places/491741,,Attaleiates: History,246.11 / 178.6,Thessalonike: came across Basilakes (<Nikephoros 61>) in the city of Thessalonike,Specifies presence,,,,
Nikephoros,61,234781,Dyrrachion,https://pleiades.stoa.org/places/573193,,Attaleiates: History,"246.11, 297.9-10 / 178.6, 212.20",Dyrrachion: succeeded <Nikephoros 62> Bryennios as doux of Dyrrachion,Dignity,,,,
Nikephoros,62,234783,Traianoupolis (Thrace),https://pleiades.stoa.org/places/501649,,Attaleiates: History,246.21 / 178.14,Traianoupolis (Thrace): met his brother (<Ioannes 61>) with the latter's troops at Traianoupolis (Thrace),Specifies presence,,,,
Nikephoros,62,234786,Adrianople (Thrace),https://pleiades.stoa.org/places/5014275,,Attaleiates: History,247.8 / 178.21-22,Adrianople (Thrace): left Traianoupols on a red coach and proceeded to Adrianople (Thrace),Does not specify presence,,,,At this point in the text Nikephoros is still not in Adrianople.
Nikephoros,62,234788,Adrianople (Thrace),https://pleiades.stoa.org/places/5014275,,Attaleiates: History,248.13 / 179.19,Adrianople (Thrace): entered his native city of Adrianople (Thrace),Specifies presence,,,,
Nikephoros,3,234800,Lampe (Phrygia),,,Attaleiates: History,253.3 / 182.18,Lampe (Phrygia): resided at Lampe (Phrygia),Specifies presence,,,,
Nikephoros,3,234807,Lampe (Phrygia),,,Attaleiates: History,256.19-20 / 185.4,Lampe (Phrygia): was proclaimed emperor while away in Lampe (Phrygia),Specifies presence,,,,
Nikephoros,3,234816,Lampe (Phrygia),,,Attaleiates: History,263.13-14 / 189.11,"Lampe (Phrygia): took the road for Constantinople from his home town, Lampe (Phrygia)",Specifies presence,,,,
Nikephoros,3,234818,Kotyaion (Phrygia),https://pleiades.stoa.org/places/609444,,Attaleiates: History,265.8 / 190.15,Kotyaion (Phrygia): was joined by mercenary troops from Nicaea when he reached Kotyaion (Phrygia),Specifies presence,,,,
Nikephoros,62,234826,Kyzikos,https://pleiades.stoa.org/places/511218,,Attaleiates: History,268.20 / 192.22,Kyzikos: sent troops to capture the peninsula of Kyzikos,Specifies presence,,,,
Nikephoros,3,234828,Nicaea,https://pleiades.stoa.org/places/511268,,Attaleiates: History,269.18 / 193.12,Nicaea: was proclaimed emperor of the Romans by the citizens of Nicaea,Specifies presence,"J 1078, March 25",Other,K&K n. 316.,"Actually I'm not sure if the ""City"" here means Nikaia or rather Constantinople."
Nikephoros,3,234824,Marmara,https://pleiades.stoa.org/places/511378,,Attaleiates: History,269.3 / 192.26-27,Marmara: occupied the shores of the Hellespont and the Sea of Marmara,Specifies presence,,,,
Nikephoros,3,234825,Hellespont,https://pleiades.stoa.org/places/501434,,Attaleiates: History,269.3 / 192.27,Hellespont: occupied the shores of the Sea of Marmara and those of the Hellespont,Specifies presence,,,,
Nikephoros,63,234836,Herakleia (Thrace),https://pleiades.stoa.org/places/511333,,Attaleiates: History,271.23 / 194.25,Herakleia (Thrace): fled Constantinople on horseback and reached <Roussel 61> at Herakleia (Thrace),Specifies presence,,,,
Nikephoros,3,234838,Prainetos (Bithynia),https://pleiades.stoa.org/places/511372,,Attaleiates: History,272.23 / 196.1,"Prainetos (Bithynia): arrived, had a rest and received his supporters at Prainetos (Bithynia)",Specifies presence,,,,
Nikephoros,3,234840,Constantinople: Great Palace,,,Attaleiates: History,273.17 / 196.14-15,Constantinople: Great Palace: arrived from Prainetos to Constantinople and entered the  Great Palace,Specifies presence,,,,
Nikephoros,62,234845,Adrianople (Thrace),https://pleiades.stoa.org/places/5014275,,Attaleiates: History,286.4 / 204.24-25,Adrianople (Thrace): resolved to march against <Nikephoros 3> and left Adrianople (Thrace),Specifies presence,,,,
Nikephoros,3,234846,Crete,https://pleiades.stoa.org/places/589748,,Attaleiates: History,288.13 / 206.16,Crete: summoned Roman troops to fight against <Nikephoros 62> from Crete,Does not specify presence,,,,
Nikephoros,62,234849,Mesene (Thrace),,https://www.geonames.org/741519,Attaleiates: History,289.11 / 207.6,"Mesene (Thrace): advanced with his entire army against <Alexios 1>, having left Mesene (Thrace)",Specifies presence,,,,
Nikephoros,3,234850,Constantinople: Great Palace,,,Attaleiates: History,295.2 / 211.6,Constantinople: palace: was attacked by the palace guards while watching their parade from an open-air corridor on an upper story of the  palace,Specifies presence,,,,
Nikephoros,61,234852,Dyrrachion,https://pleiades.stoa.org/places/573193,,Attaleiates: History,297.12 / 212.22-23,Dyrrachion: was appointed doux and started collecting troops when he reached Dyrrachion,Specifies presence,,,,
Nikephoros,61,234853,Thessalonike,https://pleiades.stoa.org/places/491741,,Attaleiates: History,297.22-23 / 213.3,Thessalonike: marched from Dyrrachion with his army to Thessalonike,Specifies presence / Specifies presence near,,,,
Nikephoros,61,234858,Thessalonike: Acropolis,https://pleiades.stoa.org/places/491741,,Attaleiates: History,300.4-5 / 214.20,Thessalonike: Acropolis: was defeated by <Alexios 1> Komnenos and fled into the  Acropolis,Specifies presence,,,,
Nikephoros,3,234870,Constantinople: Great Palace,,,Attaleiates: History,305.5 / 218.5-6,Constantinople: palace: received <Konstantios 61> in the  palace,Specifies presence,,,,
Nikephoros,3,234871,Nicaea,https://pleiades.stoa.org/places/511268,,Attaleiates: History,306.15 / 219.3,Nicaea: sent an army across the sea to Nicaea,Does not specify presence,J 1079,Other,"K&K, n. 249.",
Nikephoros,3,234872,Chrysopolis (Bithynia),https://pleiades.stoa.org/places/520995,,Attaleiates: History,307.1-2 / 219.11,Chrysopolis (Bithynia): sent the Athanatoi to join the rest of the army at Chrysopolis (Bithynia),Does not specify presence,,,,
Nikephoros,3,234875,Bosporos,https://pleiades.stoa.org/places/520977,,Attaleiates: History,308.17 / 220.14,Bosporos: deployed war ships to defend from the rebel troops of <Konstantios 61> the Bosporos,Specifies presence / Specifies presence near,,,,
Nikephoros,3,234466,Adrianople (Thrace),https://pleiades.stoa.org/places/5014275,,Attaleiates: History,43.5 / 33.4,Adrianople (Thrace): marched ahead with his troops and approached Adrianople (Thrace),Specifies presence near,,,,
Nikephoros,3,234512,Danube,https://pleiades.stoa.org/places/226577,,Attaleiates: History,83.10-11 / 63.1,Danube: governed the cities of the Danube,Dignity,,,,
Nikephoros,3,234527,Antioch (on the Orontes),https://pleiades.stoa.org/places/658381,,Attaleiates: History,96.4 / 72.22,Antioch (on the Orontes): defended the city from the Turks when he was doux of Antioch (on the Orontes),Specifies presence,,,,
Nikephoros,112,224993,Gangra,https://pleiades.stoa.org/places/844926,,Chrysobull of 1079,31.11,Gangra: was metropolitan of Gangra,Dignity,,,,
Nikephoros,115,376247,Bryai (Chalkidike),,,Docheiariou,83.9,Bryai (Chalkidike): granted to <Samuel 109> the proasteion of Rouseou at Bryai (Chalkidike),Does not specify presence,,,,
Nikephoros,3,227421,Constantinople: Great Palace,,,Glykas,616.2,Constantinople: Great Palace: with the support of (the people of) Constantinople entered the  Great Palace,Specifies presence,,,,
Nikephoros,3,227429,Constantinople: Great Palace,,,Glykas,618.2,Constantinople: Great Palace: abandoned the  Great Palace,Specifies presence,,,,
Nikephoros,3,227430,Constantinople: Peribleptos,,,Glykas,618.2-3,Constantinople: Peribleptos: was willingly tonsured at the monastery of the  Peribleptos,Specifies presence,,,,
Nikephoros,61,227425,Thessalonike,https://pleiades.stoa.org/places/491741,,Glykas,617.9,Thessalonike: advanced with his army on Thessalonike,Specifies presence near,,,,
Nikephoros,61,227426,Thessalonike,https://pleiades.stoa.org/places/491741,,Glykas,617.12,Thessalonike: engaged in battle with <Alexios 1> near Thessalonike,Specifies presence near,,,,
Nikephoros,61,227428,Chrysopolis (Bithynia),https://pleiades.stoa.org/places/520995,,Glykas,617.15,Chrysopolis (Bithynia): was blinded at Chrysopolis (Bithynia),Specifies presence,,,,
Nikephoros,62,227418,Dyrrachion,https://pleiades.stoa.org/places/573193,,Glykas,615.19,Dyrrachion: rose in rebellion at Dyrrachion,Specifies presence,,,,
Nikephoros,62,227419,Adrianople (Thrace),https://pleiades.stoa.org/places/5014275,,Glykas,615.19-20,Adrianople: was proclaimed emperor at Adrianople,Specifies presence,,,,
Nikephoros,63,227417,Raidestos (Thrace),https://pleiades.stoa.org/places/511187,,Glykas,614.17,Raidestos (Thrace): established a phoundax and a monopoly (on the sale of wheat) at Raidestos (Thrace),Specifies presence,,,,
Nikephoros,104,227336,Boukellarion,,,Glykas,588.5,Boukellarion: survived the earthquake which destroyed 5 villages in Boukellarion,Specifies presence,,,,
Nikephoros,110,227380,Bulgaria,,,Glykas,599.4,Bulgaria: served as governor of Bulgaria,Dignity,,,,
Nikephoros,110,227383,Thessalonike,https://pleiades.stoa.org/places/491741,,Glykas,599.7-8,Thessalonike: was arrested by the supporters of <Theodora 1> in Thessalonike,Specifies presence,,,,
Nikephoros,110,227384,Kouzenas (Magnesia),,,Glykas,599.9,Kouzenas (Magnesia): was banished to the monastery of Kouzenas (Magnesia),Specifies presence,,,,
Nikephoros,110,227385,Thrakesion,,,Glykas,599.8,Thrakesion: was arrested and taken to Thrakesion,Specifies presence,,,,
Nikephoros,117,436836,Paphlagonia,,,Italikos,144.5,Paphlagonia: used to impress <Michael 20130> with names from Paphlagonia,Does not specify presence,,,,
Nikephoros,187,444388,Adrianople (Thrace),https://pleiades.stoa.org/places/5014275,,Italos trial,"ll. 5, 415",Adrianople (Thrace): was metropolitan of Adrianople,Dignity,,,,
Nikephoros,63,228038,Peloponnesos,,,Kekaumenos,222.11-12,Peloponnesos: served as krites of Hellas and Peloponnesos,Dignity,,,,
Nikephoros,63,228039,Hellas,https://pleiades.stoa.org/places/1001896,,Kekaumenos,222.12,Hellas: served as krites of Peloponnesos and Hellas,Dignity,,,,
Nikephoros,63,228040,Larissa (Thessaly),https://pleiades.stoa.org/places/540905,,Kekaumenos,222.17,Larissa (Thessaly): left for his new post (krites of Peloponnesos and Hellas) and went through Larissa (Thessaly),Specifies presence,,,,
Nikephoros,115,355811,Dorylaion,https://pleiades.stoa.org/places/609367,,Kinnamos,294.21-295.1,Dorylaion: had built beautiful buildings at Dorylaion,Does not specify presence,,,,
Nikephoros,3,228426,Ephesos,https://pleiades.stoa.org/places/599612,,Kleinchroniken,161.21,Ephesos: appointed <Michael 7> metropolitan of Ephesos,Does not specify presence,,,,
Nikephoros,3,228427,Constantinople: Peribleptos,,,Kleinchroniken,"145.77, 162.22",Constantinople: Peribleptos: was tonsured at the monastery of the  Peribleptos,Specifies presence,,,,
Nikephoros,3,339699,Athos: Great Lavra,https://pleiades.stoa.org/places/501365,https://www.geonames.org/735148,Lavra,218.7,Athos: Great Lavra: confirmed the island of Neoi and granted an additional 100 paroikoi to the monasteery of  Great Lavra,Does not specify presence,,,,
Nikephoros,3,339717,Thessalonike,https://pleiades.stoa.org/places/491741,,Lavra,228.1,Thessalonike: held the office of doux of Thessalonike,Dignity,,,,
Nikephoros,3,339738,Athos: Amalphenon,https://pleiades.stoa.org/places/501365,,Lavra,239.31-32,Athos: Amalphenon: issued a chrysobull for the monastery of  Amalphenon,Does not specify presence,,,,
Nikephoros,3,339741,Ta Adrinou (Thrace),,,Lavra,"243.11, 261.11",Ta Adrinou (Thrace): granted to <Leon 177> a klasma of 334 modioi in the village of Ta Adrinou (Thrace),Does not specify presence,,,,
Nikephoros,3,339749,Mesolimna (near Thessalonike),,,Lavra,246.7,Mesolimna (near Thessalonike): granted to <Othon 101> and <Leon 178> the proasteion of Mesolimna (near Thessalonike),Does not specify presence,,,,
Nikephoros,143,229670,Stratonikeia (Lydia),https://pleiades.stoa.org/places/599947,,Lazaros of Galesion,535F,Stratonikeia (Lydia): hailed from Stratonikeia (Lydia),Specifies presence,,,,
Nikephoros,141,229707,Thrakesion,,,Lazaros of Galesion,540A,Thrakesion: served as krites in Thrakesion,Dignity,,,,
Nikephoros,109,229715,Thrakesion,,,Lazaros of Galesion,541A-B,Thrakesion: served as krites in Thrakesion,Dignity,,,,
Nikephoros,144,229727,Thrakesion,,,Lazaros of Galesion,544A,Thrakesion: was appointed krites of Thrakesion,Dignity,,,,
Nikephoros,144,229728,"Galesion, Mount",,https://www.geonames.org/308356,Lazaros of Galesion,544A,"Galesion, Mount: climbed (on foot) Mount  Galesion",Specifies presence,,,,
Nikephoros,102,396394,Brindisi,https://pleiades.stoa.org/places/442509,,Lupus protospatharius,60.4-7,Brindisi: (unnamed) committed an atrocity at Brindisi,Specifies presence,J 1070,Source,,
Nikephoros,3,441004,Nicaea,https://pleiades.stoa.org/places/511268,,"Manasses, Chronicle",6551,Nicaea: occupied Nicaea,?,,,,I couldn't find this place in the text.
Nikephoros,3,395556,"Nea Mone, Chios",,,"Nea Mone,",Miklosich-Müller 5.8,"Nea Mone, Chios: issued a chrysobull confirming the privileges granted by his predecessors to Nea Mone, Chios",Does not specify presence,,,,
Nikephoros,3,395574,"Nea Mone, Chios",,,"Nea Mone,",Gedeon 447,"Nea Mone, Chios: issued a chrysobull confirming the independent status of Nea Mone, Chios",Does not specify presence,,,,
Nikephoros,117,435712,Adrianople (Thrace),https://pleiades.stoa.org/places/5014275,,"Niketas Choniates, Historia",6.21-22,"Adrianople (Thrace): was called ""Macedonian"", because he came from Adrianople",Specifies presence,,,,
Nikephoros,120,395348,Athos: Berroiotou,https://pleiades.stoa.org/places/501365,,Panteleemon,55.8,Athos: Berroiotou: was hegoumenos of the monastery of  Berroiotou,Dignity,,,,
Nikephoros,3,279588,Strobilos: Prodromos,,,Patmos: Acts,1.17,Strobilos: Prodromos: granted a chrysobull to <Maria 162> for her monastery of  Prodromos,Does not specify presence,,,,
Nikephoros,3,279590,Kos,https://pleiades.stoa.org/places/599581,,Patmos: Acts,1.25.3,Kos: granted a chrysobull to <Arsenios 107> for his cells on Kos,Does not specify presence,,,,
Nikephoros,3,279591,Kos,https://pleiades.stoa.org/places/599581,,Patmos: Acts,1.33.14,Kos: granted to <Christodoulos 101> and his monks 2 properties on Kos,Does not specify presence,,,,
Nikephoros,112,445052,Amastris,https://pleiades.stoa.org/places/599489,,Peri metatheseon,"182, no. 50",Amastris: was metropolitan of Amastris,Dignity,,,,
Nikephoros,112,445053,Gangra,https://pleiades.stoa.org/places/844926,,Peri metatheseon,"182, no. 50",Gangra: was metropolitan of Gangra,Dignity,,,,
Nikephoros,112,445054,Constantinople: Kosmidion,,,Peri metatheseon,"182, no. 50",Constantinople: Kosmidion: was hegoumenos of Kosmidion,Dignity,,,,
Nikephoros,120,376280,Athos: Berroiotou,https://pleiades.stoa.org/places/501365,,Protaton,232191,"Athos, Mount: Berroiotou: was hegoumenos of the monastery of  Berroiotou",Dignity,,,,
Nikephoros,63,379741,Peloponnesos and Hellas,,,Psellos,Letters (Sathas) 103.344 tit.,Peloponnesos and Hellas: was praitor of Peloponnesos and Hellas,Dignity,,,,
Nikephoros,63,379742,Peloponnesos,,,Psellos,Letters (Sathas) 103.344 tit.,Peloponnesos: was praitor of Peloponnesos,Dignity,,,,
Nikephoros,63,379743,Hellas,https://pleiades.stoa.org/places/1001896,,Psellos,Letters (Sathas) 103.344 tit.,Hellas: was praitor of Hellas,Dignity,,,,
Nikephoros,141,248524,Constantinople: Stoudios,,,Psellos: Chronographia,V 44.5-7,Constantinople: Stoudios: approached the altar of  Stoudios (?),Specifies presence,,,,
Nikephoros,3,418217,Anatolikon,,,Seals,,Anatolikon: was doux of Anatolikon,Dignity,,,,
Nikephoros,3,418268,Edessa and Antioch,,,Seals,,Edessa and Antioch: was doux of Edessa and Antioch,Dignity,,,,
Nikephoros,3,418269,Antioch (on the Orontes),https://pleiades.stoa.org/places/658381,,Seals,,Antioch: was doux of Antioch,Dignity,,,,
Nikephoros,3,418967,"Edessa (Rohas, Mesopotamia)",https://pleiades.stoa.org/places/658457,,Seals,,Edessa: was doux of Edessa,Dignity,,,,
Nikephoros,3,418968,Antioch (on the Orontes),https://pleiades.stoa.org/places/658381,,Seals,,Antioch: was doux of Antioch,Dignity,,,,
Nikephoros,3,419117,Peloponnesos and Hellas,,,Seals,,Peloponnesos and Hellas: was doux of Peloponnesos and Hellas,Dignity,,,,
Nikephoros,3,419118,Peloponnesos,,,Seals,,Peloponnesos: was doux of Peloponnesos,Dignity,,,,
Nikephoros,3,419119,Hellas,https://pleiades.stoa.org/places/1001896,,Seals,,Hellas: was doux of Hellas,Dignity,,,,
Nikephoros,3,419627,Hellas,https://pleiades.stoa.org/places/1001896,,Seals,,Hellas: was doux of Hellas,Dignity,,,,
Nikephoros,63,417048,Antioch (on the Orontes),https://pleiades.stoa.org/places/658381,,Seals,,Antioch: was doux of Antioch,Dignity,,,,
Nikephoros,63,417372,Antioch (on the Orontes),https://pleiades.stoa.org/places/658381,,Seals,,Antioch: was doux of Antioch,Dignity,,,,
Nikephoros,63,418969,Antioch (on the Orontes),https://pleiades.stoa.org/places/658381,,Seals,,Antioch: was doux of Antioch,Dignity,,,,
Nikephoros,103,417053,Antioch (on the Orontes),https://pleiades.stoa.org/places/658381,,Seals,,Antioch: was patriarch of Antioch,Dignity,,,,
Nikephoros,103,417054,Antioch and the whole Orient,,,Seals,,Antioch and the whole of Orient: was patriarch of Antioch and the whole of Orient,Dignity,,,,
Nikephoros,113,419023,Constantinople: Hagia Sophia,https://pleiades.stoa.org/places/307220778,,Seals,,Constantinople: Hagia Sophia: was deacon of  Hagia Sophia,Dignity,,,,
Nikephoros,115,417288,"Triaditza (Serdica, Bulgaria)",https://pleiades.stoa.org/places/207439,,Seals,,"Triaditza (Serdica, Bulgaria): was doux of Triaditza (Serdica, Bulgaria)",Dignity,,,,
Nikephoros,115,417289,"Triaditza (Serdica, Bulgaria)",https://pleiades.stoa.org/places/207439,,Seals,,"Triaditza (Serdica, Bulgaria): was katepano of Triaditza (Serdica, Bulgaria)",Dignity,,,,
Nikephoros,115,418652,Cyprus,https://pleiades.stoa.org/places/707498,,Seals,,Cyprus: was krites of Cyprus,Dignity,,,,
Nikephoros,115,419097,Anatolikon,,,Seals,,Anatolikon: was strategos of Anatolikon,Dignity,,,,
Nikephoros,138,418691,Kios (Bithynia),https://pleiades.stoa.org/places/511385,,Seals,,Kios: was archbishop of Kios,Dignity,,,,
Nikephoros,137,224800,Constantinople: Hagios Alexios,,,Synod of 1072,57.2-3,Constantinople: Hagios Alexios: attended the synod at the church of  Hagios Alexios,Specifies presence,,,,
Nikephoros,137,224801,Ephesos,https://pleiades.stoa.org/places/599612,,Synod of 1072,57.5,Ephesos: was metropolitan of Ephesos,Dignity,,,,
Nikephoros,112,225262,Gangra,https://pleiades.stoa.org/places/844926,,Synod of 1094,218,Gangra: was metropolitan of Gangra,Dignity,,,,
Nikephoros,3,376434,Athos: Vatopedi,https://pleiades.stoa.org/places/501365,https://www.geonames.org/733922,Vatopedi,112.24-25,"Athos, Mount: Vatopedi: granted in a chrysobull 50 exempt paroikoi to the monastery of  Vatopedi",Does not specify presence,,,,
Nikephoros,3,376073,Athos: Xenophontos,https://pleiades.stoa.org/places/501365,https://www.geonames.org/733836,Xenophontos,70.27-28,"Athos, Mount: Xenophontos: helped Stephanos (<Symeon 130>) restore the abandoned monastery of  Xenophontos",Does not specify presence,,,,
Nikephoros,3,376097,Athos: Phalakrou,https://pleiades.stoa.org/places/501365,,Xenophontos,73138,"Athos, Mount: Phalakrou: ordered <Paulos 105> to comensate Xenophontos for its loss of the metochion of  Phalakrou",Does not specify presence,,,,
Nikephoros,120,395418,Athos: Berroiotou,https://pleiades.stoa.org/places/501365,,Xeropotamou,50.44,Athos: Berroiotou: was hegoumenos of  Berroiotou,Dignity,,,,
Nikephoros,120,395460,Athos: Berroiotou,https://pleiades.stoa.org/places/501365,,Xeropotamou,59.53,Athos: Berroiotou: was hegoumenos of  Berroiotou,Dignity,,,,
Nikephoros,3,247031,Paristrion,,,Zonaras,18.9.2,Paristrion: was commander of the cities of Paristrion,Dignity,,,,
Nikephoros,110,246995,Bulgaria,,,Zonaras,17.28.17,Bulgaria: was invested with rule of Bulgaria,Specifies presence,,,,
Nikephoros,63,247086,Hellas,https://pleiades.stoa.org/places/1001896,,Zonaras,18.16.2,Hellas: conducted judgements in Hellas,Specifies presence,,,,
Nikephoros,63,247087,Peloponnesos,,,Zonaras,18.16.2,Peloponnesos: conducted judgements in Peloponnesos,Specifies presence,,,,
Nikephoros,62,247106,Dyrrachion,https://pleiades.stoa.org/places/573193,,Zonaras,18.17.19,Dyrrachion: was doux of Dyrrachion,Dignity,,,,
Nikephoros,62,247107,Adrianople (Thrace),https://pleiades.stoa.org/places/5014275,,Zonaras,18.17.19,Adrianople: set out for Adrianople,Does not specify presence,,,,
Nikephoros,62,247109,Panion (Thrace),,,Zonaras,18.17.22,Panion (Thrace): people of hastened to join him at Panion (Thrace),Specifies presence,,,,
Nikephoros,62,247108,Raidestos (Thrace),https://pleiades.stoa.org/places/511187,,Zonaras,18.17.23,Raidestos (Thrace): people of hastened to join him Raidestos (Thrace),Specifies presence,,,,
Nikephoros,62,247114,Adrianople (Thrace),https://pleiades.stoa.org/places/5014275,,Zonaras,18.18.1,Adrianople: persuaded Pechenegs to withdraw from Adrianople,Does not specify presence,,,,
Nikephoros,3,,,,,Zonaras,18.18.10,Constantinople: was proclaimed autokrator in Constantinople,Specifies presence,,,,
Nikephoros,3,,,,,Zonaras,18.18.14,Constantinople: went towards Constantinople,Specifies presence near,,,,
Nikephoros,63,,,,,Zonaras,18.18.15,Constantinople: slipped out of Constantinople,Specifies presence,,,,
Nikephoros,3,247135,Constantinople: Great Palace,,,Zonaras,18.18.17,Constantinople: palace: gained possession of  palace,Specifies presence,,,,
Nikephoros,3,247116,Nicaea,https://pleiades.stoa.org/places/511268,,Zonaras,18.18.8,Nicaea: hastened to seize Nicaea,Does not specify presence,,,,
Nikephoros,3,247117,Nicaea,https://pleiades.stoa.org/places/511268,,Zonaras,18.18.9,Nicaea: had been handed it by the guard of Nicaea,Specifies presence,,,,
Nikephoros,3,,,,,Zonaras,18.18.9,Constantinople: was visited daily by many from there Constantinople,Specifies presence,,,,
Nikephoros,3,247136,Constantinople: Great Palace,,,Zonaras,18.19.1,Constantinople: palace: was crowned when he was in  palace,Specifies presence,,,,
Nikephoros,61,247143,Dyrrachion,https://pleiades.stoa.org/places/573193,,Zonaras,18.19.16,Dyrrachion: was doux of Dyrrachion,Dignity,,,,
Nikephoros,61,247144,Thessalonike,https://pleiades.stoa.org/places/491741,,Zonaras,18.19.16,Thessalonike: set out with an army for Thessalonike,Does not specify presence,,,,
Nikephoros,61,247146,Thessalonike: Acropolis,https://pleiades.stoa.org/places/491741,,Zonaras,18.19.19,Thessalonike: Acropolis: fled to  Acropolis,Specifies presence,,,,
Nikephoros,103,247148,Antioch (on the Orontes),https://pleiades.stoa.org/places/658381,,Zonaras,18.19.25,Antioch (on the Orontes): was patriarch of Antioch (on the Orontes),Dignity,,,,
Nikephoros,62,247138,Kalabrye (Thrace),,https://www.geonames.org/737444,Zonaras,18.19.6,Kalabrye (Thrace): Met with by <Alexios 1> at Kalabrye (Thrace),Specifies presence,,,,
Nikephoros,62,,,,,Zonaras,18.19.6,Constantinople: was led blind to Constantinople,Specifies presence,,,,
Nikephoros,3,247157,Constantinople: Great Palace,,,Zonaras,18.20.19,Constantinople: palace: left  palace,Specifies presence,,,,
Nikephoros,3,247158,Constantinople: Peribleptos,,,Zonaras,18.20.19,Constantinople: Peribleptos: departed to and was called second founder of the monastery of the Peribleptos,Specifies presence,,,,
Nikephoros,3,247159,Constantinople: Peribleptos,,,Zonaras,18.20.19-20,Constantinople: Peribleptos: lived for some time and was buried in the monastery of the Peribleptos,Specifies presence,,,,
Nikephoros,115,247174,Thessalonike,https://pleiades.stoa.org/places/491741,,Zonaras,18.21.11,Thessalonike: was allocated as his home Thessalonike,Specifies presence,,,,
Nikephoros,64,247199,Thrace,,,Zonaras,18.23.26,Thrace: went to the regions of Thrace,Specifies presence,,,,
Nikephoros,64,247200,Thrace,,,Zonaras,18.23.27,Thrace: went to and entered  fortress in,Specifies presence,,,,
Niketas,140,225928,Corinth,https://pleiades.stoa.org/places/570182,,Alexios Stoudites,"19.29, 26.12",Corinth: was metropolitan of Corinth,Dignity,,,,
Niketas,143,225982,Apros,https://pleiades.stoa.org/places/507367,,Alexios Stoudites,27.13,Apros: was archbishop of Apros,Dignity,,,,
Niketas,144,225992,Arabissos,https://pleiades.stoa.org/places/628925,,Alexios Stoudites,27.21,Arabissos: was bishop of Arabissos,Dignity,,,,
Niketas,145,226013,Otranto (Apulia),https://pleiades.stoa.org/places/442615,,Alexios Stoudites,Rhalles-Potles 5.32,Otranto (Apulia): was metropolitan of Otranto (Apulia),Dignity,,,,
Niketas,135,224986,Ankyra,https://pleiades.stoa.org/places/619103,,Chrysobull of 1079,31.4,Ankyra: was metropolitan of Ankyra,Dignity,,,,
Niketas,137,225003,Trebizond,https://pleiades.stoa.org/places/857359,,Chrysobull of 1079,31.21,Trebizond: was metropolitan of Trebizond,Dignity,,,,
Niketas,138,225013,Kerasous,https://pleiades.stoa.org/places/857183,,Chrysobull of 1079,31.31,Kerasous: was metropolitan of Kerasous,Dignity,,,,
Niketas,104,227344,Constantinople: Great Palace,,,Glykas,588.12-13,Constantinople: Great Palace: walked in procession to Blachernai from the  Great Palace,Specifies presence,,,,
Niketas,135,444419,Ankyra,https://pleiades.stoa.org/places/619103,,Italos trial,l. 67,Ankyra: was metropolitan of Ankyra,Dignity,,,,
Niketas,138,444418,Kerasous,https://pleiades.stoa.org/places/857183,,Italos trial,"ll. 6, 75",Kerasous: was metropolitan of Kerasous,Dignity,,,,
Niketas,122,339718,Thessalonike,https://pleiades.stoa.org/places/491741,,Lavra,229.33,"Thessalonike: was krites of Boleron, Strymon and Thessalonike",Dignity,,,,
Niketas,122,339719,Strymon,https://pleiades.stoa.org/places/501629,,Lavra,229.33,"Strymon: was krites of Thessalonike, Boleron and Strymon",Dignity,,,,
Niketas,122,339720,Boleron,,,Lavra,229.33,"Boleron: was krites of Strymon, Thessalonike and Boleron",Dignity,,,,
Niketas,179,445278,Constantinople: Hagia Sophia,https://pleiades.stoa.org/places/307220778,,Niketas Stethatos (Darrouzes),292 tit,Constantinople: Hagia Sophia: was deacon of Hagia Sophia,Dignity,,,,
Niketas,105,445266,Constantinople: Stoudios,,,Niketas Stethatos (Darrouzes),64 tit,Constantinople: Stoudios: was a monk at the Stoudios monastery,Dignity,,,,
Niketas,105,445299,Constantinople: Stoudios,,,Niketas Stethatos (Darrouzes),228 tit,Constantinople: Stoudios: was a monk at the Stoudios monastery,Dignity,,,,
Niketas,102,417031,Antioch (on the Orontes),https://pleiades.stoa.org/places/658381,,Seals,,Antioch: was katepano of Antioch,Dignity,,,,
Niketas,107,417947,Samos (Aegean),,,Seals,,Samos: was strategos of Samos,Dignity,,,,
Niketas,107,417948,Samos (Aegean),,,Seals,,Samos: was strategos of Samos,Dignity,,,,
Niketas,122,417329,Thessalonike,https://pleiades.stoa.org/places/491741,,Seals,,Thessalonike: was krites of the hippodrome of Thessalonike,Dignity,,,,
Niketas,122,417330,"Boleron, Strymon and Thessalonike",,,Seals,,"Boleron, Strymon and Thessalonike: was krites of the hippodrome of Boleron, Strymon and Thessalonike",Dignity,,,,
Niketas,122,417328,Strymon,https://pleiades.stoa.org/places/501629,,Seals,,Strymon: was krites of the hippodrome of Strymon,Dignity,,,,
Niketas,122,417327,Boleron,,,Seals,,Boleron: was krites of the hippodrome of Boleron,Dignity,,,,
Niketas,122,417123,Boleron,,,Seals,,Boleron: was krites of the velon of Boleron,Dignity,,,,
Niketas,122,417124,"Boleron, Strymon and Thessalonike",,,Seals,,"Boleron, Strymon and Thessalonike: was krites of the velon of Boleron, Strymon and Thessalonike",Dignity,,,,
Niketas,122,417122,Thessalonike,https://pleiades.stoa.org/places/491741,,Seals,,Thessalonike: was krites of the velon of Thessalonike,Dignity,,,,
Niketas,122,417121,Strymon,https://pleiades.stoa.org/places/501629,,Seals,,Strymon: was krites of the velon of Strymon,Dignity,,,,
Niketas,127,417075,West,,,Seals,,West: was chartoularios of the West,Dignity,,,,
Niketas,142,225974,Ankyra (Phrygia),https://pleiades.stoa.org/places/609305,,Seals,,Ankyra (Phrygia) (Phrygia): was bishop of Ankyra (Phrygia) (Phrygia),Dignity,,,,
Niketas,135,224804,Constantinople: Hagios Alexios,,,Synod of 1072,57.2-3,Constantinople: Hagios Alexios: attended the synod at the church of  Hagios Alexios,Specifies presence,,,,
Niketas,135,224805,Ankyra,https://pleiades.stoa.org/places/619103,,Synod of 1072,57.7,Ankyra: was metropolitan of Ankyra,Dignity,,,,
Niketas,136,224873,Pidachthoe,https://pleiades.stoa.org/places/857266,,Synod of 1072,58.42,Pidachthoe: was archbishop of Pidachthoe,Dignity,,,,
Niketas,136,224874,Constantinople: Hagios Alexios,,,Synod of 1072,57.2-3,Constantinople: Hagios Alexios: attended the synod at the church of  Hagios Alexios,Specifies presence,,,,
Niketas,109,225268,Synada (Phrygia),https://pleiades.stoa.org/places/609538,,Synod of 1094,218,Synada (Phrygia): was metropolitan of Synada (Phrygia),Dignity,,,,
Niketas,110,225270,Athens,https://pleiades.stoa.org/places/579885,,Synod of 1094,218,Athens: was metropolitan of Athens,Dignity,,,,
Niketas,111,225299,Mitylene,https://pleiades.stoa.org/places/550763,,Synod of 1094,219,Mitylene: was metropolitan of Mitylene,Dignity,,,,
Niketas,115,232957,Constantinople: Hagia Sophia,https://pleiades.stoa.org/places/307220778,,"Theophylaktos of Ohrid, Letters","151.1, 471.1",Constantinople: Hagia Sophia: held the office of didaskalos of  Hagia Sophia,Dignity,,,,
Niketas,104,,,,,Zonaras,17.14.23,Constantinople: sent prisoners to Constantinople,Does not specify presence,,,,
Nikolaos,177,225927,Syllaion (Papmhylia),https://pleiades.stoa.org/places/639109,,Alexios Stoudites,19.28,Syllaion (Papmhylia): was metropolitan of Syllaion (Papmhylia),Dignity,,,,
Nikolaos,178,225968,Pessinous (on Sangarios),https://pleiades.stoa.org/places/609500,,Alexios Stoudites,26.28,Pessinous (on Sangarios): was metropolitan of Pessinous (on Sangarios),Dignity,,,,
Nikolaos,179,225972,Asmosaton,https://pleiades.stoa.org/places/874354,,Alexios Stoudites,27.1,Asmosaton: was metropolitan of Asmosaton,Dignity,,,,
Nikolaos,182,226017,Ankyra,https://pleiades.stoa.org/places/619103,,Alexios Stoudites,"46, Rhalles-Potles 5.36",Ankyra: was metropolitan of Ankyra,Dignity,,,,
Nikolaos,180,226005,Otranto (Apulia),https://pleiades.stoa.org/places/442615,,Alexios Stoudites,Rhalles-Potles 5.24,Otranto (Apulia): was metropolitan of Otranto (Apulia),Dignity,,,,
Nikolaos,181,226008,Lemnos,https://pleiades.stoa.org/places/550693,,Alexios Stoudites,"Rhalles-Potles 5.24, 5.32",Lemnos: was archbishop of Lemnos,Dignity,,,,
Nikolaos,14,437179,Cyprus,https://pleiades.stoa.org/places/707498,,"Basilakios, Orationes et epistulae","75, tit",Cyprus: was appointed but resigned as archbishop of Cyprus,Dignity,,,,
Nikolaos,174,224984,Caesarea (Cappadocia),https://pleiades.stoa.org/places/629035,,Chrysobull of 1079,30.2,Caesarea: was metropolitan of Caesarea,Dignity,,,,
Nikolaos,14,355583,Cyprus,https://pleiades.stoa.org/places/707498,,Kinnamos,83.17,Cyprus: had been archbishop of Cyprus,Dignity,,,,
Nikolaos,116,339658,Hierissos,,,Lavra,205.53,Hierissos: was nomikos of Hierissos,Dignity,,,,
Nikolaos,187,229648,Abilon (near Galesion),,,Lazaros of Galesion,530C,Abilon (near Galesion): abandoned his monastery and joined that of Abilon (near Galesion),Specifies presence,,,,
Nikolaos,187,229649,"Galesion, Mount: Saviour",,,Lazaros of Galesion,530C,"Galesion, Mount: Saviour: was planning to steal the monks' belongins and returned to the monastery of the  Saviour",Specifies presence,,,,
Nikolaos,187,229650,"Galesion, Mount: Saviour",,,Lazaros of Galesion,530D,"Galesion, Mount: Saviour: returned for good and ended his life at the monastery of the  Saviour",Specifies presence,,,,
Nikolaos,188,229777,Galesion (near Ephesos),,,Lazaros of Galesion,573D,Galesion (near Ephesos): was sent by <Lazaros 104> to fetch cheese from the village of Galesion (near Ephesos),Specifies presence,,,,
Nikolaos,189,229818,Batheia (Samos),,https://www.geonames.org/252166,Lazaros of Galesion,582A,Batheia (Samos): was appointed oikonomos at the bishopric of Batheia (Samos),Dignity,,,,
Nikolaos,120,395356,Athos: Iveron,https://pleiades.stoa.org/places/501365,https://www.geonames.org/736092,Panteleemon,61.3,Athos: Iveron: was hegoumenos of the monastery of  Iveron,Dignity,,,,
Nikolaos,13,341864,"Latros, Mount",https://pleiades.stoa.org/places/599753,,Patmos: Codicil,87,"Latros, Mount: was persuaded by <Christodoulos 101> to return three-quarters of the books (from Latros) to Latros, Mount",Does not specify presence,J 1093 [TAQ],Aleksandar,,"This document was produced in 1093, March 10 and 15."
Nikolaos,13,341866,"Latros, Mount",https://pleiades.stoa.org/places/599753,,Patmos: Codicil,87,"Latros, Mount: ordered that <Christodoulos 101> receive one quarter (unornamented) of the books from Latros, Mount",Does not specify presence,J 1093 [TAQ],Aleksandar,,"This document was produced in 1093, March 10 and 15."
Nikolaos,14,445108,Cyprus,https://pleiades.stoa.org/places/707498,,Peri metatheseon,"183, no. 57","Cyprus: was archbishop of Cyprus, but resigned",Dignity,,,,
Nikolaos,14,445110,Constantinople: Kosmidion,,,Peri metatheseon,"183, no. 57",Constantinople: Kosmidion: was for many years hegoumenos of Kosmidion,Dignity,,,,
Nikolaos,104,418682,Thrace,,,Seals,,Thrace: was praetor of Thrace,Dignity,,,,
Nikolaos,104,418683,Macedonia,https://pleiades.stoa.org/places/981531,,Seals,,Macedonia: was praetor of Macedonia,Dignity,,,,
Nikolaos,104,418681,Thrace and Macedonia,,,Seals,,Thrace and Macedonia: was praetor of Thrace and Macedonia,Dignity,,,,
Nikolaos,105,225303,Kerkyra,https://pleiades.stoa.org/places/530835,,Synod of 1094,219,Kerkyra: was metropolitan of Kerkyra,Dignity,,,,
Nikolaos,105,233003,Kerkyra,https://pleiades.stoa.org/places/530835,,"Theophylaktos of Ohrid, Letters","3991., 407.1",Kerkyra: was metropolitan of Kerkyra,Dignity,,,,
Nikolaos,107,232982,Bulgaria,,,"Theophylaktos of Ohrid, Letters",239.22,Bulgaria: arrived in Bulgaria,Specifies presence,,,,
Nikon,102,229751,Lydia,https://pleiades.stoa.org/places/991385,,Lazaros of Galesion,560A,Lydia: hailed from Lydia,Specifies presence,,,,
Nikon,103,229752,"Galesion, Mount: Theotokos",,,Lazaros of Galesion,561A,"Galesion, Mount: Theotokos: was sent by <Lazaros 104> to serve the brothers at the  Theotokos",Specifies presence,,,,
Nikon,103,229754,"Galesion, Mount: Resurrection",,,Lazaros of Galesion,561A,"Galesion, Mount: Resurrection: used to deliver in secret water to the (monastery of the)  Resurrection",Specifies presence,,,,
Nikon,103,229756,"Galesion, Mount: Theotokos",,,Lazaros of Galesion,561C,"Galesion, Mount: Theotokos: was carried by <Gerasimos 102> back to the  Theotokos",Specifies presence,,,,
Nikon,103,229759,"Galesion, Mount: Petra",,,Lazaros of Galesion,561E,"Galesion, Mount: Petra: was allowed by <Lazaros 104> to ascend the pillar at  Petra",Specifies presence,,,,
Nikoulitzas,101,228015,Larissa (Thessaly),https://pleiades.stoa.org/places/540905,,Kekaumenos,204.32,Larissa (Thessaly): hailed from Larissa (Thessaly),Specifies presence,,,,
Nikoulitzas,101,228017,Larissa (Thessaly),https://pleiades.stoa.org/places/540905,,Kekaumenos,206.19,Larissa (Thessaly): owned a house in Larissa (Thessaly),Does not specify presence,,,,
Nikoulitzas,101,228020,Pharsalos (Greece),https://pleiades.stoa.org/places/541042,,Kekaumenos,212.29,Pharsalos (Greece): left his home (at Larissa) and reached Pharsalos (Greece),Specifies presence,,,,
Nikoulitzas,101,228021,Pleres (Thessaly),,,Kekaumenos,212.30,Pleres (Thessaly): encamped by the river Pleres,Specifies presence near,,,,
Nikoulitzas,101,228022,Kitros (Macedonia),,https://www.geonames.org/735702,Kekaumenos,212.35,Kitros (Macedonia): sent a contingent and captured the kastron of Kitros (Macedonia),Specifies presence,,,,
Nikoulitzas,101,228023,Servia (Macedonia),https://pleiades.stoa.org/places/491676,,Kekaumenos,214.16,"Servia (Macedonia): attacked, besieged and captured the kastron of Servia (Macedonia)",Specifies presence,,,,
Nikoulitzas,101,228024,Peteriskos (Bulgaria),,https://www.geonames.org/734679,Kekaumenos,218.19,"Peteriskos (Bulgaria): took the captured rebel leaders (<Sthlabotas 101>, <Theodoros 114>) to Peteriskos (Bulgaria)",Specifies presence,,,,
Nikoulitzas,101,228033,Amaseia,https://pleiades.stoa.org/places/857018,,Kekaumenos,220.4-5,Amaseia: was banished to the kastron of Amaseia,Specifies presence,,,,
Nikoulitzas,101,228034,Amaseia: Marmarote,https://pleiades.stoa.org/places/857018,,Kekaumenos,220.6,Amaseia: Marmarote: was imprisoned in the  Marmarote,Specifies presence,,,,
Noah,101,227993,Demetrias,https://pleiades.stoa.org/places/540730,,Kekaumenos,124.21-25,Demetrias: resided at and was a prominent citizen of Demetrias,Specifies presence,,,,
Oumer,101,246921,Sicily,https://pleiades.stoa.org/places/462492,,Zonaras,17.15.15,Sicily: advanced on Sicily,Specifies presence,,,,
Pachomios,102,229774,Limnai (near Mount Galesion),,,Lazaros of Galesion,572E,Limnai (near Mount Galesion): sent provisions to the monastery (of <Lazaros 104>) from Limnai (near Mount Galesion),Specifies presence,,,,
Pankratios,101,234506,Ani,https://pleiades.stoa.org/places/874322,,Attaleiates: History,80.15 / 61.5,"Ani: requested and was granted, but ruled ineffectively, the city of Ani",Specifies presence,,,,
Pankratios,101,234507,Ani: Acropolis,https://pleiades.stoa.org/places/874322,,Attaleiates: History,80.19 / 61.7,Ani: Acropolis: failed to provide supplies for the  Acropolis,Specifies presence / Specifies presence near,,,,
Pankratios,101,234510,Ani: Acropolis,https://pleiades.stoa.org/places/874322,,Attaleiates: History,82.10 / 62.10,Ani: Acropolis: fled the massacre and sought refuge in the  Acropolis,Does not specify presence,"J 1064, August 6",Other,"K&K, n. 146.","Pankratios is not mentioned here explicitly so we cannot say with certainty that this person was in the citadel/acropolis. The text only says that the ""rulling class"" saved itself by going to the acropolis, without naming anyone."
Pankratios,103,226479,Vaspurakan,,,Boilas,39,Vaspurakan: served as doux of Vaspurakan,Dignity,,,,
Pankratios,102,228019,Larissa (Thessaly),https://pleiades.stoa.org/places/540905,,Kekaumenos,212.8,Larissa (Thessaly): was present when the revolt of Vlachs and Bulgarians broke out at Larissa (Thessaly),Specifies presence,,,,
Pantherios,101,224835,Adrianople (Thrace),https://pleiades.stoa.org/places/5014275,,Synod of 1072,57.22,Adrianople: was metropolitan of Adrianople,Dignity,,,,
Pantherios,101,224836,Constantinople: Hagios Alexios,,,Synod of 1072,57.2-3,Constantinople: Hagios Alexios: attended the synod at the church of  Hagios Alexios,Specifies presence,,,,
Pantoleon,104,229773,"Galesion, Mount: Resurrection",,,Lazaros of Galesion,571E,"Galesion, Mount: Resurrection: worked at the monastery of the  Resurrection",Specifies presence,,,,
Pantoleon,101,395346,Athos: Hagios Basileios,https://pleiades.stoa.org/places/501365,,Panteleemon,55.7-8,Athos: Hagios Basileios: was hegoumenos of the monastery of  Hagios Basileios,Dignity,,,,
Pantoleon,101,395448,Athos: Hagios Basileios,https://pleiades.stoa.org/places/501365,,Xeropotamou,59.47,Athos: Hagios Basileios: was hegoumenos of  Hagios Basileios,Dignity,,,,
Paulos,101,234661,"Edessa (Rohas, Mesopotamia)",https://pleiades.stoa.org/places/658457,,Attaleiates: History,168.7-8 / 124.24,"Edessa (Rohas, Mesopotamia): was recalled by the emperor from the katepanikion of Edessa (Rohas, Mesopotamia)",Does not specify presence,,,,
Paulos,101,234662,Theodosioupolis (Erzerum),https://pleiades.stoa.org/places/874373,,Attaleiates: History,168.9 / 124.25-26,Theodosioupolis (Erzerum): took up the government of Theodosioupolis (Erzerum),Specifies presence,,,,
Paulos,101,234663,Theodosioupolis (Erzerum),https://pleiades.stoa.org/places/874373,,Attaleiates: History,168.9 / 124.25-26,Theodosioupolis (Erzerum): decided to get to Constantinople and during the night left Theodosioupolis (Erzerum),Does not specify presence,,,,
Paulos,104,376138,Athos: Mylona,https://pleiades.stoa.org/places/501365,,Esphigmenou,42.36,"Athos, Mount: Mylonas: was a monk at the monastery of  Mylonas",Specifies presence,,,,
Paulos,105,376302,Athos: Docheiariou,https://pleiades.stoa.org/places/501365,https://www.geonames.org/736414,Hilandar,98.1,"Athos, Mount: Docheiariou: was hegoumenos of the monastery of  Docheiariou",Dignity,,,,
Paulos,105,376322,Athos: Hagios Konstantinos,https://pleiades.stoa.org/places/501365,,Hilandar,98.15,Athos: Hagios Konstantinos: granted the abandoned monastery of <Laurentios 106> to <Neophytos 114> and the latter's monastery of  Hagios Konstantinos,Does not specify presence,,,,
Paulos,116,229579,Rome,https://pleiades.stoa.org/places/423025,,Lazaros of Galesion,515F,Rome: decided to leave with <Lazaros 104> for Rome,Does not specify presence,J 1009,Editor,,
Paulos,116,229580,Tiberias (Palestine),https://pleiades.stoa.org/places/678431,,Lazaros of Galesion,516F,Tiberias (Palestine): reached with <Lazaros 104> the city of Tiberias (Palestine),Specifies presence,,,,
Paulos,116,229583,Thabor,https://pleiades.stoa.org/places/678419,,Lazaros of Galesion,517A,Thabor: worshipped with <Lazaros 104> on Thabor,Specifies presence,,,,
Paulos,116,229584,Damascus,https://pleiades.stoa.org/places/678106,,Lazaros of Galesion,517A,Damascus: went down from Mount Thabor to Damascus,Specifies presence,,,,
Paulos,116,229587,"Lebanon, Mount",https://pleiades.stoa.org/places/678267,,Lazaros of Galesion,517A,"Lebanon, Mount: crossed from Damascus over Lebanon, Mount",Specifies presence,,,,
Paulos,116,229588,Tripoli (Palestine),https://pleiades.stoa.org/places/668394,,Lazaros of Galesion,517A,Tripoli (Palestine): crossed Mount Lebanon and reached Tripoli (Palestine),Specifies presence,,,,
Paulos,116,229591,Laodikeia (Syria),https://pleiades.stoa.org/places/668290,,Lazaros of Galesion,517A,Laodikeia (Syria): arrived at and decided to part from <Lazaros 104> at Laodikeia (Syria),Specifies presence,,,,
Paulos,105,395355,"Athos, Mount",https://pleiades.stoa.org/places/501365,,Panteleemon,61.2,"Athos, Mount: was protos of the holy mountain of Athos, Mount",Dignity,,,,
Paulos,115,230912,Samosata (on Euphrates),,,Psellos,Oratoria minora 47.13,Samosata (on Euphrates): was a native (?) of Samosata (on Euphrates),Specifies presence,,,,
Paulos,105,376383,Athos: Docheiariou,https://pleiades.stoa.org/places/501365,https://www.geonames.org/736414,Vatopedi,"93.25, 101.32","Athos, Mount: Docheiariou: was a monk at (and hegoumenos of)  Docheiariou",Dignity,,,,
Paulos,105,376066,"Athos, Mount",https://pleiades.stoa.org/places/501365,,Xenophontos,70.10,"Athos, Mount: was appointed (confirmed) by <Nikephoros 3> protos of Athos, Mount",Dignity,,,,
Paulos,105,376079,Athos: Xenophontos,https://pleiades.stoa.org/places/501365,https://www.geonames.org/733836,Xenophontos,71.61-62,"Athos, Mount: Xenophontos: was ordered by <Alexios 1> to allow Stephanos (<Symeon 130>) back to his monastery of  Xenophontos",Does not specify presence,,,,
Paulos,105,376082,Athos: Xenophontos,https://pleiades.stoa.org/places/501365,https://www.geonames.org/733836,Xenophontos,71.78,"Athos, Mount: Xenophontos: handed back to Stephanos (<Symeon 130>) his monastery of  Xenophontos",Does not specify presence,,,,
Paulos,105,376091,Athos: Christ Saviour (Xenophontos dependency),https://pleiades.stoa.org/places/501365,,Xenophontos,73122,Athos: Christ Saviour (Xenophontos dependency): handed back to Xenophontos as a metochion the monydrion of  Christ Saviour (Xenophontos dependency),Does not specify presence,,,,
Paulos,105,376092,Athos: Xenophontos,https://pleiades.stoa.org/places/501365,https://www.geonames.org/733836,Xenophontos,73123,"Athos, Mount: Xenophontos: handed back as a metochion the monydrion of Christ Saviour to the monastery of  Xenophontos",Does not specify presence,,,,
Paulos,105,376096,Athos: Phalakrou,https://pleiades.stoa.org/places/501365,,Xenophontos,73138,"Athos, Mount: Phalakrou: removed from Xenophontos and raised again to (an autonomous) monastery the metochion of  Phalakrou",Does not specify presence,,,,
Paulos,105,376100,Athos: Monoxylitou,https://pleiades.stoa.org/places/501365,,Xenophontos,73141,Athos: Monoxylitou: was ordered by the emperor (<Alexios 1>) to grant to Xenophontos in exchange for the metochion of Phalakrou that of  Monoxylitou,Does not specify presence,,,,
Paulos,105,376126,Athos: Prophet Daniel,https://pleiades.stoa.org/places/501365,,Xenophontos,74192,"Athos, Mount: Prophet Daniel: rendered its independence from Xenophontos to the monastery of  Prophet Daniel",Does not specify presence,,,,
Petros,131,225949,Kypsella (Thrace),https://pleiades.stoa.org/places/501489,,Alexios Stoudites,"20.17, Rhalles-Potles 5.24",Kypsella (Thrace): was archbishop of Kypsella (Thrace),Dignity,,,,
Petros,132,226019,Hellas,https://pleiades.stoa.org/places/1001896,,Alexios Stoudites,"47, Rhalles-Potles 5.37",Hellas: hailed from Hellas,Specifies presence,,,,
Petros,5000,372897,Macedonia,https://pleiades.stoa.org/places/981531,,Anna Komnene,31.28,Macedonia: hailed from Macedonia,Does not specify presence,,,,
Petros,101,234565,Antioch (on the Orontes),https://pleiades.stoa.org/places/658381,,Attaleiates: History,110.20-21 / 84.3,Antioch (on the Orontes): was born in the great Antioch (on the Orontes),Specifies presence,,,,
Petros,101,234566,Hierapolis (Syria): Acropolis,,,Attaleiates: History,111.1 / 84.6,Hierapolis (Syria): Acropolis: occupied the gates during the Roman siege of the  Acropolis,Specifies presence,,,,
Petros,129,225010,Thebes (Greece),https://pleiades.stoa.org/places/541138,,Chrysobull of 1079,31.28,Thebes (Greece): was metropolitan of Thebes (Greece),Dignity,,,,
Petros,102,227975,Demetrias,https://pleiades.stoa.org/places/540730,,Kekaumenos,110.17,Demetrias: captured Demetrias,Specifies presence,,,,
Petros,106,227994,Calabria,,,Kekaumenos,126.17,Calabria: was a native of Calabria,Specifies presence,,,,
Petros,106,227995,Bisignano (Calabria),https://pleiades.stoa.org/places/452273,,Kekaumenos,126.18,Bisignano (Calabria): was entrusted with the defence of Bisignano (Calabria),Specifies presence,,,,
Petros,103,434779,Antioch (on the Orontes),https://pleiades.stoa.org/places/658381,,Keroularios  ,ep. to Petros of Antioch II (Will) 184 tit,Antioch (on the Orontes): was patriarch of Antioch,Dignity,,,,
Petros,103,434780,Antioch (on the Orontes),https://pleiades.stoa.org/places/658381,,Keroularios  ,ep. to Petros of Antioch I (Will) 172 tit,Antioch (on the Orontes): was patriarch of Antioch,Dignity,,,,
Petros,103,435031,Antioch (on the Orontes),https://pleiades.stoa.org/places/658381,,Petros of Antioch  ,"ep. synod. Antioch (Michel, ""Botschaft"") 116.1, 117.7",Antioch (on the Orontes): was patriarch of Antioch,Dignity,,,,
Petros,103,435036,Khorasan,,,Petros of Antioch  ,ep. to Domenico of Grado (Will) 212.32-33,"Khorasan: as a great see whose incumbent was not entitled patriarch, he cited Khorasan",Does not specify presence,,,,
Petros,103,435037,Bulgaria,,,Petros of Antioch  ,ep. to Domenico of Grado (Will) 212.31,"Bulgaria: as a great see whose incumbent was not entitled patriarch, he cited Bulgaria",Does not specify presence,,,,
Petros,103,435040,Antioch (on the Orontes),https://pleiades.stoa.org/places/658381,,Petros of Antioch  ,"ep. synod. Antioch (Michel, ""Botschaft"") 117.21","Antioch (on the Orontes): as patriarch of Antioch, he had been born in Antioch",Specifies presence,,,,
Petros,103,444965,Antioch (on the Orontes),https://pleiades.stoa.org/places/658381,,Petros of Antioch  ,ep. synod. Alexandria (Michel) 432.27,Antioch (on the Orontes): was born into an Antiochene family and received early education  at Antioch,Specifies presence,,,,
Petros,103,444967,Constantinople: Hagia Sophia,https://pleiades.stoa.org/places/307220778,,Petros of Antioch  ,ep. synod. Jerusalem (Michel) 440.26,Constantinople: Hagia Sophia: he was appointed skeuophylax of Hagia Sophia,Dignity,,,,
Petros,103,444971,Constantinople: Holy Apostles,,,Petros of Antioch  ,ep. synod. Jerusalem (Michel) 440.23-24,Constantinople: Holy Apostles: was appointed to an office at the Church of the Holy Apostles,Dignity,,,,
Petros,101,417755,Antioch (on the Orontes),https://pleiades.stoa.org/places/658381,,Seals,,Antioch: was doux of Antioch,Dignity,,,,
Petros,101,418811,Seleukeia,https://pleiades.stoa.org/places/639099,,Seals,,Seleukeia: was doux of Seleukeia,Dignity,,,,
Petros,104,225297,Patras,https://pleiades.stoa.org/places/570567,,Synod of 1094,219,Patras: was metropolitan of Patras,Dignity,,,,
Petros,102,246935,Nikopolis (Epiros),https://pleiades.stoa.org/places/531013,,Zonaras,17.17.14,Nikopolis (Epiros): won over the region of Nikopolis (Epiros),Specifies presence,,,,
Petros,102,246934,Hellas,https://pleiades.stoa.org/places/1001896,,Zonaras,17.17.14,Hellas: marched against Hellas,Specifies presence near,,,,
Petros,102,246933,Dyrrachion,https://pleiades.stoa.org/places/573193,,Zonaras,17.17.14,Dyrrachion: captured Dyrrachion,Specifies presence,,,,
Petros,102,246929,Bulgaria,,,Zonaras,17.17.3,Bulgaria: was chosen as emperor (tsar) of Bulgaria,Dignity,,,,
Petros,102,,,,,Zonaras,17.17.3,Constantinople: ran away from Constantinople,Specifies presence,,,,
Pharasmanes,101,234570,Hierapolis (Syria): Acropolis,,,Attaleiates: History,116.6 / 88.2,Hierapolis (Syria): Acropolis: was appointed commander of the garrison sent to guard the  Acropolis,Dignity,,,,
Philaretos,101,433651,Antioch (on the Orontes),https://pleiades.stoa.org/places/658381,,Anna Komnene,186.71-72,Antioch (on the Orontes): his activities focused on Antioch,Specifies presence,,,,
Philaretos,101,417325,East,,,Seals,,East: was domestikos of the East,Dignity,,,,
Philaretos,101,417377,Orient and Maras,,,Seals,,Orient and Maras: was domestikos of Orient and Maras,Dignity,,,,
Philaretos,101,417378,Orient,,,Seals,,Orient: was domestikos of Orient,Dignity,,,,
Philaretos,101,417379,Germanikeia,https://pleiades.stoa.org/places/658474,,Seals,,Maras: was domestikos of Maras,Dignity,,,,
Philaretos,101,418853,Anatolikon,,,Seals,,Anatolikon: was stratopedarches of Anatolikon,Dignity,,,,
Philaretos,101,418854,Orient,,,Seals,,Orient: was domestikos of Orient,Dignity,,,,
Philaretos,101,418855,East,,,Seals,,East: was domestikos of the East,Dignity,,,,
Philaretos,101,419242,Orient,,,Seals,,Orient: was domestikos of the scholai of Orient,Dignity,,,,
Philippikos,101,229629,"Galesion, Mount: Saviour",,,Lazaros of Galesion,524B,"Galesion, Mount: Saviour: went to visit <Lazaros 104> at the Theotokos and left his monastery of the  Saviour",Specifies presence,,,,
Philippikos,101,229631,"Galesion, Mount: Saviour",,,Lazaros of Galesion,524C,"Galesion, Mount: Saviour: ran towards the gorge out of (the monastery of) the  Saviour",Specifies presence,,,,
Philippikos,104,229794,Amorion,https://pleiades.stoa.org/places/609302,,Lazaros of Galesion,577E,Amorion: accompanied <Damianos 103> who abandoned him near Amorion,Specifies presence,,,,
Philippos,101,225935,Amorion,https://pleiades.stoa.org/places/609302,,Alexios Stoudites,20.2,Amorion: was metropolitan of Amorion,Dignity,,,,
Photios,101,229665,Jerusalem,https://pleiades.stoa.org/places/687928,,Lazaros of Galesion,535A,Jerusalem: left on a journey to Constantinople from Jerusalem,Specifies presence,,,,
Photios,101,229667,Lydia,https://pleiades.stoa.org/places/991385,,Lazaros of Galesion,535A,Lydia: left Constantinople and travelled through Lydia,Specifies presence,,,,
Photios,101,229668,Kouzenas (Magnesia),,,Lazaros of Galesion,535B,Kouzenas (Magnesia): went up to the monastery of Theophylaktos at Kouzenas (Magnesia),Specifies presence,,,,
Pinzarach,101,228050,Sidera Gephyra (eastern Anatolia),https://pleiades.stoa.org/places/658472,,Kekaumenos,238.13,Sidera Gephyra (eastern Anatolia): left Constantinople and crossed the Sidera Gephyra (eastern Anatolia),Specifies presence,,,,
Pinzarach,101,228051,Chrysopolis (Bithynia),https://pleiades.stoa.org/places/520995,,Kekaumenos,238.19,Chrysopolis (Bithynia): left Constantinople and crossed to Chrysopolis (Bithynia),Specifies presence,,,,
Pinzarach,101,228052,Arabia,https://pleiades.stoa.org/places/29475,,Kekaumenos,238.20,Arabia: left Constantinople and reached the borders of Arabia,Specifies presence near,,,,
Pothos,102,379915,Macedonia,https://pleiades.stoa.org/places/981531,,Psellos,"Letters (K - D) 220, 261.8-9",Macedonia: was krites of Macedonia,Dignity,,,,
Pothos,102,379922,Thrace and Macedonia,,,Psellos,"Letters (K - D) 250, 299.1-2",Thrace and Macedonia: was krites of Thrace and Macedonia,Dignity,,,,
Pothos,102,379923,Thrace,,,Psellos,"Letters (K - D) 250, 299.1-2",Thrace: was krites of Thrace,Dignity,,,,
Pothos,102,379924,Macedonia,https://pleiades.stoa.org/places/981531,,Psellos,"Letters (K - D) 250, 299.1-2",Macedonia: was krites of Macedonia,Dignity,,,,
Pothos,102,379927,Mamytze,,,Psellos,"Letters (K - D) 251, 299.19",Mamytze: was asked to regulate water in the village of Mamytze,Does not specify presence,J 1060-1067,Other,Jeffreys,
Pothos,102,379928,Strobilos (Mamytze),,,Psellos,"Letters (K - D) 251, 299.22",Strobilos (Mamytze): was asked to protect interests of the Acheiropoietos monastery on the Strobilos (Mamytze),Does not specify presence,J 1060-1067,Other,Jeffreys,
Pothos,102,379808,Opsikion,,,Psellos,"Letters (K - D) 35, 56.19-20",Opsikion: was krites of Opsikion,Dignity,,,,
Pothos,102,379812,Atzikome,,,Psellos,"Letters (K - D) 39, 63.27",Atzikome: was asked to solve a dispute involving the village of Atzikome,Does not specify presence,J 1060-1067,Other,Jeffreys,
Pothos,102,379813,Thyrides,,,Psellos,"Letters (K - D) 39, 63.27",Thyrides: was asked to solve a dispute involving the village of Thyrides,Does not specify presence,J 1060-1067,Other,Jeffreys,
Pothos,101,418928,Italy,,,Seals,,Italy: was katepano of Italy,Dignity,,,,
Radomir,102,435303,"Azalas, Mount",,,Anna Komnene,328.95,"Azalas, Mount: Azalas, Mount: won over his Turkish captors while resting their horses at Mount Azalas",Specifies presence,,,,
Robert,103,433852,Jerusalem,https://pleiades.stoa.org/places/687928,,Anna Komnene,218.52,Jerusalem: went on pilgrimage to Jerusalem,Does not specify presence,J 1089-1090,Editor,,
Robert,103,433853,Flanders,,,Anna Komnene,218.51,Flanders: was count of Flanders,Dignity,J 1089-1090,Editor,,
Robert,61,433167,Glabenitza (near Dristra),,,Anna Komnene,118.73,Glabenitza (near Dristra): waited a week for rest at Glabenitza (near Dristra),Specifies presence,,,,
Robert,61,433218,Hiericho (Albania),,,Anna Komnene,125.55,Hiericho (Albania): was forced to wait two months in the port of Hiericho,Specifies presence near,,,,"Anna explicitly says Robert waited near the port, and not in the port."
Robert,61,433313,Ioannina,,,Anna Komnene,141.7,Ioannina: thought of wintering in Ioannina,Does not specify presence,,,,
Robert,61,433314,Glabenitza (near Dristra),,,Anna Komnene,141.7,Glabenitza (near Dristra): thought of wintering in Glabenitza (near Dristra),Does not specify presence,,,,
Robert,61,433543,Salerno (Italy),,,Anna Komnene,175.21,Salerno (Italy): met the defeated <Bohemond 61> at Salerno,Specifies presence,,,,
Robert,61,433561,Butrinto,,,Anna Komnene,176.56,Butrinto: met <Guy 4004> and <Roger 15001> at Butrinto,Specifies presence / Specifies presence near,,,,
Robert,61,433563,Kerkyra,https://pleiades.stoa.org/places/530835,,Anna Komnene,176.60,Kerkyra: left to put down a rebellion at Kerkyra,Does not specify presence,J 1085,Editor,,
Robert,61,433580,Kerkyra,https://pleiades.stoa.org/places/530835,,Anna Komnene,177.89-90,Kerkyra: totally defeated the Venetians in a sea-battle near the harbour at Kerkyra,Specifies presence near,J 1085,Editor,,
Robert,61,433581,Butrinto,,,Anna Komnene,178.20,Butrinto: was crushed by a new Venetian fleet near his camp at Butrinto,Specifies presence,,,,
Robert,61,433599,Jerusalem (Kephallenia or Ithake),,,Anna Komnene,179.56,Jerusalem (Kephallenia or Ithake): connected the name of Jerusalem with a prophecy of his death,Does not specify presence,,,,
Robert,61,432765,Salerno (Italy),,,Anna Komnene,43.68,Salerno (Italy): prepared for war against Byzantium at Salerno in the territory of Amalfi,Specifies presence,,,,
Robert,61,432766,Amalfi,https://pleiades.stoa.org/places/432670,,Anna Komnene,43.68,"Amalfi: prepared for war against Byzantium at Salerno, capital of the lands of Amalfi",Specifies presence,,,,
Robert,61,432802,Otranto (Apulia),https://pleiades.stoa.org/places/442615,,Anna Komnene,48.48,"Otranto (Apulia): before departing for Byzantium, waited for <Gaita 101> at Otranto",Specifies presence,,,,
Robert,61,432816,Brindisi,https://pleiades.stoa.org/places/442509,,Anna Komnene,50.30,Brindisi: launched his invasion of Byzantium from the port of Brindisi,Specifies presence,,,,
Robert,61,432819,Dyrrachion,https://pleiades.stoa.org/places/573193,,Anna Komnene,51.31-36,Dyrrachion: chose the crossing from Brindisi to Dyrrachion,Does not specify presence,,,,"Anna talks about Robert's intention and he did go to Dyrrhachium, but at this point of the text he is not present in Dyrrhachium."
Robert,61,432820,Otranto (Apulia),https://pleiades.stoa.org/places/442615,,Anna Komnene,51.37,Otranto (Apulia): rejected the longer crossing to Nikopolis from Otranto,Does not specify presence,,,,
Robert,61,432821,Nikopolis (Epiros),https://pleiades.stoa.org/places/531013,,Anna Komnene,51.37,Nikopolis (Epiros): rejected the longer crossing from Otranto to Nikopolis,Does not specify presence,,,,
Robert,61,432822,Naupaktos,https://pleiades.stoa.org/places/540960,https://www.geonames.org/256639,Anna Komnene,51.37,"Naupaktos: rejected the Otranto - Nikopolis crossing, though it gave access to places like Naupaktos",Does not specify presence,,,,
Robert,61,432823,Kerkyra,https://pleiades.stoa.org/places/530835,,Anna Komnene,51.52,"Kerkyra: crossing to Dyrrachion, a side-attack gave him possession of Kerkyra",Specifies presence,,,,
Robert,101,234587,Italy,,,Attaleiates: History,122.22 / 93.4,Italy: hailed from Italy,Specifies presence,,,,
Robert,101,234592,Maurokastron (Koloneia?),,,Attaleiates: History,125.6 / 94.19,Maurokastron (Koloneia?): followed Romanos having left some of his troops at the fort of Maurokastron (Koloneia?),Does not specify presence,,,,
Robert,101,234686,Abydos,https://pleiades.stoa.org/places/501325,,Attaleiates: History,170.23 / 126.22,Abydos: was banished by <Romanos 4> to Abydos,Specifies presence,,,,
Robert,61,227432,Dyrrachion,https://pleiades.stoa.org/places/573193,,Glykas,619.13,Dyrrachion: crossed to Dyrrachion,Specifies presence / Specifies presence near,,,,
Robert,61,355622,Dyrrachion,https://pleiades.stoa.org/places/573193,,Kinnamos,"174.18, 281.1",Dyrrachion: made an expedition against Dyrrachion,Does not specify presence,,,,
Robert,61,396325,Brindisi,https://pleiades.stoa.org/places/442509,,Lupus protospatharius,59.33,Brindisi: again (?) siezed Brindisi,Specifies presence,J 1062,Source,,
Robert,61,396329,Sicily,https://pleiades.stoa.org/places/462492,,Lupus protospatharius,59.36,Sicily: invaded Sicily,Specifies presence,J 1065,Source,,
Robert,61,396335,Montepeloso,,,Lupus protospatharius,46-48,Montepeloso: he besieged and eventually captured Montepeloso,Specifies presence,,,,
Robert,61,396338,Bari (Apulia),https://pleiades.stoa.org/places/442500,,Lupus protospatharius,60.1,Bari: began the siege of Bari,Specifies presence,,,,
Robert,61,396340,Brindisi,https://pleiades.stoa.org/places/442509,,Lupus protospatharius,60.8,Brindisi: during the siege of Bari managed to enter Brindisi,Specifies presence,,,,
Robert,61,396341,Bari (Apulia),https://pleiades.stoa.org/places/442500,,Lupus protospatharius,60.8-9,Bari: with a bridge of boats blockaded the port of Bari,Specifies presence,,,,
Robert,61,396344,Bari (Apulia),https://pleiades.stoa.org/places/442500,,Lupus protospatharius,60.11,Bari: finally captured Bari,Specifies presence / Specifies presence near,,,,
Robert,61,247104,Longibardia,,,Zonaras,18.17.7,Longibardia: was ruler of Longibardia,Dignity,,,,
Robert,61,247182,Dyrrachion,https://pleiades.stoa.org/places/573193,,Zonaras,18.22.1,Dyrrachion: crossed to Dyrrachion,Specifies presence,,,,
Romanos,4,394650,Aretai,,,Anna Komnene,77.75,Aretai: built an imperial resort just outside the city at Aretai,Specifies presence,,,,
Romanos,4,234538,Constantinople: Capitolium,,,Attaleiates: History,101.16 / 77.7,Constantinople: Capitolium: went during the night before his accession up to the  Capitolium,Specifies presence,"J 1068, January 1",Editor,,
Romanos,4,234539,Constantinople: Great Palace,,,Attaleiates: History,102.6 / 77.17,Constantinople: palace: did not remain long after his accession in the  palace,Specifies presence,,,,
Romanos,4,234540,Marmara,https://pleiades.stoa.org/places/511378,,Attaleiates: History,102.7-8 / 77.18,Marmara: left Constantinople and reached the east coast of the Sea of Marmara,Specifies presence,,,,"Again, Attaleiates says 'Propontis', not Marmara. Propontis is Marmara but one should be consistent and not use different names from the source, it can confuse non-experts."
Romanos,4,234541,Bithynia,,,Attaleiates: History,103.3 / 78.11,Bithynia: left on campaign in the East and marched to Bithynia,Specifies presence,,,,
Romanos,4,234542,Phrygia,https://pleiades.stoa.org/places/609502,,Attaleiates: History,103.4 / 78.11,Phrygia: left on campaign in the East and marched from Bithynia into Phrygia,Specifies presence,,,,
Romanos,4,234549,Sebasteia (Cappadocia),https://pleiades.stoa.org/places/629075,,Attaleiates: History,105.22-23 / 80.13,Sebasteia (Cappadocia): ordered his troops and <Andronikos 62> to enter Sebasteia (Cappadocia),Specifies presence near,"J 1068, October [TAQ]",Editor,,"Pérez Martín's edition, p. 282, n. 32."
Romanos,4,234545,Sebasteia (Cappadocia),https://pleiades.stoa.org/places/629075,,Attaleiates: History,105.4 / 79.23,Sebasteia (Cappadocia): advanced against the Turks and left the region of Sebasteia (Cappadocia),Does not specify presence,"J 1068, October [TAQ]",Editor,,"Pérez Martín's edition, p. 282, n. 32."
Romanos,4,234546,Koloneia (on Lykos),https://pleiades.stoa.org/places/857194,,Attaleiates: History,105.4 / 79.23,Koloneia (on Lykos): advanced against the Turks and left the region of Koloneia (on Lykos),Does not specify presence,"J 1068, October [TAQ]",Editor,,"Pérez Martín's edition, p. 282, n. 32."
Romanos,4,234547,Lykandos (eastern Anatolia),https://pleiades.stoa.org/places/629028,,Attaleiates: History,105.4-5 / 79.23,Lykandos (eastern Anatolia): planned to spend the summer with his army in the theme of Lykandos (eastern Anatolia),Specifies presence,"J 1068, October [TAQ]",Editor,,"Pérez Martín's edition, p. 282, n. 32."
Romanos,4,234548,Syria,,,Attaleiates: History,105.6 / 79.25,Syria: planned to spend the summer in Lykandos before attacking Syria,Does not specify presence,"J 1068, October [TAQ]",Editor,,"Pérez Martín's edition, p. 282, n. 32."
Romanos,4,234551,Tephrike,,,Attaleiates: History,106.6-7 / 80.19,Tephrike: pursued the Turks through the high mountains of Tephrike,Specifies presence,"J 1068, October [TAQ]",Editor,,"Pérez Martín's edition, p. 282, n. 32."
Romanos,4,234552,Sebasteia (Cappadocia),https://pleiades.stoa.org/places/629075,,Attaleiates: History,107.1-2 / 81.8,Sebasteia (Cappadocia): after his victory over the Turks returned to rest his troops in Sebasteia (Cappadocia),Specifies presence,J 1068,Editor,,"Pérez Martín's edition, p. 282, n. 32."
Romanos,4,234553,Syria,,,Attaleiates: History,107.4 / 81.10,Syria: left Sebasteia with his troops and took the road to Syria,Specifies presence,J 1068,Editor,,"Pérez Martín's edition, p. 282, n. 32."
Romanos,4,234554,Koukousos (Cappadocia),,https://www.geonames.org/314188,Attaleiates: History,107.4 / 81.11,Koukousos (Cappadocia): reached Germanikeia through the defiles and difficult paths of Koukousos (Cappadocia),Specifies presence,J 1068,Editor,,"Pérez Martín's edition, p. 282, n. 32."
Romanos,4,234555,Germanikeia,https://pleiades.stoa.org/places/658474,,Attaleiates: History,107.5 / 81.11,Germanikeia: left Sebasteia with his troops and reached Germanikeia,Specifies presence,J 1068,Editor,,"Pérez Martín's edition, p. 282, n. 32."
Romanos,4,234556,Telouch (near Germanikeia),https://pleiades.stoa.org/places/658455,,Attaleiates: History,107.6 / 81.12,Telouch (near Germanikeia): invaded with his troops the theme called by the Armenians Telouch (near Germanikeia),Specifies presence / Specifies presence near,J 1068,Editor,,"Pérez Martín's edition, p. 282, n. 32."
Romanos,4,234557,Melitene,https://pleiades.stoa.org/places/629039,,Attaleiates: History,107.8 / 81.14,Melitene: sent part of his army under <Anonymus 106> to Melitene,Does not specify presence,J 1068,Editor,,"Pérez Martín's edition, p. 282, n. 32."
Romanos,4,234561,Hierapolis (Syria),https://pleiades.stoa.org/places/658480,,Attaleiates: History,108.17 / 82.15,Hierapolis (Syria): reached with his army the city and pitched his camp before Hierapolis (Syria),Specifies presence near,,,,
Romanos,4,234564,Hierapolis (Syria): Acropolis,,,Attaleiates: History,110.6 / 83.17,Hierapolis (Syria): Acropolis: besieged and captured the  Acropolis,Specifies presence near,,,,
Romanos,4,234568,Hierapolis (Syria),https://pleiades.stoa.org/places/658480,,Attaleiates: History,111.11 / 84.14,Hierapolis (Syria): fought to seize a tower still in enemy hands after capturing Hierapolis (Syria),Specifies presence near,,,,
Romanos,4,234571,Azaz,,https://www.geonames.org/172082,Attaleiates: History,"116.16, 117.5-7 / 88.1, 88.21-23",Azaz: marched from Hierapolis to the fort of Azaz,Does not specify presence,,,,
Romanos,4,234569,Hierapolis (Syria),https://pleiades.stoa.org/places/658480,,Attaleiates: History,116.6 / 88.2,Hierapolis (Syria): appointed a commander so that Romans and Armenians could settle in Hierapolis (Syria),Does not specify presence,,,,
Romanos,4,234572,Azaz,,https://www.geonames.org/172082,Attaleiates: History,117.10-11 / 88.25,"Azaz: left to encamp elsewhere, realising that there was very little water for the army at the fort of Azaz",Does not specify presence,,,,
Romanos,4,234573,Katma (Syria),,https://www.geonames.org/165923,Attaleiates: History,117.20 / 89.8,Katma (Syria): on his way back to Roman territory set fire to Katma (Syria),Specifies presence,,,,
Romanos,4,234574,Terchala (Syria),,,Attaleiates: History,117.21 / 89.9,Terchala (Syria): on his way back from Azaz to Roman territory stopped at the village of Terchala (Syria),Specifies presence,,,,
Romanos,4,234576,Artah (Syria),,,Attaleiates: History,118.23 / 90.4,Artah: occupied and sent a garrison under a strategos to the fort of Artah,Specifies presence / Specifies presence near,,,,"Romanos might have been present in Artah or he might have been nearby, it's not specified."
Romanos,4,234578,Antioch (on the Orontes),https://pleiades.stoa.org/places/658381,,Attaleiates: History,119.23 / 91.1,Antioch (on the Orontes): avoided marching through the starving city of Antioch (on the Orontes),Does not specify presence,,,,
Romanos,4,234581,Cilicia,https://pleiades.stoa.org/places/981514,,Attaleiates: History,120.10-11 / 91.9,Cilicia: left Alexandretta with his army and crossed Cilicia,Specifies presence,,,,
Romanos,4,234580,Taurus (Cilicia),https://pleiades.stoa.org/places/648792,,Attaleiates: History,120.11 / 91.9,Taurus (Cilicia): left Alexandretta and crossed Cilicia into Roman territory through the Taurus (Cilicia),Specifies presence,,,,
Romanos,4,234579,Alexandretta,https://pleiades.stoa.org/places/658371,,Attaleiates: History,120.6-7 / 91.5-6,Alexandretta: reached with his army and encamped at the city of Alexandretta,Specifies presence,,,,
Romanos,4,234584,Podandos (Cappadocia),https://pleiades.stoa.org/places/648742,,Attaleiates: History,121.13-14 / 92.4,Podandos (Cappadocia): heard of the Turkish raid on Amorion while outside the kleisoura of Podandos (Cappadocia),Specifies presence near,,,,
Romanos,4,234583,Gypsarion (Cilicia),,,Attaleiates: History,121.14 / 92.4-5,Gypsarion (Cilicia): heard of the Turkish raid on Amorion when the army reached Gypsarion (Cilicia),Specifies presence,,,,
Romanos,4,234588,Hieria (near Chalcedon),https://pleiades.stoa.org/places/521029,,Attaleiates: History,122.18 / 93.1,Hieria (near Chalcedon): intending to campaign in the East sailed from Constantinople to Hieria (near Chalcedon),Specifies presence,J 1069,Other,"in Krallis&Kaldellis, n. 190. (henceforth K&K)",
Romanos,4,234590,Malagina,,,Attaleiates: History,124.10-11 / 94.5,Malagina: marched against <Robert 101> and reached the episkepsis of Malagina,Specifies presence,,,,
Romanos,4,234591,Dorylaion,https://pleiades.stoa.org/places/609367,,Attaleiates: History,124.14 / 94.7,Dorylaion: received <Robert 101>'s envoys while at Dorylaion,Specifies presence,,,,
Romanos,4,234593,Caesarea (Cappadocia),https://pleiades.stoa.org/places/629035,,Attaleiates: History,125.19-20 / 95.4,Caesarea (Cappadocia): moved with his army to Caesarea (Cappadocia),Specifies presence,,,,
Romanos,4,234594,Shayzar (Cesarea Magna),,,Attaleiates: History,125.20 / 95.4-5,Shayzar (Cesarea Magna): moved with his army to Caesarea and then to Shayzar (Cesarea Magna),?,,,,Attaleiates does not mention Caesarea Magna in this section.
Romanos,4,234595,Melitene,https://pleiades.stoa.org/places/629039,,Attaleiates: History,128.6 / 96.24,Melitene: pitched his camp at a day's distance or more from Melitene,Does not specify presence,,,,
Romanos,4,234597,Romanopolis (on Tigris),,https://www.geonames.org/302912,Attaleiates: History,131.22-132.1 / 99.9,Romanopolis (on Tigris): crossed the Euphrates and advanced towards Romanopolis (on Tigris),Does not specify presence,,,,
Romanos,4,234601,Keltzene (eastern Anatolia),https://pleiades.stoa.org/places/874467,,Attaleiates: History,133.11 / 100.10,Keltzene (eastern Anatolia): crossed the Taurus and the Euphrates and pitched his camp at Keltzene (eastern Anatolia),Specifies presence,,,,
Romanos,4,234600,Euphrates,https://pleiades.stoa.org/places/912849,,Attaleiates: History,133.11-12 / 100.10-11,Euphrates: left Anthiai and reached Keltzene having crossed once more the Euphrates,Specifies presence,,,,
Romanos,4,234598,Anthiai (near Tigris),,,Attaleiates: History,133.3 / 100.3,Anthiai (near Tigris): marched through difficult terrain and encamped at Anthiai (near Tigris),Specifies presence,,,,
Romanos,4,234599,Taurus (Cilicia),https://pleiades.stoa.org/places/648792,,Attaleiates: History,133.9 / 100.9,Taurus (Cilicia): left Anthiai and reached Keltzene having crossed the Taurus (Cilicia),Specifies presence,,,,
Romanos,4,234603,Koloneia (on Lykos),https://pleiades.stoa.org/places/857194,,Attaleiates: History,136.14 / 102.17,Koloneia (on Lykos): advanced (from Keltzene) to Sebasteia through the Armenian themes and Koloneia (on Lykos),Specifies presence,,,,
Romanos,4,234604,Armenian themes,,,Attaleiates: History,136.14 / 102.18,Armenian themes: advanced (from Keltzene) to Sebasteia through Koloneia on the Lykos and Armenian themes,Specifies presence,,,,
Romanos,4,234605,Sebasteia (Cappadocia),https://pleiades.stoa.org/places/629075,,Attaleiates: History,136.14-15 / 102.18,Sebasteia (Cappadocia): advanced (from Keltzene) through Koloneia on the Lykos and the Armenian themes to Sebasteia (Cappadocia),Specifies presence,,,,
Romanos,4,234606,Herakleia (Cappadocia),https://pleiades.stoa.org/places/648642,,Attaleiates: History,136.19 / 102.21-22,Herakleia (Cappadocia): learnt of the Turkish advance towards Ikonion and marched to Herakleia (Cappadocia),Specifies presence,,,,
Romanos,4,234602,Keramos (eastern Anatolia),,,Attaleiates: History,136.2 / 102.7,Keramos (eastern Anatolia): was persuaded not to move his troops along the Euphrates to Melitene through the village of Keramos (eastern Anatolia),Does not specify presence,,,,
Romanos,4,234607,Cilicia,https://pleiades.stoa.org/places/981514,,Attaleiates: History,136.23 / 102.24,Cilicia: sent part of his army to join the doux of Antioch in Cilicia,Does not specify presence,,,,
Romanos,4,234610,"Mopsuestia (Missis(a), Cilicia)",https://pleiades.stoa.org/places/658538,,Attaleiates: History,137.3 / 103.2,"Mopsuestia (Missis(a), Cilicia): ordered <Chatatourios 61> to attack the Turks expected to march through Mopsuestia (Missis(a), Cilicia)",Does not specify presence,,,,
Romanos,4,234611,Klaudioupolis (Cilicia),https://pleiades.stoa.org/places/648723,,Attaleiates: History,138.7 / 103.24,Klaudioupolis (Cilicia): decided to leave the region of Klaudioupolis (Cilicia),Specifies presence / Specifies presence near,,,,
Romanos,4,234614,Hierapolis (Syria),https://pleiades.stoa.org/places/658480,,Attaleiates: History,139.15 / 104.22,Hierapolis (Syria): sent troops to rescue the starving defenders of Hierapolis (Syria),Does not specify presence,,,,
Romanos,4,234613,Syria,,,Attaleiates: History,139.18 / 104.24,Syria: sent a considerable part of his army to Syria,Does not specify presence,,,,
Romanos,4,234617,Constantinople: Great Palace,,,Attaleiates: History,141.14 / 106.5,Constantinople: palace: was prevented from leaving on campaign and remained unwillingly in the  palace,Specifies presence,,,,
Romanos,4,234622,"Constantinople: Great Palace, Chrysotriklinos",,,Attaleiates: History,142.12-13 / 106.21-22,"Constantinople: Great Palace, Chrysotriklinos: received <Chrysoskoulos 101> early one morning in the  Great Palace, Chrysotriklinos",Specifies presence,,,,
Romanos,4,234623,Hieria (near Chalcedon),https://pleiades.stoa.org/places/521029,,Attaleiates: History,143.4 / 107.9,Hieria (near Chalcedon): wintered in Constantinople and in early spring sailed to the palace of Hieria (near Chalcedon),Specifies presence,"J 1071, March 13",Other,"K&K, n. 202.",
Romanos,4,234624,Bosporos,https://pleiades.stoa.org/places/520977,,Attaleiates: History,143.8-9 / 107.12,Bosporos: was approached by a black dove while sailing across the Bosporos,Specifies presence,"J 1071, March 13",Other,"K&K, n. 202.",
Romanos,4,234628,Pylai (Bithynia),,,Attaleiates: History,144.2-3 / 108.2,Pylai (Bithynia)): sailed from Hieria to Helenopolis instead of disembarking at the imperial palace at Pylai (Bithynia)),Does not specify presence,,,,
Romanos,4,234629,Neon Kome (Bithynia),,,Attaleiates: History,144.4 / 108.3,Neon Kome (Bithynia): sailed from Hieria to Helenopolis instead of disembarking at Pylai or at the village of Neon Kome (Bithynia),Does not specify presence,,,,
Romanos,4,234627,Helenopolis (Bithynia),https://pleiades.stoa.org/places/511240,,Attaleiates: History,144.5 / 108.4,Helenopolis (Bithynia): sailed from Hieria and disembarked at Helenopolis (Bithynia),Specifies presence,,,,
Romanos,4,234631,Sangarios (river),,,Attaleiates: History,145.19 / 109.8,Sangarios (river): advanced into Anatolikon and crossed the bridge of Zompos over the Sangarios,Specifies presence,,,,
Romanos,4,234632,Zompos,,,Attaleiates: History,145.19-20 / 109.8,Zompos: advanced into Anatolikon and crossed the Sangarios by the bridge of Zompos,Specifies presence,,,,
Romanos,4,234636,Caesarea (Cappadocia),https://pleiades.stoa.org/places/629035,,Attaleiates: History,146.10 / 109.19-20,Caesarea (Cappadocia): crossed the Halys into Charsianon and advanced to Krya Pege avoiding Caesarea (Cappadocia),Does not specify presence,,,,
Romanos,4,234635,Krya Pege (Cappadocia),https://pleiades.stoa.org/places/628944,,Attaleiates: History,146.11 / 109.20,Krya Pege (Cappadocia): marched into Charsianon and encamped at Krya Pege (Cappadocia),Specifies presence,,,,
Romanos,4,234633,Halys,https://pleiades.stoa.org/places/857148,,Attaleiates: History,146.4-5 / 109.15,Halys: initially did not follow his troops but after a few days he also crossed the Halys,Specifies presence / Specifies presence near,,,,
Romanos,4,234634,Charsianon,,,Attaleiates: History,146.8 / 109.18,Charsianon: crossed the Halys into the province of Charsianon,Specifies presence,,,,
Romanos,4,234637,Sebasteia (Cappadocia),https://pleiades.stoa.org/places/629075,,Attaleiates: History,147.16 / 110.16,Sebasteia (Cappadocia): left Krya Pege intending to reach Iberia and marched to Sebasteia (Cappadocia),Specifies presence / Specifies presence near,,,,
Romanos,4,234638,Iberia (theme),,,Attaleiates: History,147.17 / 110.16,Iberia (theme): reached Sebasteia and took the road into the theme of Koloneia intending to reach Iberia (theme),Does not specify presence,,,,
Romanos,4,234639,Koloneia (on Lykos),https://pleiades.stoa.org/places/857194,,Attaleiates: History,147.18-19 / 110.18,Koloneia (on Lykos): took the left-hand road from Sebasteia into the theme of Koloneia (on Lykos),Does not specify presence,,,,
Romanos,4,234641,Chliat,,https://www.geonames.org/325103,Attaleiates: History,148.19 / 111.10,Chliat: sent mercenaries under <Roussel 61> from Theodosioupolis to plunder Chliat,Does not specify presence,,,,
Romanos,4,234640,Theodosioupolis (Erzerum),https://pleiades.stoa.org/places/874373,,Attaleiates: History,148.4 / 110.25,Theodosioupolis (Erzerum): spent several days and ordered supplies to be collected while at Theodosioupolis (Erzerum),Specifies presence,,,,
Romanos,4,234644,Mantzikert,,https://www.geonames.org/304916,Attaleiates: History,149.7 / 111.18,Mantzikert: advanced in order to re-establish Roman control at Mantzikert,Does not specify presence,,,,
Romanos,4,234647,Mantzikert,,https://www.geonames.org/304916,Attaleiates: History,151.8 / 113.5,Mantzikert: arrived and pitched camp outside Mantzikert,Specifies presence near,,,,
Romanos,4,234650,Mantzikert,,https://www.geonames.org/304916,Attaleiates: History,153.15 / 114.18,Mantzikert: sent Roman troops under a commander (<Anonymus 5070>) into Mantzikert,Does not specify presence,,,,
Romanos,4,234654,Theodosioupolis (Erzerum),https://pleiades.stoa.org/places/874373,,Attaleiates: History,166.14 / 123.21,Theodosioupolis (Erzerum): after his release from captivity spent a few days recovering at Theodosioupolis (Erzerum),Specifies presence,,,,
Romanos,4,234655,Iberia (theme),,,Attaleiates: History,166.21 / 123.26,Iberia (theme): left Theodosioupolis and went through the villages of Iberia (theme),Specifies presence,,,,
Romanos,4,234658,Koloneia (on Lykos),https://pleiades.stoa.org/places/857194,,Attaleiates: History,168.4 / 124.21,Koloneia (on Lykos): marched westwards from Theodosioupolis and Iberia to Koloneia (on Lykos),Specifies presence / Specifies presence near,,,,
Romanos,4,234659,Melissopetrion,,,Attaleiates: History,168.4-5 / 124.22,Melissopetrion: advanced from Koloneia (on the Lykos) to Melissopetrion,Specifies presence,,,,
Romanos,4,234679,Armeniakon,,,Attaleiates: History,169.10-11 / 125.19,Armeniakon: learnt of his deposition while advancing in the theme of Armeniakon,Specifies presence,,,,
Romanos,4,234680,Dokeia,,,Attaleiates: History,169.13 / 125.21,"Dokeia: encamped in the fort which he captured, called Dokeia",Specifies presence,,,,
Romanos,4,234683,Dokeia,,,Attaleiates: History,170.15 / 126.16,Dokeia: summoned Frankish and Cappadocian troops and marched out of Dokeia,Specifies presence,,,,
Romanos,4,234684,Cappadocia,,,Attaleiates: History,170.16 / 126.17,Cappadocia: left with his troops the fort at Dokeia and advanced towards Cappadocia,Does not specify presence,,,,
Romanos,4,234685,Cappadocia,,,Attaleiates: History,170.16 / 126.17,Cappadocia: was a native of Cappadocia,Does not specify presence,,,,
Romanos,4,234687,Abydos,https://pleiades.stoa.org/places/501325,,Attaleiates: History,170.23 / 126.22,Abydos: banished <Robert 101> to Abydos,Does not specify presence,,,,
Romanos,4,234689,Tyropoion (Cappadocia),,,Attaleiates: History,171.22 / 127.12,Tyropoion (Cappadocia): entered Cappadocia and reached the fort called Tyropoion (Cappadocia),Specifies presence,,,,
Romanos,4,234694,Cilicia,https://pleiades.stoa.org/places/981514,,Attaleiates: History,173.11 / 128.13,Cilicia: entered and remained with his army in Cilicia,Specifies presence,,,,
Romanos,4,234700,Adana,https://pleiades.stoa.org/places/648548,,Attaleiates: History,174.18 / 129.10,Adana: was besieged by <Andronikos 61> in the kastron of Adana,Specifies presence,"J 1072, May-June",Other,"K&K, n. 222",
Romanos,4,234702,Kotyaion (Phrygia),https://pleiades.stoa.org/places/609444,,Attaleiates: History,175.21 / 130.5,Kotyaion (Phrygia): was retained awaiting instructions on his fate from the emperor at Kotyaion (Phrygia),Specifies presence,,,,
Romanos,4,234701,Adana,https://pleiades.stoa.org/places/648548,,Attaleiates: History,175.3 / 129.17,Adana: left dressed in black the kastron of Adana,Specifies presence,,,,
Romanos,4,234711,Princes' Islands: Prote,,https://www.geonames.org/743314,Attaleiates: History,179.10 / 132.16,Princes' Islands: Prote: founded a monastery on the summit of the island of  Prote,Specifies presence,,,,
Romanos,4,234712,Princes' Islands: Prote,,https://www.geonames.org/743314,Attaleiates: History,179.10 / 132.16,Princes' Islands: Prote: was buried in the monastery he had founded on the summit of the island of  Prote,Specifies presence,,Other,"K&K, n. 226",
Romanos,4,234709,Marmara,https://pleiades.stoa.org/places/511378,,Attaleiates: History,179.5 / 132.12,Marmara: was dragged on a wretched mount from Kotyaion to the Sea of Marmara,Specifies presence,,,,"This is all the summer of 1072. Also Attaleiates says ""propontis"" and not ""marmara"", just for the sake of accuracy."
Romanos,4,234528,Serdica (Bulgaria),https://pleiades.stoa.org/places/207439,,Attaleiates: History,97.16 / 73.25,Serdica (Bulgaria): was entrusted with the government of Serdica (Bulgaria),Specifies presence,J 1065,Other,"K&K, n. 166.","""In the last days of the emperor Doukas."""
Romanos,4,234529,Danube,https://pleiades.stoa.org/places/226577,,Attaleiates: History,97.21 / 74.2,Danube: served as governor of the cities of the Danube,Dignity,,,,
Romanos,4,234537,Cappadocia,,,Attaleiates: History,99.21 / 75.12,Cappadocia: after his release left for his birthplace in Cappadocia,Specifies presence,,,,
Romanos,106,226425,Cappadocia,,,Boilas,21.35,"Cappadocia: abandoned together with his parents and sisters (<Eustathios 105>, <Anna 102>, <Eirene 102>, <Maria 106>) Cappadocia",Specifies presence,,,,
Romanos,4,227399,Constantinople: Great Palace,,,Glykas,608.11,Constantinople: Great Palace: arrived armed to the  Great Palace,Specifies presence,,,,
Romanos,4,227400,Sebasteia (Cappadocia),https://pleiades.stoa.org/places/629075,,Glykas,608.16,Sebasteia (Cappadocia): while on campaign reached Sebasteia (Cappadocia),Specifies presence / Specifies presence near,,,,
Romanos,4,227403,Helenopolis (Bithynia),https://pleiades.stoa.org/places/511240,,Glykas,609.15,Helenopolis (Bithynia): left on campaign and marched on to Helenopolis (Bithynia),Does not specify presence,,,,
Romanos,4,227404,Hieria (near Chalcedon),https://pleiades.stoa.org/places/521029,,Glykas,609.10,Hieria (near Chalcedon): left on campaign and crossed to Hieria (near Chalcedon),Specifies presence / Specifies presence near,,,,
Romanos,4,227405,Halys,https://pleiades.stoa.org/places/857148,,Glykas,610.3,Halys: advanced against the Turks and crossed the Halys,Specifies presence,,,,
Romanos,4,227406,Dokeia,,,Glykas,612.3,Dokeia: captured the fort of Dokeia,Specifies presence,,,,
Romanos,4,227407,Cilicia,https://pleiades.stoa.org/places/981514,,Glykas,612.6,Cilicia: fled to Cilicia,Specifies presence,,,,
Romanos,4,227409,Adana,https://pleiades.stoa.org/places/648548,,Glykas,612.10,Adana: was tonsured and left in black the kastron of Adana,Specifies presence,,,,
Romanos,4,227410,Kotyaion (Phrygia),https://pleiades.stoa.org/places/609444,,Glykas,612.13-14,Kotyaion (Phrygia): awaited the decision on his fate at Kotyaion (Phrygia),Specifies presence,,,,
Romanos,4,227411,Marmara,https://pleiades.stoa.org/places/511378,,Glykas,612.20,Marmara: was blinded and reached Marmara,Specifies presence,,,,
Romanos,4,227412,Princes' Islands: Prote,,https://www.geonames.org/743314,Glykas,613.1,Princes' Islands: Prote: was buried on the island of  Prote,Specifies presence,,,,
Romanos,4,227413,Princes' Islands: Prote,,https://www.geonames.org/743314,Glykas,613.2,Princes' Islands: Prote: founded a monastery on the island of  Prote,Specifies presence,,,,
Romanos,104,434787,Antioch (on the Orontes),https://pleiades.stoa.org/places/658381,,Keroularios  ,ep. to Petros of Antioch I (Will) 179.21-22,Antioch (on the Orontes): was doux of Antioch,Dignity,,,,
Romanos,4,228419,Kotyaion (Phrygia),https://pleiades.stoa.org/places/609444,,Kleinchroniken,167.20,Kotyaion (Phrygia): was blinded at Kotyaion (Phrygia),Specifies presence,,,,
Romanos,4,396339,Armenia,https://pleiades.stoa.org/places/874350,,Lupus protospatharius,60.63-65,Armenia: was arrested and blinded in some city in Armenia,Specifies presence,J 1069,Source,,
Romanos,4,440944,Cappadocia,,,"Manasses, Chronicle",6357,Cappadocia: was from Cappadocia,Does not specify presence,,,,
Romanos,4,440947,Thrace,,,"Manasses, Chronicle",6369,Thrace: his rebellion was centred on Thrace,Does not specify presence,,,,
Romanos,4,395573,"Nea Mone, Chios",,,"Nea Mone,",Gedeon 446,"Nea Mone, Chios: confirmed the independent status of Nea Mone, Chios",Does not specify presence,,,,
Romanos,108,379695,Kyzikos,https://pleiades.stoa.org/places/511218,,Psellos,Letters (Sathas) 30.265 tit.,Kyzikos: was metropolitan of Kyzikos,Dignity,,,,
Romanos,62,248587,Princes' Islands,,https://www.geonames.org/743077,Psellos: Chronographia,VI 150.6-7,Princes' Islands: was banished to Princes' Islands,Specifies presence,,,,
Romanos,4,248621,Constantinople: Great Palace,,,Psellos: Chronographia,VIIb 12.8-9,Constantinople: palace: put on his armour in the  palace,Specifies presence,,,,
Romanos,4,248622,Syria,,,Psellos: Chronographia,VIIb 13.4,Syria: he traversed Syria,Specifies presence,,,,
Romanos,4,248623,Persia,,,Psellos: Chronographia,VIIb 13.4,Persia: he traversed Persia,Specifies presence,,,,
Romanos,4,248624,Caesarea (Cappadocia),https://pleiades.stoa.org/places/629035,,Psellos: Chronographia,VIIb 19.3,Caesarea: headed for Caesarea,Does not specify presence,,,,
Romanos,4,248629,Amaseia,https://pleiades.stoa.org/places/857018,,Psellos: Chronographia,VIIb 31.7-8,Amaseia: he reached Amaseia,Specifies presence,,,,
Romanos,4,248632,Cilicia,https://pleiades.stoa.org/places/981514,,Psellos: Chronographia,VIIb 34.11-12,Cilicia: was led by <Chatatourios 61> to Cilicia,Specifies presence,,,,
Romanos,4,248633,Princes' Islands: Prote,,https://www.geonames.org/743314,Psellos: Chronographia,VIIb 43.10-11,Princes' Islands: Prote: was brought to the monastery he had founded there and died in  Prote,Specifies presence,,,,
Romanos,104,416985,Antioch (on the Orontes),https://pleiades.stoa.org/places/658381,,Seals,,Antioch: was doux of  Antioch,Dignity,,,,
Romanos,104,416986,Orient,,,Seals,,Orient: was stratopedarches of Orient,Dignity,,,,
Romanos,104,417301,Antioch (on the Orontes),https://pleiades.stoa.org/places/658381,,Seals,,Antioch: was doux of Antioch,Dignity,,,,
Romanos,104,418281,West,,,Seals,,West: was domestikos of the scholai of the West,Dignity,,,,
Romanos,104,418282,Anatolikon,,,Seals,,Anatolikon: was doux of Anatolikon,Dignity,,,,
Romanos,104,418848,Antioch (on the Orontes),https://pleiades.stoa.org/places/658381,,Seals,,Antioch: was doux of Antioch,Dignity,,,,
Romanos,108,417471,Kyzikos,https://pleiades.stoa.org/places/511218,,Seals,,Kyzikos: was metropolitan of Kyzikos,Dignity,,,,
Romanos,108,224807,Constantinople: Hagios Alexios,,,Synod of 1072,57.2-3,Constantinople: Hagios Alexios: attended the synod at the church of  Hagios Alexios,Specifies presence,,,,
Romanos,108,224808,Kyzikos,https://pleiades.stoa.org/places/511218,,Synod of 1072,57.8,Kyzikos: was metropolitan of Kyzikos,Dignity,,,,
Romanos,61,232963,Mogila,,,"Theophylaktos of Ohrid, Letters",187.21,Mogila: usurped a property of the Church (of Ohrid) in the little village of Mogila,Specifies presence,,,,
Romanos,4,247052,Caesarea (Cappadocia),https://pleiades.stoa.org/places/629035,,Zonaras,18.12.2,Caesarea: coming to Caesarea,Specifies presence,,,,
Romanos,4,247053,Euphrates,https://pleiades.stoa.org/places/912849,,Zonaras,18.12.2,Euphrates: made a thrust towards Euphrates,Specifies presence near,,,,
Romanos,4,,,,,Zonaras,18.12.2,Constantinople: departing from Constantinople,Specifies presence,,,,
Romanos,4,247054,Sebasteia (Cappadocia),https://pleiades.stoa.org/places/629075,,Zonaras,18.12.6,Sebasteia (Cappadocia): arrived at Sebasteia (Cappadocia),Specifies presence,,,,
Romanos,4,247040,Constantinople: Great Palace,,,Zonaras,18.11.7,"Constantinople, Palace: set out from Constantinople, Palace",Specifies presence,,,,
Romanos,4,247056,Ikonion,https://pleiades.stoa.org/places/648647,,Zonaras,18.12.7,Ikonion: learning that the Turks had already sacked Ikonion,Does not specify presence,,,,
Romanos,4,247058,"Mopsuestia (Missis(a), Cilicia)",https://pleiades.stoa.org/places/658538,,Zonaras,18.12.7,"Mopsuestia (Missis(a), Cilicia): commanded <Chatatourios 61> to go to and engage Turks Mopsuestia (Missis(a), Cilicia)",Does not specify presence,,,,
Romanos,4,,,,,Zonaras,18.12.10,Constantinople: set out for Constantinople,Does not specify presence,,,,
Romanos,4,247036,Serdica (Bulgaria),https://pleiades.stoa.org/places/207439,,Zonaras,18.10.12,Serdica (Bulgaria): was made doux of Serdica (Bulgaria),Dignity,,,,
Romanos,4,247060,Syria,,,Zonaras,18.12.14,Syria: sent part of army to Syria,Does not specify presence,,,,
Romanos,4,,,,,Zonaras,18.10.15,Constantinople: was brought as a prisoner to Constantinople,Specifies presence,,,,
Romanos,4,247041,Syria,,,Zonaras,18.11.16,Syria: took the route leading to Syria,Does not specify presence,,,,
Romanos,4,247042,Melitene,https://pleiades.stoa.org/places/629039,,Zonaras,18.11.16,Melitene: dispatched a contingent to Melitene,Does not specify presence,,,,
Romanos,4,,,,,Zonaras,18.11.16,Aleppo: making for Aleppo,Does not specify presence,,,,
Romanos,4,247044,Hierapolis (Syria),https://pleiades.stoa.org/places/658480,,Zonaras,18.11.17,"Hierapolis (Syria): came to, attempted to besiege and took by agreement Hierapolis (Syria)",Specifies presence near,,,,
Romanos,4,247062,Chonai,,https://www.geonames.org/311962,Zonaras,18.12.18,Chonai: received a report that it was taken by the barbarians Chonai,Does not specify presence,,,,
Romanos,4,247038,Cappadocia,,,Zonaras,18.10.19,Cappadocia: left for Cappadocia,Specifies presence near,,,,
Romanos,4,247047,Hierapolis (Syria),https://pleiades.stoa.org/places/658480,,Zonaras,18.11.26,Hierapolis (Syria): commanded occupation of the acropolis of Hierapolis (Syria),Specifies presence / Specifies presence near,,,,
Romanos,4,247048,Alexandron,,,Zonaras,18.11.27,Alexandron: arrived at Alexandron,Specifies presence,,,,
Romanos,4,247049,Amorion,https://pleiades.stoa.org/places/609302,,Zonaras,18.11.28,Amorion: was reported to him to have been plundered Amorion,Does not specify presence,,,,
Romanos,4,,,,,Zonaras,18.11.29,Constantinople: returned to Constantinople,Specifies presence,,,,
Romanos,104,246960,Anatolikon,,,Zonaras,17.22.3,Anatolikon: was a neighbour of <Georgios 62> at his house in the theme of Anatolikon,Specifies presence,,,,
Romanos,4,247046,Neokaisareia,https://pleiades.stoa.org/places/614769,,Zonaras,18.11.11-12,Neokaisareia: made despondent by Turkish sack of Neokaisareia,Does not specify presence,,,,
Romanos,4,247055,Ikonion,https://pleiades.stoa.org/places/648647,,Zonaras,18.12.5-6,Ikonion: learning of the Turks' offensive against Ikonion,Does not specify presence,,,,
Romanos,4,247071,Mantzikert,,https://www.geonames.org/304916,Zonaras,18.13.10,Mantzikert: had it handed over to him by agreement Mantzikert,Does not specify presence,,,,
Romanos,4,247063,Anatolikon,,,Zonaras,18.13.4,Anatolikon: proceeded to the theme of Anatolikon,Does not specify presence,,,,
Romanos,4,247064,Halys,https://pleiades.stoa.org/places/857148,,Zonaras,18.13.6,Halys: crossed the Halys,Specifies presence,,,,
Romanos,4,247065,Caesarea (Cappadocia),https://pleiades.stoa.org/places/629035,,Zonaras,18.13.6,Caesarea: passed by Caesarea,Specifies presence near,,,,
Romanos,4,247066,Krya Pege (Cappadocia),https://pleiades.stoa.org/places/628944,,Zonaras,18.13.6,Krya Pege (Cappadocia): pitched camp at Krya Pege (Cappadocia),Specifies presence,,,,
Romanos,4,247067,Chliat,,https://www.geonames.org/325103,Zonaras,18.13.8,Chliat: despatched <Roussel 61> against Chliat,Does not specify presence,,,,
Romanos,4,247069,Mantzikert,,https://www.geonames.org/304916,Zonaras,18.13.9,Mantzikert: ordered <Anonymus 6056> to ravage Mantzikert,Does not specify presence,,,,
Romanos,4,247072,Chliat,,https://www.geonames.org/325103,Zonaras,18.14.1,Chliat: sent to Chliat,Does not specify presence,,,,
Romanos,4,247073,Theodosioupolis (Erzerum),https://pleiades.stoa.org/places/874373,,Zonaras,18.14.27,Theodosioupolis (Erzerum): departed for and rested at Theodosioupolis (Erzerum),Specifies presence,,,,
Romanos,4,247077,Tyropoion (Cappadocia),,,Zonaras,18.15.11,Tyropoion (Cappadocia): was in Tyropoion (Cappadocia),Specifies presence,,,,
Romanos,4,247079,Cilicia,https://pleiades.stoa.org/places/981514,,Zonaras,18.15.12,Cilicia: was taken by <Chatatourios 61> and led to Cilicia,Specifies presence,,,,
Romanos,4,247081,Adana,https://pleiades.stoa.org/places/648548,,Zonaras,18.15.13,Adana: was residing at Adana,Specifies presence,,,,
Romanos,4,247084,Princes' Islands: Prote,,https://www.geonames.org/743314,Zonaras,18.15.22,Princes' Islands: Prote: was taken away to  Prote,Specifies presence,,,,
Romanos,4,247075,Dokeia,,,Zonaras,18.15.6,Dokeia: on reaching it encamped nearby Dokeia,Specifies presence near,,,,
Romanos,4,247076,Cappadocia,,,Zonaras,18.15.8,Cappadocia: came to Cappadocia,Specifies presence,,,,
Roussel,61,376981,Amaseia,https://pleiades.stoa.org/places/857018,,Anna Komnene,16.48-17.73,Amaseia: was the victim of a staged blinding at Amaseia,Specifies presence,,,,
Roussel,61,234642,Chliat,,https://www.geonames.org/325103,Attaleiates: History,148.19 / 111.10,Chliat: sent by <Romanos 4> at the head of mercenary troops to plunder Chliat,Specifies presence,,,,
Roussel,61,234723,Ikonion,https://pleiades.stoa.org/places/648647,,Attaleiates: History,183.12 / 135.22,Ikonion: rose in rebellion when the army sent against the Turks reached Ikonion,Specifies presence,,,,
Roussel,61,234724,Melitene,https://pleiades.stoa.org/places/629039,,Attaleiates: History,183.16 / 136.1,Melitene: attacked and defeated a party of Turks he came across at Melitene,Specifies presence near,,,,
Roussel,61,234729,Sangarios (river),,,Attaleiates: History,185.1 / 136.26,Sangarios (river): pitched his camp by the bridge of Zompos on the banks of the Sangarios,Specifies presence,,,,
Roussel,61,234730,Zompos,,,Attaleiates: History,185.1 / 136.26,Zompos: pitched his camp on the banks of the Sangarios by the bridge of Zompos,Specifies presence near,,,,
Roussel,61,234728,Armeniakon,,,Attaleiates: History,185.2 / 136.26-137.1,Armeniakon: reached the Sangarios to face <Ioannes 62> after riding night and day from Armeniakon,Specifies presence,,,,
Roussel,61,234740,Chrysopolis (Bithynia),https://pleiades.stoa.org/places/520995,,Attaleiates: History,188.12 / 139.12,Chrysopolis (Bithynia): set fire to the houses of Chrysopolis (Bithynia),Specifies presence,,,,
Roussel,61,234739,Bosporos,https://pleiades.stoa.org/places/520977,,Attaleiates: History,188.13 / 139.12,Bosporos: pitched his camp at Chrysopolis opposite Constantinople on the Bosporos,Specifies presence,,,,
Roussel,61,234744,Metabole (Bithynia),,,Attaleiates: History,189.17 / 140.7,Metabole (Bithynia): encamped at the fort of Metabole (Bithynia),Specifies presence,,,,"The battle here took place in 1074 or 1075, as suggested by K&K, n. 238."
Roussel,61,234742,Chrysopolis (Bithynia),https://pleiades.stoa.org/places/520995,,Attaleiates: History,189.7 / 139.24,Chrysopolis (Bithynia): withdrew to Nikomedeia from Chrysopolis (Bithynia),Does not specify presence,,,,
Roussel,61,234743,Nikomedeia,https://pleiades.stoa.org/places/511337,,Attaleiates: History,189.7 / 139.25,Nikomedeia: left Chrysopolis and withdrew to Nikomedeia,Specifies presence,,,,
Roussel,61,234750,Metabole (Bithynia),,,Attaleiates: History,198.21 / 146.16,Metabole (Bithynia): after his release left with his troops and family the fort at Metabole (Bithynia),Does not specify presence,,,,
Roussel,61,234751,Armeniakon,,,Attaleiates: History,199.1 / 146.19,Armeniakon: left Metabole and reached his forts in Armeniakon,Specifies presence,,,,
Roussel,61,234827,Herakleia (Thrace),https://pleiades.stoa.org/places/511333,,Attaleiates: History,269.5 / 193.1,Herakleia (Thrace): arrived at and turned into a stronghold for his army the city of Herakleia (Thrace),Specifies presence,,,,
Roussel,61,234837,Herakleia (Thrace),https://pleiades.stoa.org/places/511333,,Attaleiates: History,271.23 / 194.25,Herakleia (Thrace): celebrated his victory over <Ioannes 61> Bryennios at Herakleia (Thrace),Specifies presence,,,,
Roussel,61,247068,Chliat,,https://www.geonames.org/325103,Zonaras,18.13.8,Chliat: was despatched by <Romanos 4> against Chliat,Specifies presence,,,,
Roussel,61,247088,Ikonion,https://pleiades.stoa.org/places/648647,,Zonaras,18.16.14,Ikonion: deserted near Ikonion,Specifies presence near,,,,
Roussel,61,247089,Sangarios (river),,,Zonaras,18.16.17,Sangarios (river): took control of Sangarios,Specifies presence,,,,
Roussel,61,247092,Chrysopolis (Bithynia),https://pleiades.stoa.org/places/520995,,Zonaras,18.16.21,Chrysopolis (Bithynia): received Chrysopolis (Bithynia),Specifies presence,,,,
Roussel,61,,,,,Zonaras,18.16.21,Constantinople: hastened towards Constantinople,Does not specify presence,,,,
Roussel,61,247094,Armeniakon,,,Zonaras,18.16.30,Armeniakon: came to the theme of Armeniakon,Specifies presence,,,,
Roussel,61,,,,,Zonaras,18.16.34,Constantinople: was brought in chains to Constantinople,Specifies presence,,,,
Roussel,61,247132,Herakleia (Thrace),https://pleiades.stoa.org/places/511333,,Zonaras,18.18.15,Herakleia (Thrace): was encamped in Herakleia (Thrace),Specifies presence,,,,
Sabas,105,229662,Rhizenon (near Ephesos?),,,Lazaros of Galesion,533B,Rhizenon (near Ephesos?): hailed from Rhizenon (near Ephesos?),Specifies presence,,,,
Samuel,103,372895,Preslav (Great),,,Anna Komnene,210.13-26,Preslav (Great): was last of the dynasty under whom the great city became known as Preslav (Great),Dignity,,,,
Samuel,101,234589,Armeniakon,,,Attaleiates: History,123.9-10 / 93.13,Armeniakon: was commander of the five tagmata from the West wintering in the Armeniakon,Specifies presence,"J 1069, April 12",Other,"K&K, n. 191.",
Samuel,103,228010,Larissa (Thessaly),https://pleiades.stoa.org/places/540905,,Kekaumenos,202.21,Larissa (Thessaly): attempted in vain to capture Larissa (Thessaly),Does not specify presence,,,,
Samuel,103,228013,Larissa (Thessaly),https://pleiades.stoa.org/places/540905,,Kekaumenos,204.18,Larissa (Thessaly): subjugated without bloodshed the people of Larissa (Thessaly),Specifies presence,,,,
Selte,101,234488,Danube,https://pleiades.stoa.org/places/226577,,Attaleiates: History,67.7-8 / 51.16,Danube: had his hideout on a steep rock by the banks of the Danube,Specifies presence near,,,,
Sergios,107,226002,Corinth,https://pleiades.stoa.org/places/570182,,Alexios Stoudites,Rhalles-Potles 5.24,Corinth: was metropolitan of Corinth,Dignity,,,,
Sergios,105,379937,Thrakesion,,,Psellos,Letters (Gautier) 27 tit.,Thrakesion: was krites of Thrakesion,Dignity,,,,
Sergios,101,417880,Corinth,https://pleiades.stoa.org/places/570182,,Seals,,Corinth: was metropolitan of Corinth,Dignity,,,,
Sergios,101,419371,Corinth,https://pleiades.stoa.org/places/570182,,Seals,,Corinth: was metropolitan of Corinth,Dignity,,,,
Sergios,105,418037,Thrakesion,,,Seals,,Thrakesion: was krites of the velon of Thrakesion,Dignity,,,,
Sergios,101,225269,Corinth,https://pleiades.stoa.org/places/570182,,Synod of 1094,218,Corinth: was metropolitan of Corinth,Dignity,,,,
Sisinios,101,225965,Keltzene (eastern Anatolia),https://pleiades.stoa.org/places/874467,,Alexios Stoudites,"26.25, Rhalles-Potles 5.32",Keltzene (eastern Anatolia): was metropolitan of Keltzene (eastern Anatolia),Dignity,,,,
Stephanos,141,225963,Calabria,,,Alexios Stoudites,"26.23, 42.16",Calabria: was metropolitan of Calabria,Dignity,,,,
Stephanos,143,225994,Parsakoutes,,,Alexios Stoudites,27.23,Parsakoutes: was bishop of Parsakoutes,Dignity,,,,
Stephanos,142,225976,Crete,https://pleiades.stoa.org/places/589748,,Alexios Stoudites,"27.6, Rhalles-Potles 5.24, 5.32",Crete: was metropolitan of Crete,Dignity,,,,
Stephanos,103,234470,Syria,,,Attaleiates: History,44.9 / 33.24,Syria: was invested with the rule of Syria,Specifies presence,J 1045,Other,"K&K, n. 76.",
Stephanos,144,229700,"Galesion, Mount: Saviour",,,Lazaros of Galesion,539B,"Galesion, Mount: Saviour: was sent by <Lazaros 104> together with the other eunuchs to (the monastery of) the  Saviour",Specifies presence,,,,
Stephanos,144,229701,"Galesion, Mount: Resurrection",,,Lazaros of Galesion,539B,"Galesion, Mount: Resurrection: was not allowed by <Lazaros 104> to return to (the monastery of) the  Resurrection",Does not specify presence,,,,
Stephanos,144,229702,"Galesion, Mount: Resurrection",,,Lazaros of Galesion,539D,"Galesion, Mount: Resurrection: returned after the death of <Lazaros 104> to (the monastery of) the  Resurrection",Specifies presence,,,,
Stephanos,144,229779,Bessai (near Ephesos),,,Lazaros of Galesion,574A,Bessai (near Ephesos): was dissuaded by <Lazaros 104> from moving from the Saviour to Bessai (near Ephesos),Does not specify presence,,,,
Stephanos,113,417050,Serres (Macedonia),https://pleiades.stoa.org/places/501616,,Seals,,Serres: was metropolitan of Serres,Dignity,,,,
Stephanos,142,417029,Crete,https://pleiades.stoa.org/places/589748,,Seals,,Crete: was metropolitan of Crete,Dignity,,,,
Stephanos,142,419391,Crete,https://pleiades.stoa.org/places/589748,,Seals,,Crete: was metropolitan of Crete,Dignity,,,,
Stephanos,140,224829,Constantinople: Hagios Alexios,,,Synod of 1072,57.2-3,Constantinople: Hagios Alexios: attended the synod at the church of  Hagios Alexios,Specifies presence,,,,
Stephanos,158,434791,Constantinople: Hagia Sophia,https://pleiades.stoa.org/places/307220778,,Synodal edict (1054),166.11,Constantinople: Hagia Sophia: was oikonomos of Hagia Sophia,Dignity,,,,
Stephanos,102,246954,Damokrania: Archangel,,,Zonaras,17.20.17,Damokrania: Archangel: encountered <Konstantinos 9> at the church of the Archangel,Specifies presence,,,,
Stephanos,103,246981,Vaspurakan,,,Zonaras,17.25.16,Vaspurakan: was ruler of Vaspurakan,Dignity,,,,
Stephanos,103,246985,Vaspurakan,,,Zonaras,17.25.24,Vaspurakan: was general of Vaspurakan,Dignity,,,,
Sthlabotas,101,228025,Peteriskos (Bulgaria),,https://www.geonames.org/734679,Kekaumenos,218.19,Peteriskos (Bulgaria): was taken by Nikoulitzas (<Nikoulitzas 101>) to Peteriskos (Bulgaria),Specifies presence,,,,
Strategios,102,226006,Apros,https://pleiades.stoa.org/places/507367,,Alexios Stoudites,"Rhalles-Potles 5.24, 5.32",Apros: was archbishop of Apros,Dignity,,,,
Sulayman,5000,373113,Nicaea,https://pleiades.stoa.org/places/511268,,Anna Komnene,114.41,Nicaea: had his palace in Nicaea,Specifies presence near,,,,"Anna explicitly says Sulayman had his palace somewhere around Nicaea, and not in the city."
Sulayman,5000,433157,Damalis,https://pleiades.stoa.org/places/521001,,Anna Komnene,114.44,"Damalis: raided regularly as far as Damalis, near the City",Specifies presence near,,,,
Sulayman,5000,234821,Nicaea,https://pleiades.stoa.org/places/511268,,Attaleiates: History,266.19 / 191.14,Nicaea: went to see <Nikephoros 3> Botaneiates at Nicaea,Specifies presence,,,,
Sulayman,5000,234842,Chrysopolis (Bithynia),https://pleiades.stoa.org/places/520995,,Attaleiates: History,276.21 / 198.22,Chrysopolis (Bithynia): encamped with his troops at Chrysopolis (Bithynia),Specifies presence,,,,"Although Attaleiates does not mention this person by name here, this is an interpolation by PBW."
Symeon,104,431475,Jerusalem,https://pleiades.stoa.org/places/687928,,Albert of Aachen,I.3,Jerusalem: was patriarch of Jerusalem,Dignity,,,,"Symeon is not mentioned by name by Albert at all, it is added by the editor""Symeon II, the orthodox patriarch of Jerusalem, died 1099, p. 4, n. 5."
Symeon,104,431732,Cyprus,https://pleiades.stoa.org/places/707498,,Albert of Aachen,VI.39,Cyprus: died on Cyprus,Specifies presence,,,,
Symeon,119,225932,Philippopolis,https://pleiades.stoa.org/places/216927,,Alexios Stoudites,19.33,Philippopolis: was metropolitan of Philippopolis,Dignity,,,,
Symeon,119,225964,Philippopolis,https://pleiades.stoa.org/places/216927,,Alexios Stoudites,26.22,Philippopolis: was bishop of Philippopolis,Dignity,,,,
Symeon,118,433608,Alexandria,https://pleiades.stoa.org/places/727070,,Anna Komnene,181.27,Alexandria: came from Alexandria,?,,,,"It doesn't seem that Symeon came from Alexandria according to Anna. The Greek text says that there was Symeon Seth AND an Egyptian person named Alexandreos (or from Alexandria, but not necessarily). After all, we are almost certain that Seth was born in Antioch, not Alexandria."
Symeon,118,433611,Raidestos (Thrace),https://pleiades.stoa.org/places/511187,,Anna Komnene,182.36,Raidestos (Thrace): was exiled to Raidestos,?,,,,"It doesn't seem that this narrative is about Symeon Seth. The Greek text says that there was Symeon Seth AND an Egyptian person named Alexandreos (or from Alexandria, but not necessarily), who was exiled to Rhadeistos."
Symeon,117,224987,Kyzikos,https://pleiades.stoa.org/places/511218,,Chrysobull of 1079,31.5,Kyzikos: was metropolitan of Kyzikos,Dignity,,,,
Symeon,107,376158,Athos: Galeagra,https://pleiades.stoa.org/places/501365,,Esphigmenou,48.7-8,Athos: Galeagra: was hegoumenos of the monastery of Hagios Ioannes Prodromos and Baptist at  Galeagra,Dignity,,,,
Symeon,107,395347,Athos: Galeagra,https://pleiades.stoa.org/places/501365,,Panteleemon,55.8,Athos: Galeagra: was hegoumenos of the monastery of  Galeagra,Dignity,,,,
Symeon,107,376277,Athos: Galeagra,https://pleiades.stoa.org/places/501365,,Protaton,221190,Athos: Galeagra: was hegoumenos of the monastery of  Galeagra,Dignity,,,,
Symeon,104,417414,Jerusalem,https://pleiades.stoa.org/places/687928,,Seals,,Jerusalem: was patriarch of Jerusalem,Dignity,,,,
Symeon,116,224819,Constantinople: Hagios Alexios,,,Synod of 1072,57.2-3,Constantinople: Hagios Alexios: attended the synod at the church of  Hagios Alexios,Specifies presence,,,,
Symeon,116,224820,Pessinous (on Sangarios),https://pleiades.stoa.org/places/609500,,Synod of 1072,57.14,Pessinous (on Sangarios): was metropolitan of Pessinous (on Sangarios),Dignity,,,,
Symeon,103,225343,Constantinople: kyr Philotheou,,,Synod of 1094,220,Constantinople: kyr Philotheou: was a recluse at the monastery of  kyr Philotheou,Dignity,,,,
Symeon,104,225355,Jerusalem,https://pleiades.stoa.org/places/687928,,Synod of 1094,220,Jerusalem: was patriarch of Jerusalem,Dignity,,,,
Symeon,105,232985,Anaplous (on Bosporos),https://pleiades.stoa.org/places/520958,,"Theophylaktos of Ohrid, Letters",253.1,Anaplous (on Bosporos): was hegoumenos of the monastery of Anaplous (on Bosporos),Dignity,,,,
Symeon,107,395420,Athos: Galeagra,https://pleiades.stoa.org/places/501365,,Xeropotamou,50.45,Athos: Galeagra: was hegoumenos of  Galeagra,Dignity,,,,
Tatikios,61,433238,Achridos,,,Anna Komnene,126.16,Achridos: was leader of the Turkish forces from around Achridos,Dignity,,,,
Tatikios,61,433697,Nicaea,https://pleiades.stoa.org/places/511268,,Anna Komnene,189.61,Nicaea: was sent against <Abul-Kasim 15001> to Nicaea,Specifies presence near,,,,
Tatikios,61,433698,Basileia (Bithynia),,,Anna Komnene,189.71,Basileia (Bithynia): withdrew twelve stades from Nicaea and camped at Basileia,Specifies presence / Specifies presence near,,,,
Tatikios,61,433708,Prainetos (Bithynia),https://pleiades.stoa.org/places/511372,,Anna Komnene,189.84,"Prainetos (Bithynia): won a battle with a ""Keltish"" cavalry charge at Prainetos",Specifies presence,,,,
Tatikios,61,433838,Adrianople (Thrace),https://pleiades.stoa.org/places/5014275,,Anna Komnene,200.65,Adrianople (Thrace): was sent to recruit soldiers at Adrianople,Does not specify presence,,,,
Tatikios,61,433848,Philippopolis,https://pleiades.stoa.org/places/216927,,Anna Komnene,201.85,Philippopolis: his headquarters for this Pecheneg campaign was Philippoupolis,Specifies presence near,,,,
Tatikios,61,433847,Sidera (Haimos),,https://www.geonames.org/734313,Anna Komnene,202.23,Sidera (Haimos): failed to pursue the Pechenegs over the Sidera Pass,Does not specify presence,,,,
Tatikios,61,434513,Therma (Bulgaria),,,Anna Komnene,286.63,"Therma (Bulgaria): was sent, with <Kantakouzenos 101>, to Therma",Specifies presence,,,,
Tatous,101,433820,Dristra,https://pleiades.stoa.org/places/216800,,Anna Komnene,199.27,Dristra: was chieftain at Dristra,Dignity,,,,
Tatous,101,373114,Bitzina,,,Anna Komnene,199.28,"Bitzina: occupied various places near the Danube, including Bitzina",?,,,,"I don't see anywhere in the text that Tatous ""occupied Bitzina"". There were many chieftains and Tatous was only one of them, and no ""occupation"" of Bitzina is mentioned."
Tatous,101,234758,Dristra: Acropolis,,,Attaleiates: History,205.16 / 151.9,Dristra: Acropolis: was entrusted by the inhabitants of Dristra with the control of the  Acropolis,Specifies presence,J 1074,Other,"K&K, n. 249.",
Theodora,1,234433,Constantinople: Hagia Sophia,https://pleiades.stoa.org/places/307220778,,Attaleiates: History,16.17 / 13.16,Constantinople: Hagia Sophia: arrived from Petrion in order to take hold of power at  Hagia Sophia,Specifies presence,,,,
Theodora,1,234434,"Constantinople: Hagia Sophia, Patriarchal apartments",,,Attaleiates: History,16.18 / 13.17,"Constantinople: Hagia Sophia, Patriarchal apartments: spent the night forming a new government at  Hagia Sophia, Patriarchal apartments",Specifies presence,,,,
Theodora,1,234431,Constantinople: Petrion,,,Attaleiates: History,16.5-6 / 13.7,Constantinople: Petrion: lived for many years as a private individual (in a monastery?) at  Petrion,Specifies presence,,,,
Theodora,1,234432,Constantinople: Petrion,,,Attaleiates: History,16.5-6 / 13.7,Constantinople: Petrion: was brought by the crowd (protesting against her sister <Zoe 1>'s banishment) out of her residence at  Petrion,Specifies presence,,,,
Theodora,1,234439,Constantinople: Hagia Sophia,https://pleiades.stoa.org/places/307220778,,Attaleiates: History,17.24-18.1 / 14.16,Constantinople: Hagia Sophia: was proclaimed emperor after leaving the church of  Hagia Sophia,Specifies presence,"J 1041, April 20",Other,"K&K,  n. 35.",
Theodora,1,227382,Constantinople: Great Palace,,,Glykas,599.6,Constantinople: Great Palace: was hurried by her supporters to the  Great Palace,Specifies presence,,,,
Theodora,1,228410,Constantinople: Hagia Sophia,https://pleiades.stoa.org/places/307220778,,Kleinchroniken,166.12,Constantinople: Hagia Sophia: was crowned by <Alexios 11> in  Hagia Sophia,Specifies presence,,,,
Theodora,1,228411,Constantinople: Petrion,,,Kleinchroniken,166.12,Constantinople: Petrion: was a nun at  Petrion,Dignity,,,,
Theodora,1,230531,Constantinople: Mangana,,,Mauropous: Orations,37,Constantinople: Mangana: made a donation to Saint Georgios of  Mangana,Does not specify presence,,,,
Theodora,1,395529,"Nea Mone, Chios",,,"Nea Mone,",Miklosich-Müller 5.6,"Nea Mone, Chios: contributed to the growth of the monastery of Nea Mone, Chios",Does not specify presence,,,,
Theodora,1,248433,Constantinople: Great Palace,,,Psellos: Chronographia,II 4.9-10,Constantinople: Great Palace: was brought up and educated in  Palace,Specifies presence,,,,
Theodora,1,248511,Constantinople: Great Palace,,,Psellos: Chronographia,V 34.15,Constantinople: palace: by <Romanos 3> at <Zoe 1>'s instigation was removed from the palace,Specifies presence,,,,
Theodora,1,248510,Constantinople: Great Palace,,,Psellos: Chronographia,V 34.9,"Constantinople: palace: after <Zoe 1>, she enjoyed the splendour in the palace",Specifies presence,,,,
Theodora,1,248512,Constantinople: Hagia Sophia,https://pleiades.stoa.org/places/307220778,,Psellos: Chronographia,V 37.9-10,Constantinople: Hagia Sophia: was led by the people to  Hagia Sophia,Specifies presence,,,,
Theodora,1,248538,Constantinople: Hagia Sophia,https://pleiades.stoa.org/places/307220778,,Psellos: Chronographia,V 50.12-13; 51.3,Constantinople: Hagia Sophia: she was in  Hagia Sophia,Specifies presence,,,,
Theodora,1,248593,Constantinople: Great Palace,,,Psellos: Chronographia,VI 202.8,Constantinople: Great Palace: sailed to  Palace,Specifies presence,,,,
Theodora,1,248556,Constantinople: Hippodrome,https://pleiades.stoa.org/places/773739435,,Psellos: Chronographia,VI 61.6-10,Constantinople: Hippodrome: went in procession to  Hippodrome,Specifies presence,,,,
Theodora,1,248567,Constantinople: Chalke,,,Psellos: Chronographia,VI 88.1-6,Constantinople: Chalke: watched the triumph from the church of Christ at the Chalke,Specifies presence,,,,
Theodora,1,246893,Constantinople: Petrion,,,Zonaras,17.11.6,Constantinople: Petrion: was banished to  Petrion,Specifies presence,,,,
Theodora,1,246945,Constantinople: Hagia Sophia,https://pleiades.stoa.org/places/307220778,,Zonaras,17.19.16,Constantinople: Hagia Sophia : was led to  Hagia Sophia ,Specifies presence,,,,
Theodora,1,246952,Constantinople: Hagia Sophia,https://pleiades.stoa.org/places/307220778,,Zonaras,17.19.23,Constantinople: Hagia Sophia : was waiting in  Hagia Sophia ,Specifies presence,,,,
Theodora,1,246966,Constantinople: Chalke,,,Zonaras,17.22.19,Constantinople: Chalke: sat beside <Konstantinos 9> in the vestibule at the triumph [over <Georgios 62>]  Chalke (Church of the Saviour at ),Specifies presence,,,,
Theodora,1,246997,Constantinople: Great Palace,,,Zonaras,17.28.19,Constantinople: Great Palace: put in at  Great Palace,Specifies presence,,,,
Theodoros,178,225915,Chalcedon,https://pleiades.stoa.org/places/520988,,Alexios Stoudites,"19.15, Rhalles-Potles 5.24, 5.32",Chalcedon: was metropolitan of Chalcedon,Dignity,,,,
Theodoros,179,225941,Pompeioupolis (Paphlagonia),https://pleiades.stoa.org/places/845041,,Alexios Stoudites,"20.8, 27.4",Pompeioupolis (Paphlagonia): was metropolitan of Pompeioupolis (Paphlagonia),Dignity,,,,
Theodoros,181,226012,Kamachos (Anzitene),,,Alexios Stoudites,Rhalles-Potles 5.32,Kamachos (Anzitene): was metropolitan of Kamachos (Anzitene),Dignity,,,,
Theodoros,6003,434123,Trebizond,https://pleiades.stoa.org/places/857359,,Anna Komnene,255.23,Trebizond: attacked the Turks and captured Trebizond,Specifies presence,,,,
Theodoros,6003,434131,Trebizond,https://pleiades.stoa.org/places/857359,,Anna Komnene,255.23,Trebizond: became doux of Trebizond,Dignity,,,,
Theodoros,6003,434124,Chaldia,https://pleiades.stoa.org/places/857082,,Anna Komnene,255.24,Chaldia: was originally from Chaldia,Does not specify presence,,,,
Theodoros,6003,434150,Pharos (on Bosporos),,,Anna Komnene,256.62-74,Pharos (on Bosporos): persuaded <Anonymi 183> to allow <Gregorios 62> to accompany him as far as Pharos,Does not specify presence,,,,
Theodoros,6003,434149,Sosthenion (on Bosporos),https://pleiades.stoa.org/places/521070,,Anna Komnene,256.65,Sosthenion (on Bosporos): was accompanied by his son <Gregorios 62> as far as Sosthenion,Does not specify presence,,,,
Theodoros,6003,435372,Paipert,,https://www.geonames.org/750938,Anna Komnene,340.83,Paipert: at the time of the First Crusade captured Paipert,Specifies presence,,,,
Theodoros,176,254199,Sely(m)bria (Thrace),https://pleiades.stoa.org/places/511414,,Attaleiates: Diataxis,47487,Sely(m)bria (Thrace): was bequeathed by his father (<Michael 202>) rental properties at Sely(m)bria (Thrace),Does not specify presence,,,,
Theodoros,176,254200,Raidestos (Thrace),https://pleiades.stoa.org/places/511187,,Attaleiates: Diataxis,47488,Raidestos (Thrace): was bequeathed by his father (<Michael 202>) rental properties outside the western gate of Raidestos (Thrace),Does not specify presence,,,,
Theodoros,176,254203,Raidestos: Hagios Georgios,,,Attaleiates: Diataxis,47508,Raidestos: Hagios Georgios: was charistikarios together with his father (<Michael 202>) of the monastery of  Hagios Georgios,Does not specify presence,,,,
Theodoros,176,254204,Raidestos: Hagios Prokopios,,,Attaleiates: Diataxis,47.511-513,Raidestos: Hagios Prokopios: was charistikarios together with his father (<Michael 202>) of the nunnery of  Hagios Prokopios,Does not specify presence,,,,
Theodoros,175,224990,Amaseia,https://pleiades.stoa.org/places/857018,,Chrysobull of 1079,31.8,Amaseia: was metropolitan of Amaseia,Dignity,,,,
Theodoros,118,376058,Athos: Docheiariou,https://pleiades.stoa.org/places/501365,https://www.geonames.org/736414,Kastamonitou,29.24,"Athos, Mount: Docheiariou: was hegoumenos (?) of  Docheiariou",Dignity,,,,
Theodoros,114,228026,Peteriskos (Bulgaria),,https://www.geonames.org/734679,Kekaumenos,218.19,Peteriskos (Bulgaria): was taken by Nikoulitzas (<Nikoulitzas 101>) to Peteriskos (Bulgaria),Specifies presence,,,,
Theodoros,184,229616,Ephesos,https://pleiades.stoa.org/places/599612,,Lazaros of Galesion,"520A, 526A",Ephesos: was metropolitan of Ephesos,Dignity,,,,
Theodoros,184,229745,"Koumaron, Mount: Hagia Marina",,,Lazaros of Galesion,526A,"Koumaron, Mount: Hagia Marina: persuaded <Lazaros 104> to settle at  Hagia Marina",Does not specify presence,,,,
Theodoros,118,395345,Athos: Docheiariou,https://pleiades.stoa.org/places/501365,https://www.geonames.org/736414,Panteleemon,55.7,Athos: Docheiariou: was hegoumenos of the monastery of  Docheiariou,Dignity,,,,
Theodoros,101,341788,Patmos,https://pleiades.stoa.org/places/599872,,Patmos: Testament,82,Patmos: was forbidden by <Christodoulos 101> to introduce any of his relatives into the monastery on Patmos,Does not specify presence,J 1093 [TAQ],Aleksandar,,"This document was produced in 1093, March 10 and 15."
Theodoros,106,379820,Rhodes,https://pleiades.stoa.org/places/590031,,Psellos,"Letters (K - D) 50, 82.15",Rhodes: was originally from Rhodes,Does not specify presence,J 1060 [TPQ],Aleksandar,,The text even specifically states that Theodoros Alopos was born in Constantinople.
Theodoros,126,418845,Opsikion,,,Seals,,Opsikion: was strategos of Opsikion,Dignity,,,,
Theodoros,175,417334,Amaseia,https://pleiades.stoa.org/places/857018,,Seals,,Amaseia: was metropolitan of Amaseia,Dignity,,,,
Theodoros,111,225307,Cherson,https://pleiades.stoa.org/places/226564,,Synod of 1094,219,Cherson: was archbishop of Cherson,Dignity,,,,
Theodoros,118,395441,Athos: Docheiariou,https://pleiades.stoa.org/places/501365,https://www.geonames.org/736414,Xeropotamou,59.42,Athos: Docheiariou: was hegoumenos of the monastery of  Docheiariou,Dignity,,,,
Theodoros,105,247013,Hades (near Nicaea),https://pleiades.stoa.org/places/554174,,Zonaras,"18.2.19, 18.2.21",Hades (near Nicaea): joined battle at Hades (near Nicaea),Specifies presence,,,,
Theodosios,111,225984,Pharsalos (Greece),https://pleiades.stoa.org/places/541042,,Alexios Stoudites,27.15,Pharsalos (Greece): was archbishop of Pharsalos (Greece),Dignity,,,,
Theodosios,105,226474,Antioch (on the Orontes),https://pleiades.stoa.org/places/658381,,Boilas,39,Antioch (on the Orontes): served as patriarch of Antioch (on the Orontes),Dignity,,,,
Theodosios,105,417336,Antioch (on the Orontes),https://pleiades.stoa.org/places/658381,,Seals,,Antioch: was patriarch of Antioch,Dignity,,,,
Theodosios,105,416992,Antioch (on the Orontes),https://pleiades.stoa.org/places/658381,,Seals,,Antioch: was patriarch of Antioch,Dignity,,,,
Theodosios,105,416991,Antioch (on the Orontes),https://pleiades.stoa.org/places/658381,,Seals,,Antioch: was patriarch of Antioch,Dignity,,,,
Theodosios,105,419561,Antioch (on the Orontes),https://pleiades.stoa.org/places/658381,,Seals,,Antioch: was patriarch of Antioch,Dignity,,,,
Theodosios,105,419563,Antioch (on the Orontes),https://pleiades.stoa.org/places/658381,,Seals,,Antioch: was patriarch of Antioch,Dignity,,,,
Theodosios,105,418976,Antioch (on the Orontes),https://pleiades.stoa.org/places/658381,,Seals,,Antioch: was patriarch of Antioch,Dignity,,,,
Theodosios,110,224871,Constantinople: Hagios Alexios,,,Synod of 1072,57.2-3,Constantinople: Hagios Alexios: attended the synod at the church of  Hagios Alexios,Specifies presence,,,,
Theodosios,110,224872,Mistheia (on lake Pousgouse),https://pleiades.stoa.org/places/638997,,Synod of 1072,58.41,Mistheia (on lake Pousgouse): was archbishop of Mistheia (on lake Pousgouse),Dignity,,,,
Theodosios,107,376411,Athos: Thessalonikeos,https://pleiades.stoa.org/places/501365,,Vatopedi,101.45,"Athos, Mount: Thessalonikeos: was hegoumenos of Hagios Panteleemon of  Thessalonikeos",Dignity,,,,
Theodosios,107,395466,Athos: Thessalonikeos,https://pleiades.stoa.org/places/501365,,Xeropotamou,"63.11, 64.51",Athos: Thessalonikeos: was hegoumenos of the monastery of  Thessalonikeos,Dignity,,,,
Theodosios,107,395467,"Athos, Mount",https://pleiades.stoa.org/places/501365,,Xeropotamou,63.11,"Athos, Mount: was oikonomos of (the central administrtion of) Athos, Mount",Dignity,,,,
Theodosios,103,247001,Constantinople: Agora (Forum of Constantine?),,,Zonaras,18.1.10,Constantinople: Agora: went off through the Agora,Specifies presence,,,,
Theodosios,103,247002,Constantinople: Praitorion,,,Zonaras,18.1.11,Constantinople: Praitorion: came to and broke the bars of  Praitorion,Specifies presence,,,,
Theodosios,103,247003,Constantinople: Chalke,,,Zonaras,18.1.12,"Constantinople: Chalke: came to and broke the bars of  Great Palace, Chalke (prison)",Specifies presence,,,,
Theodosios,103,247004,Constantinople: Hagia Sophia,https://pleiades.stoa.org/places/307220778,,Zonaras,18.1.13,Constantinople: Hagia Sophia: turned towards and took refuge in  Hagia Sophia,Specifies presence,,,,
Theodoulos,110,225996,Neokaisareia,https://pleiades.stoa.org/places/614769,,Alexios Stoudites,42.14,Neokaisareia: was metropolitan of Neokaisareia,Dignity,,,,
Theodoulos,104,226470,Tantzouten (Mesopotamia),,,Boilas,"29.284, 36",Tantzouten (Mesopotamia): was a monk of the Theotokos at Tantzouten (Mesopotamia),Dignity,,,,
Theodoulos,104,226471,Cappadocia,,,Boilas,39,Cappadocia: was a native of Cappadocia,Specifies presence,,,,
Theodoulos,109,225016,Maroneia (Thrace),https://pleiades.stoa.org/places/501507,,Chrysobull of 1079,31.34,Maroneia (Thrace): was archbishop of Maroneia (Thrace),Dignity,,,,
Theodoulos,103,376243,Thessalonike,https://pleiades.stoa.org/places/491741,,Docheiariou,87.95,Thessalonike: was metropolitan of Thessalonike,Dignity,,,,
Theodoulos,103,376257,Thessalonike: Hagia Sophia,,https://www.geonames.org/6779077,Docheiariou,87.95,Thessalonike: Hagia Sophia: ordered that the original donation act and chrysobull pertaining to the proasteion of Rouseou be kept in the treasury of  Hagia Sophia,Does not specify presence,,,,
Theodoulos,103,419332,Thessalonike,https://pleiades.stoa.org/places/491741,,Seals,,Thessalonike: was metropolitan of Thessalonike,Dignity,,,,
Theodoulos,103,225263,Thessalonike,https://pleiades.stoa.org/places/491741,,Synod of 1094,218,Thessalonike: was metropolitan of Thessalonike,Dignity,,,,
Theodoulos,103,233002,Thessalonike,https://pleiades.stoa.org/places/491741,,"Theophylaktos of Ohrid, Letters",387.1,Thessalonike: was metropolitan of Thessalonike,Dignity,,,,
Theognostos,105,226003,Mokissos (Cappadocia),https://pleiades.stoa.org/places/619174,,Alexios Stoudites,"Rhalles-Potles 5.24, 5.32",Mokissos (Cappadocia): was metropolitan of Mokissos (Cappadocia),Dignity,,,,
Theoktistos,102,224841,Constantinople: Hagios Alexios,,,Synod of 1072,57.2-3,Constantinople: Hagios Alexios: attended the synod at the church of  Hagios Alexios,Specifies presence,,,,
Theoktistos,102,224842,Amorion,https://pleiades.stoa.org/places/609302,,Synod of 1072,57.25,Amorion: was metropolitan of Amorion,Dignity,,,,
Theopemptos,101,225998,Russia,,,Alexios Stoudites,42.19,Russia: was metropolitan of Russia,Dignity,,,,
Theopemptos,101,417283,Russia,,,Seals,,Russia: was metropolitan of Russia,Dignity,,,,
Theophanes,101,225921,Thessalonike,https://pleiades.stoa.org/places/491741,,Alexios Stoudites,19.22,Thessalonike: was metropolitan of Thessalonike,Dignity,,,,
Theophanes,101,225958,Thessalonike,https://pleiades.stoa.org/places/491741,,Alexios Stoudites,"26.13, 47, VV12.516",Thessalonike: was archbishop of Thessalonike,Dignity,,,,
Theophanes,107,226000,Neokaisareia,https://pleiades.stoa.org/places/614769,,Alexios Stoudites,Rhalles-Potles 5.24,Neokaisareia: was metropolitan of Neokaisareia,Dignity,,,,
Theophanes,105,224988,Nicaea,https://pleiades.stoa.org/places/511268,,Chrysobull of 1079,31.6,Nicaea: was metropolitan of Nicaea,Dignity,,,,
Theophanes,106,224989,Sebasteia (Cappadocia),https://pleiades.stoa.org/places/629075,,Chrysobull of 1079,31.7,Sebasteia (Cappadocia): was metropolitan of Sebasteia (Cappadocia),Dignity,,,,
Theophanes,106,444382,Sebasteia (Cappadocia),https://pleiades.stoa.org/places/629075,,Italos trial,"ll. 69, 153, 414",Sebasteia (Cappadocia): was metropolitan of Sebasteia (Cappadocia),Dignity,,,,
Theophanes,101,417127,Thessalonike,https://pleiades.stoa.org/places/491741,,Seals,,Thessalonike: was metropolitan of Thessalonike,Dignity,,,,
Theophanes,105,224811,Constantinople: Hagios Alexios,,,Synod of 1072,57.2-3,Constantinople: Hagios Alexios: attended the synod at the church of  Hagios Alexios,Specifies presence,,,,
Theophanes,105,224812,Nicaea,https://pleiades.stoa.org/places/511268,,Synod of 1072,57.10,Nicaea: was metropolitan of Nicaea,Dignity,,,,
Theophanes,106,224813,Sebasteia (Cappadocia),https://pleiades.stoa.org/places/629075,,Synod of 1072,57.11,Sebasteia (Cappadocia): was metropolitan of Sebasteia (Cappadocia),Dignity,,,,
Theophanes,106,224814,Constantinople: Hagios Alexios,,,Synod of 1072,57.2-3,Constantinople: Hagios Alexios: attended the synod at the church of  Hagios Alexios,Specifies presence,,,,
Theophilos,101,234708,Kotyaion (Phrygia),https://pleiades.stoa.org/places/609444,,Attaleiates: History,178.1 / 131.16-17,Kotyaion (Phrygia): was present when the order to blind <Romanos 4> was received and executed at Kotyaion (Phrygia),Specifies presence,"J 1072, June 29",Other,"K&K, n. 225",This person is not mentioned by name here.
Theophilos,103,234707,Kotyaion (Phrygia),https://pleiades.stoa.org/places/609444,,Attaleiates: History,178.1 / 131.16-17,Kotyaion (Phrygia): was present when the order to blind <Romanos 4> was received and executed at Kotyaion (Phrygia),Specifies presence,"J 1072, June 29",Other,"K&K, n. 225",This person is not mentioned by name here.
Theophilos,103,234704,Herakleia,https://pleiades.stoa.org/places/511333,,Attaleiates: History,178.2 / 131.17,Herakleia: was bishop of Herakleia,Dignity,,,,
Theophilos,103,224985,Herakleia,https://pleiades.stoa.org/places/511333,,Chrysobull of 1079,30.3,Herakleia: was metropolitan of Herakleia,Dignity,,,,
Theophilos,102,227366,Cyprus,https://pleiades.stoa.org/places/707498,,Glykas,594.20,Cyprus: served as strategos of Cyprus,Dignity,,,,
Theophilos,102,227367,Constantinople: Hippodrome,https://pleiades.stoa.org/places/773739435,,Glykas,595.1-2,Constantinople: Hippodrome: was paraded in women's clothes in the  Hippodrome,Specifies presence,,,,
Theophilos,103,444377,Herakleia (Thrace),https://pleiades.stoa.org/places/511333,,Italos trial,"ll. 3-4, 67, 152, 413",Herakleia (Thrace): was metropolitan of Herakleia,Dignity,,,,
Theophilos,103,224802,Constantinople: Hagios Alexios,,,Synod of 1072,57.2-3,Constantinople: Hagios Alexios: attended the synod at the church of  Hagios Alexios,Specifies presence,,,,
Theophilos,103,224803,Herakleia,https://pleiades.stoa.org/places/511333,,Synod of 1072,57.6,Herakleia: was metropolitan of Herakleia,Dignity,,,,
Theophilos,102,246968,Cyprus,https://pleiades.stoa.org/places/707498,,Zonaras,17.22.21,Cyprus: was governor of Cyprus,Dignity,,,,
Theophylaktos,111,226010,Neokaisareia,https://pleiades.stoa.org/places/614769,,Alexios Stoudites,Rhalles-Potles 5.32,Neokaisareia: was metropolitan of Neokaisareia,Dignity,,,,
Theophylaktos,105,434103,Bulgaria,,,Anna Komnene,252.16,Bulgaria: was archbishop of Bulgaria,Dignity,,,,
Theophylaktos,101,227329,Athens,https://pleiades.stoa.org/places/579885,,Glykas,583.19,Athens: hailed from Athens,Does not specify presence,,,,
Theophylaktos,102,417299,Antioch (on the Orontes),https://pleiades.stoa.org/places/658381,,Seals,,Antioch: was doux of Antioch,Dignity,,,,
Theophylaktos,102,417025,Vaspurakan,,,Seals,,Vaspurakan: was katepano of Vaspurakan,Dignity,,,,
Theophylaktos,105,417146,Bulgaria,,,Seals,,Bulgaria: was archbishop of Bulgaria,Dignity,,,,
Theophylaktos,110,224863,Rousion (Thrace),,,Synod of 1072,58.37,Rousion (Thrace): was archbishop of Rousion (Thrace),Dignity,,,,
Theophylaktos,110,224864,Constantinople: Hagios Alexios,,,Synod of 1072,57.2-3,Constantinople: Hagios Alexios: attended the synod at the church of  Hagios Alexios,Specifies presence,,,,
Theophylaktos,105,232945,Bulgaria,,,Synod of 1094,137.1,Bulgaria: was bishop (archbishop) of Bulgaria,Dignity,,,,
Theophylaktos,105,232946,Ohrid,https://pleiades.stoa.org/places/481900,,Synod of 1094,137.5,Ohrid: travelled to Constantinople from Ohrid,Specifies presence,,,,
Theophylaktos,105,232948,Nikomedeia,https://pleiades.stoa.org/places/511337,,Synod of 1094,137.19,Nikomedeia: visited Nikomedeia,Specifies presence,,,,
Theophylaktos,105,232953,Bulgaria,,,"Theophylaktos of Ohrid, Letters",141.58,Bulgaria: left for Bulgaria,Specifies presence,,,,
Theophylaktos,105,232954,Ohrid,https://pleiades.stoa.org/places/481900,,"Theophylaktos of Ohrid, Letters",147.2,Ohrid: missed Constantinople when he arrived at Ohrid,Specifies presence,,,,
Theophylaktos,105,232962,Pelagonia (Macedonia),https://pleiades.stoa.org/places/481953,,"Theophylaktos of Ohrid, Letters",187.19-20,Pelagonia (Macedonia): wrote a letter to <Ioannes 65> from Pelagonia (Macedonia),Specifies presence,J 1092,Editor,,
Theophylaktos,105,232978,Devol,,https://www.geonames.org/791497,"Theophylaktos of Ohrid, Letters","203.22, 205.35-37",Devol: paid a visit in order to find out about the state of the episcopal church at,Specifies presence,,,,
Theophylaktos,105,232979,Ohrid,https://pleiades.stoa.org/places/481900,,"Theophylaktos of Ohrid, Letters",209.8,Ohrid: requested the decrease of the number of soldiers supplied by the theme of Ohrid,Specifies presence,,,,
Theophylaktos,105,232980,Ekklesiai (on Vardar),,,"Theophylaktos of Ohrid, Letters",233.16,Ekklesiai (on Vardar): requested the mediation of <Gregorios 105> Kamateros in the affair of the tax assessment of the chorion of Ekklesiai (on Vardar),Does not specify presence,,,,
Theophylaktos,105,232981,Hagios Achilleios (Prespa),,,"Theophylaktos of Ohrid, Letters",235.35,Hagios Achilleios (Prespa): attended a synod at Hagios Achilleios (Prespa),Specifies presence,,,,
Theophylaktos,105,232984,Kanina (Albania),,https://www.geonames.org/3185265,"Theophylaktos of Ohrid, Letters",245.20,Kanina (Albania): planned to visit the region of Kanina (Albania),Does not specify presence,,,,
Theophylaktos,105,232987,Glabenitza (near Dristra),,,"Theophylaktos of Ohrid, Letters",295.8,Glabenitza (near Dristra): was attacked from Glabenitza (near Dristra),Does not specify presence,,,,
Theophylaktos,105,232988,Vidin (on Danube),https://pleiades.stoa.org/places/206975,,"Theophylaktos of Ohrid, Letters",295.8-9,Vidin (on Danube): was attacked from Vidin (on Danube),Does not specify presence,,,,
Theophylaktos,105,232989,Sthlanitza (Macedonia),,,"Theophylaktos of Ohrid, Letters",295.9,Sthlanitza (Macedonia): was attacked from Sthlanitza (Macedonia),Does not specify presence,,,,
Theophylaktos,105,232990,Ohrid,https://pleiades.stoa.org/places/481900,,"Theophylaktos of Ohrid, Letters",295.8,"Ohrid: was attacked from Glabenitza, Vidin and Sthlanitza while residing at Ohrid",Specifies presence,,,,
Theophylaktos,105,233000,Ohrid,https://pleiades.stoa.org/places/481900,,"Theophylaktos of Ohrid, Letters",369.2,Ohrid: sent a letter to <Gregorios 105> Kamateros from Ohrid,Specifies presence,,,,
Theophylaktos,105,233006,Prespa (Balkans),,,"Theophylaktos of Ohrid, Letters",415.17,Prespa (Balkans): travelled to the panegyris of St Achilleios at Prespa (Balkans),Specifies presence,,,,
Theophylaktos,105,233017,Ohrid,https://pleiades.stoa.org/places/481900,,"Theophylaktos of Ohrid, Letters",479.4,Ohrid: was forced by the taxman to flee from Ohrid,Specifies presence,,,,
Theophylaktos,105,233018,Pelagonia (Macedonia),https://pleiades.stoa.org/places/481953,,"Theophylaktos of Ohrid, Letters",479.6,Pelagonia (Macedonia): was forced by the taxman to flee from Ohrid and seek refuge in Pelagonia (Macedonia),Does not specify presence,,,,
Theophylaktos,105,233019,Pelagonia (Macedonia),https://pleiades.stoa.org/places/481953,,"Theophylaktos of Ohrid, Letters",487.55,Pelagonia (Macedonia): was taken seriously ill while at Pelagonia (Macedonia),Specifies presence,,,,
Theophylaktos,105,233026,Prespa (Balkans),,,"Theophylaktos of Ohrid, Letters",527.7,Prespa (Balkans): travelled for a synod to Prespa (Balkans),Specifies presence,,,,
Theophylaktos,105,233027,Thessalonike,https://pleiades.stoa.org/places/491741,,"Theophylaktos of Ohrid, Letters",535.11,Thessalonike: owned a small house in Thessalonike,Does not specify presence,,,,
Theophylaktos,105,233028,Ekklesiai (on Vardar),,,"Theophylaktos of Ohrid, Letters",535.15,Ekklesiai (on Vardar): requested the help of <Nikolaos 109> with the threatened chorion of Ekklesiai (on Vardar),Does not specify presence,,,,
Theophylaktos,105,233030,Thessalonike,https://pleiades.stoa.org/places/491741,,"Theophylaktos of Ohrid, Letters",555.24-25,Thessalonike: travelled (from Constantinople?) to Thessalonike,Specifies presence,,,,
Theophylaktos,105,233034,Ohrid,https://pleiades.stoa.org/places/481900,,"Theophylaktos of Ohrid, Letters",557.45,Ohrid: hired horses and left (Thessalonike) for Ohrid,Specifies presence,,,,
Theophylaktos,105,233037,Bulgaria,,,"Theophylaktos of Ohrid, Letters",583.7,Bulgaria: was archbishop of all Bulgaria,Dignity,,,,
Thomas,104,225005,Amorion,https://pleiades.stoa.org/places/609302,,Chrysobull of 1079,31.23,Amorion: was metropolitan of Amorion,Dignity,,,,
Tichomir,101,246932,Bulgaria,,,Zonaras,17.17.7,Bulgaria: was named king (tsar) of Bulgaria,Dignity,,,,
Tichomir,101,246931,Bulgaria,,,Zonaras,17.17.7,Born from a Bulgarian family,Does not specify presence,,,,
Traulos,101,433537,Paristrion,,,Anna Komnene,174.4,Paristrion: made a treaty with the Pechenegs of Paristrion,Does not specify presence,,,,
Traulos,101,433539,Dristra,https://pleiades.stoa.org/places/216800,,Anna Komnene,174.5,Dristra: won over the chiefs of the Pechenegs living around Dristra,Does not specify presence,,,,
Traulos,101,433529,Philippopolis,https://pleiades.stoa.org/places/216927,,Anna Komnene,174.97,Philippopolis: made regular raids as far as Philippoupolis,Specifies presence / Specifies presence near,,,,
Tughrul Beg,51,234467,Ganges,,https://www.geonames.org/1518649,Attaleiates: History,43.22 / 33.17,Ganges: crossed with his army into Persia at the narrowest point of the Ganges (Araxes?),Specifies presence,,,,
Tughrul Beg,51,234468,Persia,,,Attaleiates: History,44.5 / 33.21,Persia: crossed the Ganges and became ruler of Persia,Specifies presence,,,,
Tughrul Beg,51,234472,Mantzikert,,https://www.geonames.org/304916,Attaleiates: History,46.10 / 8,Mantzikert: attacked but failed to capture the city of Mantzikert,Specifies presence near,J 1054,Other,"K&K, n. 80.",
Tughrul Beg,51,246979,Araxes,https://pleiades.stoa.org/places/884118,,Zonaras,17.25.13,Araxes river: sent and destroyed the towers on the bridge of Araxes river,Does not specify presence,,,,
Tughrul Beg,51,246983,Pasar (Khurasan),,https://www.geonames.org/121343,Zonaras,17.25.21,Pasar (Khurasan): was occupied with the siege of Pasar (Khurasan),Specifies presence,,,,
Tughrul Beg,51,246977,Araxes,https://pleiades.stoa.org/places/884118,,Zonaras,17.25.6,Araxes river: was unable to cross Araxes river,Does not specify presence,,,,
Tyrach,101,246991,Danube,https://pleiades.stoa.org/places/226577,,Zonaras,17.26.12,Danube: crossed on foot the frozen Danube,Specifies presence,,,,
Tzachas,61,433881,Smyrna,https://pleiades.stoa.org/places/550893,,Anna Komnene,222.72,Smyrna: built a fleet near Smyrna,Specifies presence,,,,
Tzachas,61,433880,Phokaia,https://pleiades.stoa.org/places/550823,,Anna Komnene,222.75,"Phokaia: with his new fleet, stormed Phokaia",Specifies presence,,,,
Tzachas,61,434009,Chersonesos (Thrace),https://pleiades.stoa.org/places/501386,,Anna Komnene,241.74,Chersonesos (Thrace): planned to link with the Pechenegs at the Chersonesos,Does not specify presence,,,,
Tzachas,61,434181,Smyrna,https://pleiades.stoa.org/places/550893,,Anna Komnene,258.22,Smyrna: was trying to make an imperial city of Smyrna,Specifies presence,J 1091 [TAQ],Editor,,
Tzachas,61,434258,Abydos,https://pleiades.stoa.org/places/501325,,Anna Komnene,264.20,Abydos: made an attack by land on Abydos,Specifies presence / Specifies presence near,,,,
Tzachas,61,435350,Smyrna,https://pleiades.stoa.org/places/550893,,Anna Komnene,335.24,Smyrna: behaved as if he had personal possession of Smyrna,Specifies presence,,,,
Tzachas,61,443757,Adramyttion,https://pleiades.stoa.org/places/550403,,Anna Komnene,425.45-47,Adramyttion: reduced Adramyttion to rubble,Specifies presence,J 1091,Editor,,
Tzachas,61,227434,Chios,https://pleiades.stoa.org/places/550497,,Glykas,620.6,Chios: captured the island of Chios,Specifies presence / Specifies presence near,,,,
Tzachas,61,227435,Samos (Aegean),,,Glykas,620.7,Samos (Aegean): captured the island of Samos (Aegean),Specifies presence / Specifies presence near,,,,
Tzachas,61,227436,Rhodes,https://pleiades.stoa.org/places/590031,,Glykas,620.7,Rhodes: captured the island of Rhodes,Specifies presence / Specifies presence near,,,,
Tzachas,61,247187,Chios,https://pleiades.stoa.org/places/550497,,Zonaras,18.22.14,"Chios: anchored at, captured and built a fleet on Chios",Specifies presence,,,,
Tzachas,61,247188,Mitylene,https://pleiades.stoa.org/places/550763,,Zonaras,18.22.14,Mitylene: seized Mitylene,Specifies presence,,,,
Tzachas,61,247189,Samos (Aegean),,,Zonaras,18.22.14,Samos (Aegean): subjected to himself Samos (Aegean),Does not specify presence,,,,
Tzachas,61,247190,Rhodes,https://pleiades.stoa.org/places/590031,,Zonaras,18.22.14,Rhodes: subjected to himself Rhodes,Does not specify presence,,,,
Tzitas,101,435454,Pauraë,,,Anna Komnene,347.96,Pauraë: told the Lombard leaders how to escape to Pauraë (coast of Armeniakon),Specifies presence / Specifies presence near,"J 1101, August 5",Editor,,"terminus ante quem ""It was on Monday"""
Voislav,101,227969,Zeta (Dalmatia),,https://www.geonames.org/3186559,Kekaumenos,108.11,Zeta (Dalmatia): was toparches of the Dalmatian kastron of Zeta (Dalmatia),Dignity,,,,
Voislav,101,227970,Stamnos (Dalmatia),https://pleiades.stoa.org/places/197526,,Kekaumenos,108.12,Stamnos (Dalmatia): was toparches of the Dalmatian kastron of Stamnos (Dalmatia),Dignity,,,,
Voislav,101,246957,Illyricum,https://pleiades.stoa.org/places/481865,,Zonaras,17.20.7,Illyricum: was lurking in the mountains of of Illyricum,Specifies presence,,,,
Voislav,101,,,,,Zonaras,17.20.7,Constantinople: escaping from Constantinople,Specifies presence,,,,
Zepe,101,227980,Demetrias,https://pleiades.stoa.org/places/540730,,Kekaumenos,112.2,Demetrias: was sent to recapture the kastron of Demetrias,Does not specify presence,,,,
Zoe,1,234426,Constantinople: Great Palace,,,Attaleiates: History,10.16-17 / 9.1,Constantinople: Great Palace: returned from the northern part of the city to the   southern palace,Specifies presence,,,,
Zoe,1,234427,Princes' Islands: Prinkipo,,https://www.geonames.org/750249,Attaleiates: History,13.9-10 / 11.5-6,Princes' Islands: Prinkipo: was banished to  Prinkipo,Specifies presence,,,,
Zoe,1,227332,"Constantinople: Great Palace, Chrysotriklinos",,,Glykas,585.13,"Constantinople: Great Palace, Chrysotriklinos: presented <Michael 4> to the patriarch <Alexios 11> in the  Great Palace, Chrysotriklinos",Specifies presence,,,,
Zoe,1,227347,Princes' Islands: Prinkipo,,https://www.geonames.org/750249,Glykas,590.18,Princes' Islands: Prinkipo: was banished by <Michael 5> to  Prinkipo,Specifies presence,,,,
Zoe,1,227358,Mitylene,https://pleiades.stoa.org/places/550763,,Glykas,593.11,Mitylene: recalled the exiled Monomachos (<Konstantinos 9>) from Mitylene,Does not specify presence,,,,
Zoe,1,228405,Princes' Islands: Prinkipo,,https://www.geonames.org/750249,Kleinchroniken,166.12,Princes' Islands: Prinkipo: was banished by <Michael 5> to  Prinkipo,Specifies presence,,,,
Zoe,1,230530,Constantinople: Mangana,,,Mauropous: Orations,37,Constantinople: Mangana: made a donation to Hagios Georgios of  Mangana,Does not specify presence,,,,
Zoe,1,230534,Sosthenion (on Bosporos),https://pleiades.stoa.org/places/521070,,Mauropous: Orations,39,Sosthenion (on Bosporos): made several donations to the monastery of Saint Michael at Sosthenion (on Bosporos),Does not specify presence,,,,
Zoe,1,395528,"Nea Mone, Chios",,,"Nea Mone,",Miklosich-Müller 5.6,"Nea Mone, Chios: contributed to the growth of the monastery of Nea Mone, Chios",Does not specify presence,,,,
Zoe,1,379669,Princes' Islands: Prinkipo,,https://www.geonames.org/750249,Psellos,"Orationes panegyricae I, 196-198","Princes' Islands: Prinkipo: in the mind of <Konstantinos 9>, was always connected with  Prinkipo",Specifies presence,,,,
Zoe,1,248432,Constantinople: Great Palace,,,Psellos: Chronographia,4.9-10,Constantinople: Great Palace: was brought up and educated in  Palace,Specifies presence,,,,
Zoe,1,248493,Princes' Islands: Prinkipo,,https://www.geonames.org/750249,Psellos: Chronographia,21.11-12,Princes' Islands: Prinkipo: was put on by <Michael 5>  Prinkipo,Specifies presence,,,,
Zoe,1,248494,Constantinople: Great Palace,,,Psellos: Chronographia,22.3,Constantinople: palace: looked up at  palace,Specifies presence,,,,
Zoe,1,248495,Constantinople: Great Palace,,,Psellos: Chronographia,22.4,Constantinople: palace: made a sort of threnodic apostrophe to  palace,Specifies presence,,,,
Zoe,1,248448,Constantinople: Great Palace,,,Psellos: Chronographia,17.11,Constantinople: Great Palace: lived a soft life in  Palace,Specifies presence,,,,
Zoe,1,248490,Constantinople: Great Palace,,,Psellos: Chronographia,21.11,Constantinople: palace: was driven by <Michael 5> from  palace,Specifies presence,,,,
Zoe,1,248489,Constantinople: Great Palace,,,Psellos: Chronographia,17.13,"Constantinople: palace: by the wish of <Michael 5>, was to be driven from  palace",Specifies presence,,,,
Zoe,1,248506,Constantinople: Great Palace,,,Psellos: Chronographia,32.1-2,Constantinople: palace: was bought to  palace,Specifies presence,,,,
Zoe,1,248507,Constantinople: Hippodrome,https://pleiades.stoa.org/places/773739435,,Psellos: Chronographia,32.13,Constantinople: Hippodrome: was led up on high in  Hippodrome,Specifies presence,,,,
Zoe,1,248537,Constantinople: Great Palace,,,Psellos: Chronographia,50.12; 51.2,Constantinople: palace: she was in  palace,Specifies presence,,,,
Zoe,1,248475,Constantinople: Great Palace,,,Psellos: Chronographia,54.1,Constantinople: palace: returned to  palace,Specifies presence,,,,
Zoe,1,248555,Constantinople: Hippodrome,https://pleiades.stoa.org/places/773739435,,Psellos: Chronographia,61.6,Constantinople: Hippodrome: went in procession to  Hippodrome,Specifies presence,,,,
Zoe,1,248566,Constantinople: Chalke,,,Psellos: Chronographia,88.1-6,Constantinople: Chalke: watched the triumph from the church of Christ at the Chalke,Specifies presence,,,,
Zoe,1,246898,Constantinople: Petrion,,,Zonaras,17.12.7,Constantinople: Petrion: went to  Petrion,Specifies presence,,,,
Zoe,1,,,,,Zonaras,17.16.11,Constantinople: Blachernai: was brought forward and went within the sanctuary screen at Blachernai,Specifies presence,,,,
Zoe,1,246944,Constantinople: Hippodrome,https://pleiades.stoa.org/places/773739435,,Zonaras,17.19.13,Constantinople: Hippodrome: was set high up in  Hippodrome,Specifies presence,,,,
Zoe,1,246942,Princes' Islands: Prinkipo,,https://www.geonames.org/750249,Zonaras,17.19.3,Princes' Islands: Prinkipo: was confined on  Prinkipo,Specifies presence,,,,
Zoe,1,246967,Constantinople: Chalke,,,Zonaras,17.22.19,Constantinople: Chalke: sat beside <Konstantinos 9> in the vestibule at the triumph [over <Georgios 62>]  Chalke (Church of the Saviour at ),Specifies presence,,,,
